z_cm,S_mean
3.000000000000000076e-06,2.473414235179307837e-04
3.299429942994299472e-06,2.533695100388948869e-04
3.598859885988598867e-06,2.602117592379235545e-04
3.898289828982898263e-06,2.678355829564870241e-04
4.197719771977197659e-06,2.762083930360553167e-04
4.497149714971497054e-06,2.852976013180983988e-04
4.796579657965796450e-06,2.950706196440865624e-04
5.096009600960095846e-06,3.054948598554897742e-04
5.395439543954395241e-06,3.165377337937782176e-04
5.694869486948695484e-06,3.281666533004219135e-04
5.994299429942994033e-06,3.403490302168908827e-04
6.293729372937293428e-06,3.530522763846552546e-04
6.593159315931593671e-06,3.662438036451851585e-04
6.892589258925893067e-06,3.798910238399506151e-04
7.192019201920192463e-06,3.939613488104218081e-04
7.491449144914491858e-06,4.084221903980686497e-04
7.790879087908792101e-06,4.232409604443614320e-04
8.090309030903089803e-06,4.383850707907699590e-04
8.389738973897390892e-06,4.538219332787647394e-04
8.689168916891688594e-06,4.695189597498153605e-04
8.988598859885989684e-06,4.854435620453923309e-04
9.288028802880287385e-06,5.024934460053503971e-04
9.587458745874588475e-06,5.216000453689803758e-04
9.886888688868887871e-06,5.425529713913068751e-04
1.018631863186318727e-05,5.651403343802193684e-04
1.048574857485748666e-05,5.891502446436068952e-04
1.078517851785178606e-05,6.143708124893586036e-04
1.108460846084608545e-05,6.405901482253636417e-04
1.138403840384038485e-05,6.675963621595110489e-04
1.168346834683468424e-05,6.951775645996898650e-04
1.198289828982898364e-05,7.231218658537894549e-04
1.228232823282328304e-05,7.512173762296987497e-04
1.258175817581758243e-05,7.792522060353068974e-04
1.288118811881188183e-05,8.070144655785028293e-04
1.318061806180618122e-05,8.342922651671762354e-04
1.348004800480048062e-05,8.608737151092156134e-04
1.377947794779478171e-05,8.865469257125103281e-04
1.407890789078907941e-05,9.111000072849494190e-04
1.437833783378337881e-05,9.343210701344222512e-04
1.467776777677767820e-05,9.559982245688177557e-04
1.497719771977197760e-05,9.759195808960247553e-04
1.527662766276627869e-05,9.947892334303978876e-04
1.557605760576057639e-05,1.013706508065457179e-03
1.587548754875487748e-05,1.032606624346028585e-03
1.617491749174917518e-05,1.051418714352882981e-03
1.647434743474347627e-05,1.070071910166791023e-03
1.677377737773777397e-05,1.088495343868523153e-03
1.707320732073207167e-05,1.106618147538851113e-03
1.737263726372637615e-05,1.124369453258545343e-03
1.767206720672067385e-05,1.141678393108376283e-03
1.797149714971497155e-05,1.158474099169114592e-03
1.827092709270926926e-05,1.174685703521531361e-03
1.857035703570357373e-05,1.190242338246397897e-03
1.886978697869787144e-05,1.205073135424483775e-03
1.916921692169216914e-05,1.219107227136560735e-03
1.946864686468647361e-05,1.232273745463399435e-03
1.976807680768077132e-05,1.244501822485770317e-03
2.006750675067506902e-05,1.255720590284444254e-03
2.036693669366936672e-05,1.265859180940192338e-03
2.066636663666366442e-05,1.274846726533784792e-03
2.096579657965796890e-05,1.282612359145993142e-03
2.126522652265226660e-05,1.289584988670747136e-03
2.156465646564656430e-05,1.296483316849363120e-03
2.186408640864086200e-05,1.303284647788836717e-03
2.216351635163516648e-05,1.309958060916902554e-03
2.246294629462946418e-05,1.316472635661295907e-03
2.276237623762376189e-05,1.322797451449752052e-03
2.306180618061806636e-05,1.328901587710006266e-03
2.336123612361236406e-05,1.334754123869793824e-03
2.366066606660666177e-05,1.340324139356850004e-03
2.396009600960095947e-05,1.345580713598909647e-03
2.425952595259526395e-05,1.350492926023708247e-03
2.455895589558956165e-05,1.355029856058981514e-03
2.485838583858385935e-05,1.359160583132463422e-03
2.515781578157815705e-05,1.362854186671890334e-03
2.545724572457245475e-05,1.366079746104996656e-03
2.575667566756675923e-05,1.368806340859518317e-03
2.605610561056105693e-05,1.371003050363189943e-03
2.635553555355535463e-05,1.372638954043747458e-03
2.665496549654965233e-05,1.373683131328925274e-03
2.695439543954395681e-05,1.374104661646459100e-03
2.725382538253825451e-05,1.374051148968298466e-03
2.755325532553255899e-05,1.373831798021530855e-03
2.785268526852684992e-05,1.373469658909721265e-03
2.815211521152115440e-05,1.372982205892675544e-03
2.845154515451545210e-05,1.372386913230198239e-03
2.875097509750975657e-05,1.371701255182095200e-03
2.905040504050405428e-05,1.370942706008171407e-03
2.934983498349835198e-05,1.370128739968232059e-03
2.964926492649264968e-05,1.369276831322082137e-03
2.994869486948695416e-05,1.368404454329527056e-03
3.024812481248125186e-05,1.367529083250372448e-03
3.054755475547554956e-05,1.366668192344422860e-03
3.084698469846984726e-05,1.365839255871484142e-03
3.114641464146414496e-05,1.365059748091360841e-03
3.144584458445844944e-05,1.364347143263858805e-03
3.174527452745274714e-05,1.363718915648783015e-03
3.204470447044705162e-05,1.363192539505938454e-03
3.234413441344134255e-05,1.362785489095130536e-03
3.264356435643564702e-05,1.362515238676164676e-03
3.294299429942994473e-05,1.362399262508845639e-03
3.324242424242424920e-05,1.362436564159238278e-03
3.354185418541854013e-05,1.362591305033716838e-03
3.384128412841283783e-05,1.362849984895966177e-03
3.414071407140714231e-05,1.363199942802523386e-03
3.444014401440144001e-05,1.363628517809924905e-03
3.473957395739574449e-05,1.364123048974707174e-03
3.503900390039003541e-05,1.364670875353406849e-03
3.533843384338433989e-05,1.365259336002560804e-03
3.563786378637863759e-05,1.365875769978705263e-03
3.593729372937294207e-05,1.366507516338377097e-03
3.623672367236723977e-05,1.367141914138112965e-03
3.653615361536153747e-05,1.367766302434449306e-03
3.683558355835583518e-05,1.368368020283923210e-03
3.713501350135013965e-05,1.368934406743070684e-03
3.743444344434443736e-05,1.369452800868428601e-03
3.773387338733873506e-05,1.369910541716533618e-03
3.803330333033303276e-05,1.370294968343922608e-03
3.833273327332733046e-05,1.370593419807131577e-03
3.863216321632163494e-05,1.370793235162697833e-03
3.893159315931593264e-05,1.370881753467157382e-03
3.923102310231023034e-05,1.370832057203315866e-03
3.953045304530452804e-05,1.370615253514277220e-03
3.982988298829883252e-05,1.370248058457864543e-03
4.012931293129313022e-05,1.369748706827496982e-03
4.042874287428743470e-05,1.369135433416595205e-03
4.072817281728172563e-05,1.368426473018578794e-03
4.102760276027603010e-05,1.367640060426867765e-03
4.132703270327032781e-05,1.366794430434882350e-03
4.162646264626463228e-05,1.365907817836041916e-03
4.192589258925892998e-05,1.364998457423766912e-03
4.222532253225322769e-05,1.364084583991477355e-03
4.252475247524752539e-05,1.363184432332592826e-03
4.282418241824182309e-05,1.362316237240533343e-03
4.312361236123612757e-05,1.361498233508719137e-03
4.342304230423042527e-05,1.360748655930569791e-03
4.372247224722472297e-05,1.360085739299505755e-03
4.402190219021902067e-05,1.359527718408946612e-03
4.432133213321332515e-05,1.359092828052312161e-03
4.462076207620762285e-05,1.358799303023022851e-03
4.492019201920192055e-05,1.358665378114498265e-03
4.521962196219621826e-05,1.358664451316799349e-03
4.551905190519052273e-05,1.358688646356043164e-03
4.581848184818482043e-05,1.358730189421660049e-03
4.611791179117912491e-05,1.358786986750157343e-03
4.641734173417341584e-05,1.358856944578042385e-03
4.671677167716772032e-05,1.358937969141822948e-03
4.701620162016201802e-05,1.359027966678005720e-03
4.731563156315631572e-05,1.359124843423098689e-03
4.761506150615062020e-05,1.359226505613609194e-03
4.791449144914491112e-05,1.359330859486044358e-03
4.821392139213921560e-05,1.359435811276912169e-03
4.851335133513351330e-05,1.359539267222719099e-03
4.881278127812781778e-05,1.359639133559973571e-03
4.911221122112211548e-05,1.359733316525182055e-03
4.941164116411641318e-05,1.359819722354852758e-03
4.971107110711071088e-05,1.359896257285492802e-03
5.001050105010500859e-05,1.359960827553609308e-03
5.030993099309930629e-05,1.360011339395710049e-03
5.060936093609361077e-05,1.360045699048302364e-03
5.090879087908790847e-05,1.360061812747893591e-03
5.120822082208221295e-05,1.359932465817131507e-03
5.150765076507651065e-05,1.359308324281028072e-03
5.180708070807080835e-05,1.358206692730647407e-03
5.210651065106511283e-05,1.356669565677478834e-03
5.240594059405941053e-05,1.354738937633010809e-03
5.270537053705370145e-05,1.352456803108733089e-03
5.300480048004800593e-05,1.349865156616134130e-03
5.330423042304230363e-05,1.347005992666703037e-03
5.360366036603660133e-05,1.343921305771929352e-03
5.390309030903090581e-05,1.340653090443301530e-03
5.420252025202520351e-05,1.337243341192308893e-03
5.450195019501950799e-05,1.333734052530440766e-03
5.480138013801380569e-05,1.330167218969185820e-03
5.510081008100811017e-05,1.326584835020033163e-03
5.540024002400240787e-05,1.323028895194472117e-03
5.569966996699669880e-05,1.319541394003991572e-03
5.599909990999099650e-05,1.316164325960080417e-03
5.629852985298530098e-05,1.312939685574227976e-03
5.659795979597959868e-05,1.309909467357923138e-03
5.689738973897390316e-05,1.307115665822655010e-03
5.719681968196820086e-05,1.304547298006108157e-03
5.749624962496249856e-05,1.302046052585367764e-03
5.779567956795680304e-05,1.299591440058677980e-03
5.809510951095110074e-05,1.297176410123136335e-03
5.839453945394539167e-05,1.294793912475841226e-03
5.869396939693968937e-05,1.292436896813889532e-03
5.899339933993399384e-05,1.290098312834379434e-03
5.929282928292829155e-05,1.287771110234408678e-03
5.959225922592259602e-05,1.285448238711074795e-03
5.989168916891689373e-05,1.283122647961475746e-03
6.019111911191119820e-05,1.280787287682709063e-03
6.049054905490549591e-05,1.278435107571872708e-03
6.078997899789979361e-05,1.276059057326064646e-03
6.108940894089409808e-05,1.273652086642381972e-03
6.138883888388839579e-05,1.271207145217922866e-03
6.168826882688269349e-05,1.268717182749785075e-03
6.198769876987699119e-05,1.266175148935066129e-03
6.228712871287128889e-05,1.263573993470863991e-03
6.258655865586558659e-05,1.260906666054276409e-03
6.288598859885989785e-05,1.258166116382400694e-03
6.318541854185419555e-05,1.255291082613293552e-03
6.348484848484849325e-05,1.252091085547911518e-03
6.378427842784279095e-05,1.248593546025248552e-03
6.408370837083708865e-05,1.244847742577781264e-03
6.438313831383138636e-05,1.240902953737985396e-03
6.468256825682568406e-05,1.236808458038337125e-03
6.498199819981999531e-05,1.232613534011312842e-03
6.528142814281429301e-05,1.228367460189389157e-03
6.558085808580859071e-05,1.224119515105041378e-03
6.588028802880288842e-05,1.219918977290746550e-03
6.617971797179718612e-05,1.215815125278980197e-03
6.647914791479149737e-05,1.211857237602218928e-03
6.677857785778579507e-05,1.208094592792939136e-03
6.707800780078007922e-05,1.204576469383616781e-03
6.737743774377439048e-05,1.201352145906727821e-03
6.767686768676868818e-05,1.198470900894748649e-03
6.797629762976298588e-05,1.195982012880155440e-03
6.827572757275728358e-05,1.193934760395424588e-03
6.857515751575158128e-05,1.192378421973032052e-03
6.887458745874589254e-05,1.191362276145454006e-03
6.917401740174019024e-05,1.190834059820811055e-03
6.947344734473448794e-05,1.190375749814541646e-03
6.977287728772877209e-05,1.189936590373354315e-03
7.007230723072308334e-05,1.189517141400756300e-03
7.037173717371738104e-05,1.189117962800254405e-03
7.067116711671167875e-05,1.188739614475355652e-03
7.097059705970597645e-05,1.188382656329566847e-03
7.127002700270028770e-05,1.188047648266395227e-03
7.156945694569458540e-05,1.187735150189347597e-03
7.186888688868888311e-05,1.187445722001930978e-03
7.216831683168318081e-05,1.187179923607652177e-03
7.246774677467747851e-05,1.186938314910018430e-03
7.276717671767177621e-05,1.186721455812536543e-03
7.306660666066607391e-05,1.186529906218713754e-03
7.336603660366037161e-05,1.186364226032056435e-03
7.366546654665466932e-05,1.186224975156072040e-03
7.396489648964898057e-05,1.186112713494267808e-03
7.426432643264327827e-05,1.186028000950149893e-03
7.456375637563757597e-05,1.185971397427225968e-03
7.486318631863187367e-05,1.185943462829002404e-03
7.516261626162617138e-05,1.185967129325438607e-03
7.546204620462046908e-05,1.186149657336239100e-03
7.576147614761476678e-05,1.186490910588118260e-03
7.606090609060906448e-05,1.186974320999192867e-03
7.636033603360337573e-05,1.187583320487581003e-03
7.665976597659767344e-05,1.188301340971398799e-03
7.695919591959197114e-05,1.189111814368764338e-03
7.725862586258626884e-05,1.189998172597794618e-03
7.755805580558056654e-05,1.190943847576606636e-03
7.785748574857487780e-05,1.191932271223317824e-03
7.815691569156917550e-05,1.192946875456045398e-03
7.845634563456345965e-05,1.193971092192906572e-03
7.875577557755775735e-05,1.194988353352018562e-03
7.905520552055206860e-05,1.195982090851498798e-03
7.935463546354636630e-05,1.196935736609464280e-03
7.965406540654066401e-05,1.197832722544032221e-03
7.995349534953496171e-05,1.198656480573320054e-03
8.025292529252927296e-05,1.199390442615444995e-03
8.055235523552357066e-05,1.200018040588524040e-03
8.085178517851786836e-05,1.200522706410674621e-03
8.115121512151215251e-05,1.200907004420315866e-03
8.145064506450646377e-05,1.201272461754446502e-03
8.175007500750076147e-05,1.201635045270557211e-03
8.204950495049505917e-05,1.201992943704017526e-03
8.234893489348935687e-05,1.202344345790196545e-03
8.264836483648365457e-05,1.202687440264464452e-03
8.294779477947796583e-05,1.203020415862189477e-03
8.324722472247226353e-05,1.203341461318741803e-03
8.354665466546656123e-05,1.203648765369490746e-03
8.384608460846085893e-05,1.203940516749805404e-03
8.414551455145515663e-05,1.204214904195055743e-03
8.444494449444945434e-05,1.204470116440610429e-03
8.474437443744375204e-05,1.204704342221839426e-03
8.504380438043804974e-05,1.204915770274111834e-03
8.534323432343236099e-05,1.205102589332797403e-03
8.564266426642665870e-05,1.205262988133265446e-03
8.594209420942095640e-05,1.205395155410884846e-03
8.624152415241525410e-05,1.205497279901025353e-03
8.654095409540955180e-05,1.205567550339056715e-03
8.684038403840384950e-05,1.205604155460348031e-03
8.713981398139814720e-05,1.205540004202474043e-03
8.743924392439244490e-05,1.204948582345632827e-03
8.773867386738674261e-05,1.203806106805183811e-03
8.803810381038105386e-05,1.202177012446532973e-03
8.833753375337535156e-05,1.200125734135085859e-03
8.863696369636964926e-05,1.197716706736249312e-03
8.893639363936394697e-05,1.195014365115428879e-03
8.923582358235825822e-05,1.192083144138030753e-03
8.953525352535255592e-05,1.188987478669460912e-03
8.983468346834684007e-05,1.185791803575125987e-03
9.013411341134113777e-05,1.182560553720431520e-03
9.043354335433544903e-05,1.179358163970783274e-03
9.073297329732974673e-05,1.176249069191587877e-03
9.103240324032404443e-05,1.173297704248251307e-03
9.133183318331834213e-05,1.170568504006179325e-03
9.163126312631263983e-05,1.168125903330778344e-03
9.193069306930695109e-05,1.166034337087454341e-03
9.223012301230124879e-05,1.164358240141613512e-03
9.252955295529553294e-05,1.163162047358661617e-03
9.282898289828983064e-05,1.162510193604005069e-03
9.312841284128414189e-05,1.162420760258767562e-03
9.342784278427843959e-05,1.162555930548134870e-03
9.372727272727273730e-05,1.162823573265422223e-03
9.402670267026703500e-05,1.163209496236832560e-03
9.432613261326134625e-05,1.163699507288568601e-03
9.462556255625564395e-05,1.164279414246833285e-03
9.492499249924994166e-05,1.164935024937829335e-03
9.522442244224423936e-05,1.165652147187759688e-03
9.552385238523853706e-05,1.166416588822826849e-03
9.582328232823283476e-05,1.167214157669233757e-03
9.612271227122713246e-05,1.168030661553183568e-03
9.642214221422143016e-05,1.168851908300878786e-03
9.672157215721572786e-05,1.169663705738522132e-03
9.702100210021002557e-05,1.170451861692316979e-03
9.732043204320432327e-05,1.171202183988465399e-03
9.761986198619862097e-05,1.171900480453170763e-03
9.791929192919293222e-05,1.172532558912635792e-03
9.821872187218722993e-05,1.173084227193062993e-03
9.851815181518152763e-05,1.173541293120655520e-03
9.881758175817582533e-05,1.173889564521616094e-03
9.911701170117012303e-05,1.174124766811101292e-03
9.941644164416443428e-05,1.174332922376756724e-03
9.971587158715873199e-05,1.174536596249628776e-03
1.000153015301530297e-04,1.174735084069283321e-03
1.003147314731473274e-04,1.174927681475284929e-03
1.006141614161416251e-04,1.175113684107199474e-03
1.009135913591359363e-04,1.175292387604591742e-03
1.012130213021302340e-04,1.175463087607027390e-03
1.015124512451245317e-04,1.175625079754071423e-03
1.018118811881188294e-04,1.175777659685289279e-03
1.021113111311131272e-04,1.175920123040246181e-03
1.024107410741074113e-04,1.176051765458507132e-03
1.027101710171017090e-04,1.176171882579638006e-03
1.030096009600960203e-04,1.176279770043203591e-03
1.033090309030903180e-04,1.176374723488769324e-03
1.036084608460846157e-04,1.176456038555900212e-03
1.039078907890789134e-04,1.176523010884161910e-03
1.042073207320732111e-04,1.176574936113119422e-03
1.045067506750675223e-04,1.176611109882337971e-03
1.048061806180618200e-04,1.176630827831382778e-03
1.051056105610561177e-04,1.176554053980413033e-03
1.054050405040504154e-04,1.175491235766683816e-03
1.057044704470447131e-04,1.173296608855527298e-03
1.060039003900390244e-04,1.170100771591264062e-03
1.063033303330333221e-04,1.166034322318215992e-03
1.066027602760276198e-04,1.161227859380703454e-03
1.069021902190219175e-04,1.155811981123047900e-03
1.072016201620162287e-04,1.149917285889569697e-03
1.075010501050105264e-04,1.143674372024590727e-03
1.078004800480048241e-04,1.137213837872431358e-03
1.080999099909991083e-04,1.130666281777413474e-03
1.083993399339934060e-04,1.124162302083856792e-03
1.086987698769877037e-04,1.117832497136082978e-03
1.089981998199820014e-04,1.111807465278413050e-03
1.092976297629762991e-04,1.106217804855167807e-03
1.095970597059706103e-04,1.101194114210668484e-03
1.098964896489649081e-04,1.096866991689236098e-03
1.101959195919592058e-04,1.093367035635191666e-03
1.104953495349535035e-04,1.090824844392855987e-03
1.107947794779478147e-04,1.089371016306550297e-03
1.110942094209421124e-04,1.089132198140258575e-03
1.113936393639364101e-04,1.090108142216251802e-03
1.116930693069307078e-04,1.092174823618951044e-03
1.119924992499250055e-04,1.095206933743308412e-03
1.122919291929193168e-04,1.099079163984275362e-03
1.125913591359136145e-04,1.103666205736804221e-03
1.128907890789079122e-04,1.108842750395846880e-03
1.131902190219022099e-04,1.114483489356355014e-03
1.134896489648965076e-04,1.120463114013280732e-03
1.137890789078907917e-04,1.126656315761575709e-03
1.140885088508850894e-04,1.132937785996192270e-03
1.143879387938793871e-04,1.139182216112082308e-03
1.146873687368736984e-04,1.145264297504197714e-03
1.149867986798679961e-04,1.151058721567490379e-03
1.152862286228622938e-04,1.156440179696911980e-03
1.155856585658565915e-04,1.161283363287414841e-03
1.158850885088509027e-04,1.165462963733950637e-03
1.161845184518452004e-04,1.168853672431471261e-03
1.164839483948394981e-04,1.171330180774929038e-03
1.167833783378337958e-04,1.172767180159275426e-03
1.170828082808280935e-04,1.173063239469483970e-03
1.173822382238224048e-04,1.172581783627695516e-03
1.176816681668167025e-04,1.171534349943273478e-03
1.179810981098110002e-04,1.169985654087492190e-03
1.182805280528052979e-04,1.168000411731626425e-03
1.185799579957995956e-04,1.165643338546950300e-03
1.188793879387939069e-04,1.162979150204738804e-03
1.191788178817882046e-04,1.160072562376266271e-03
1.194782478247824887e-04,1.156988290732807474e-03
1.197776777677767864e-04,1.153791050945636963e-03
1.200771077107710841e-04,1.150545558686029077e-03
1.203765376537653818e-04,1.147316529625258368e-03
1.206759675967596795e-04,1.144168679434599389e-03
1.209753975397539908e-04,1.141166723785326693e-03
1.212748274827482885e-04,1.138375378348715052e-03
1.215742574257425862e-04,1.135859358796039017e-03
1.218736873687368839e-04,1.133683380798572709e-03
1.221731173117311816e-04,1.131912160027591114e-03
1.224725472547254928e-04,1.130610412154368786e-03
1.227719771977197770e-04,1.129842852850179843e-03
1.230714071407140882e-04,1.129655636986179974e-03
1.233708370837083724e-04,1.129652016254352334e-03
1.236702670267026836e-04,1.129648926174279438e-03
1.239696969696969949e-04,1.129646306317986810e-03
1.242691269126912790e-04,1.129644096257500846e-03
1.245685568556855903e-04,1.129642235564846638e-03
1.248679867986798744e-04,1.129640663812050364e-03
1.251674167416741586e-04,1.129639320571137334e-03
1.254668466846684699e-04,1.129638145414133725e-03
1.257662766276627540e-04,1.129637077913064631e-03
1.260657065706570653e-04,1.129636057639956444e-03
1.263651365136513494e-04,1.129635024166834260e-03
1.266645664566456607e-04,1.129633917065724037e-03
1.269639963996399719e-04,1.129632675908651736e-03
1.272634263426342561e-04,1.129631240267642668e-03
1.275628562856285673e-04,1.129629549714722793e-03
1.278622862286228515e-04,1.129627543821918071e-03
1.281617161716171627e-04,1.129625162161253162e-03
1.284611461146114740e-04,1.129622344304754894e-03
1.287605760576057581e-04,1.129619029824448576e-03
1.290600060006000694e-04,1.129605374197168799e-03
1.293594359435943535e-04,1.129271407028416014e-03
1.296588658865886648e-04,1.128505172731569415e-03
1.299582958295829760e-04,1.127355711664406466e-03
1.302577257725772602e-04,1.125872064184705711e-03
1.305571557155715714e-04,1.124103270650244181e-03
1.308565856585658556e-04,1.122098371418800205e-03
1.311560156015601397e-04,1.119906406848152113e-03
1.314554455445544510e-04,1.117576417296076499e-03
1.317548754875487622e-04,1.115157443120352344e-03
1.320543054305430464e-04,1.112698524678757761e-03
1.323537353735373576e-04,1.110248702329069345e-03
1.326531653165316418e-04,1.107857016429066293e-03
1.329525952595259530e-04,1.105572507336525850e-03
1.332520252025202643e-04,1.103444215409225696e-03
1.335514551455145485e-04,1.101521181004943943e-03
1.338508850885088597e-04,1.099852444481458922e-03
1.341503150315031439e-04,1.098487046196547660e-03
1.344497449744974551e-04,1.097474026507988705e-03
1.347491749174917664e-04,1.096862425773559736e-03
1.350486048604860505e-04,1.096702564474715414e-03
1.353480348034803618e-04,1.097080873449381242e-03
1.356474647464746459e-04,1.097984774868822301e-03
1.359468946894689572e-04,1.099354924773327229e-03
1.362463246324632684e-04,1.101131979203185101e-03
1.365457545754575255e-04,1.103256594198684772e-03
1.368451845184518367e-04,1.105669425800115966e-03
1.371446144614461480e-04,1.108311130047767105e-03
1.374440444044404321e-04,1.111122362981926829e-03
1.377434743474347434e-04,1.114043780642885294e-03
1.380429042904290275e-04,1.117016039070930274e-03
1.383423342334233388e-04,1.119979794306351709e-03
1.386417641764176500e-04,1.122875702389438237e-03
1.389411941194119342e-04,1.125644419360478498e-03
1.392406240624062454e-04,1.128226601259762216e-03
1.395400540054005567e-04,1.130562904127578030e-03
1.398394839483948408e-04,1.132593984004214797e-03
1.401389138913891521e-04,1.134260496929961805e-03
1.404383438343834362e-04,1.135503098945107913e-03
1.407377737773777475e-04,1.136262446089942191e-03
1.410372037203720588e-04,1.136478783107619994e-03
1.413366336633663429e-04,1.136085903154324768e-03
1.416360636063606542e-04,1.135109927383679863e-03
1.419354935493549383e-04,1.133612930207509749e-03
1.422349234923492225e-04,1.131656986037638023e-03
1.425343534353435337e-04,1.129304169285888504e-03
1.428337833783378179e-04,1.126616554364086092e-03
1.431332133213321291e-04,1.123656215684053737e-03
1.434326432643264404e-04,1.120485227657616123e-03
1.437320732073207245e-04,1.117165664696597284e-03
1.440315031503150358e-04,1.113759601212820820e-03
1.443309330933093199e-04,1.110329111618111415e-03
1.446303630363036312e-04,1.106936270324292235e-03
1.449297929792979424e-04,1.103643151743187749e-03
1.452292229222922266e-04,1.100511830286622422e-03
1.455286528652865378e-04,1.097604380366419205e-03
1.458280828082808220e-04,1.094982876394403433e-03
1.461275127512751332e-04,1.092709392782397837e-03
1.464269426942694445e-04,1.090846003942227537e-03
1.467263726372637286e-04,1.089454784285715698e-03
1.470258025802580399e-04,1.088595850392254155e-03
1.473252325232523240e-04,1.088012733482676686e-03
1.476246624662466353e-04,1.087488836641712460e-03
1.479240924092409194e-04,1.087018280246250176e-03
1.482235223522352307e-04,1.086595184673178538e-03
1.485229522952295148e-04,1.086213670299386678e-03
1.488223822382238261e-04,1.085867857501762648e-03
1.491218121812181103e-04,1.085551866657196449e-03
1.494212421242124215e-04,1.085259818142575699e-03
1.497206720672067328e-04,1.084985832334789532e-03
1.500201020102010169e-04,1.084724029610727516e-03
1.503195319531953282e-04,1.084468530347277486e-03
1.506189618961896123e-04,1.084213454921328793e-03
1.509183918391839236e-04,1.083952923709769920e-03
1.512178217821782348e-04,1.083681057089490004e-03
1.515172517251725190e-04,1.083391975437377310e-03
1.518166816681668302e-04,1.083079799130321407e-03
1.521161116111611144e-04,1.082738648545210347e-03
1.524155415541554256e-04,1.082362644058933480e-03
1.527149714971497369e-04,1.081945906048379291e-03
1.530144014401440210e-04,1.081482582568642561e-03
1.533138313831383323e-04,1.080980949035329538e-03
1.536132613261326164e-04,1.080451042207652371e-03
1.539126912691269006e-04,1.079892959695542267e-03
1.542121212121212118e-04,1.079306799108928480e-03
1.545115511551154960e-04,1.078692658057741781e-03
1.548109810981098072e-04,1.078050634151912508e-03
1.551104110411041185e-04,1.077380825001370782e-03
1.554098409840984026e-04,1.076683328216046726e-03
1.557092709270927139e-04,1.075958241405870677e-03
1.560087008700869980e-04,1.075205662180773189e-03
1.563081308130813093e-04,1.074425688150684169e-03
1.566075607560756206e-04,1.073618416925533952e-03
1.569069906990699047e-04,1.072783946115253096e-03
1.572064206420642160e-04,1.071922373329771286e-03
1.575058505850585272e-04,1.071033796179019079e-03
1.578052805280528114e-04,1.070118312272927029e-03
1.581047104710471226e-04,1.069176019221425040e-03
1.584041404140414068e-04,1.068207014634443451e-03
1.587035703570357180e-04,1.067211396121912599e-03
1.590030003000300293e-04,1.066189248872617982e-03
1.593024302430242863e-04,1.065020010075895703e-03
1.596018601860185976e-04,1.063609638408326286e-03
1.599012901290129088e-04,1.061990633451123439e-03
1.602007200720071930e-04,1.060195494785500219e-03
1.605001500150015042e-04,1.058256721992669900e-03
1.607995799579957884e-04,1.056206814653845756e-03
1.610990099009900996e-04,1.054078272350240627e-03
1.613984398439844109e-04,1.051903594663068219e-03
1.616978697869786950e-04,1.049715281173541374e-03
1.619972997299730063e-04,1.047545831462873365e-03
1.622967296729672904e-04,1.045427745112277249e-03
1.625961596159616017e-04,1.043393521702966516e-03
1.628955895589559129e-04,1.041475660816154006e-03
1.631950195019501971e-04,1.039706662033053645e-03
1.634944494449445083e-04,1.038119024934877621e-03
1.637938793879387925e-04,1.036745249102840076e-03
1.640933093309331038e-04,1.035617834118153632e-03
1.643927392739274150e-04,1.034769279562031347e-03
1.646921692169216992e-04,1.034232085015686711e-03
1.649915991599159833e-04,1.034038750060333215e-03
1.652910291029102946e-04,1.034700520529555166e-03
1.655904590459045787e-04,1.036669577828730655e-03
1.658898889888988900e-04,1.039801799457608323e-03
1.661893189318932012e-04,1.043952640776536983e-03
1.664887488748874854e-04,1.048977557145863715e-03
1.667881788178817966e-04,1.054732003925938199e-03
1.670876087608760808e-04,1.061071436477107732e-03
1.673870387038703920e-04,1.067851310159721560e-03
1.676864686468647033e-04,1.074927080334127415e-03
1.679858985898589874e-04,1.082154202360673025e-03
1.682853285328532987e-04,1.089388131599707639e-03
1.685847584758475828e-04,1.096484323411578551e-03
1.688841884188418941e-04,1.103298233156635444e-03
1.691836183618362053e-04,1.109685316195225613e-03
1.694830483048304895e-04,1.115501027887697222e-03
1.697824782478248007e-04,1.120600823594399085e-03
1.700819081908190849e-04,1.124840158675679148e-03
1.703813381338133961e-04,1.128074488491886008e-03
1.706807680768076803e-04,1.130159268403367612e-03
1.709801980198019644e-04,1.130949953770472773e-03
1.712796279627962757e-04,1.130645519081626207e-03
1.715790579057905869e-04,1.129679355121365227e-03
1.718784878487848711e-04,1.128125690262867702e-03
1.721779177917791824e-04,1.126057188516102004e-03
1.724773477347734665e-04,1.123546513891037803e-03
1.727767776777677778e-04,1.120666330397643469e-03
1.730762076207620890e-04,1.117489302045888673e-03
1.733756375637563732e-04,1.114088092845742653e-03
1.736750675067506844e-04,1.110535366807173562e-03
1.739744974497449686e-04,1.106903787940151720e-03
1.742739273927392798e-04,1.103266020254645065e-03
1.745733573357335911e-04,1.099694727760623268e-03
1.748727872787278752e-04,1.096262574468055348e-03
1.751722172217221865e-04,1.093042224386910110e-03
1.754716471647164977e-04,1.090106341527156790e-03
1.757710771077107819e-04,1.087527589898764843e-03
1.760705070507050931e-04,1.085378633511702856e-03
1.763699369936993773e-04,1.083732136375940066e-03
1.766693669366936614e-04,1.082660762501445276e-03
1.769687968796879727e-04,1.082237175898188158e-03
1.772682268226822568e-04,1.082284884422236599e-03
1.775676567656765681e-04,1.082456627103965631e-03
1.778670867086708793e-04,1.082735944759986640e-03
1.781665166516651635e-04,1.083109594535440045e-03
1.784659465946594747e-04,1.083564333575466696e-03
1.787653765376537589e-04,1.084086919025207662e-03
1.790648064806480701e-04,1.084664108029803793e-03
1.793642364236423814e-04,1.085282657734395941e-03
1.796636663666366656e-04,1.085929325284124740e-03
1.799630963096309768e-04,1.086590867824131475e-03
1.802625262526252610e-04,1.087254042499556563e-03
1.805619561956195722e-04,1.087905606455541073e-03
1.808613861386138835e-04,1.088532316837225638e-03
1.811608160816081676e-04,1.089120930789751326e-03
1.814602460246024789e-04,1.089658205458258989e-03
1.817596759675967630e-04,1.090130897987889478e-03
1.820591059105910472e-04,1.090525765523783427e-03
1.823585358535853584e-04,1.090829565211081905e-03
1.826579657965796426e-04,1.091029054194925761e-03
1.829573957395739538e-04,1.091110989620455848e-03
1.832568256825682651e-04,1.091087216161909469e-03
1.835562556255625492e-04,1.090996743077113189e-03
1.838556855685568605e-04,1.090844045786468685e-03
1.841551155115511717e-04,1.090632966981402085e-03
1.844545454545454559e-04,1.090367349353339949e-03
1.847539753975397671e-04,1.090051035593708187e-03
1.850534053405340513e-04,1.089687868393933575e-03
1.853528352835283625e-04,1.089281690445442026e-03
1.856522652265226738e-04,1.088836344439660098e-03
1.859516951695169579e-04,1.088355673068014135e-03
1.862511251125112692e-04,1.087843519021930048e-03
1.865505550555055533e-04,1.087303724992834614e-03
1.868499849984998646e-04,1.086740133672153960e-03
1.871494149414941759e-04,1.086156587751314212e-03
1.874488448844884600e-04,1.085556929921741715e-03
1.877482748274827442e-04,1.084945002874863028e-03
1.880477047704770554e-04,1.084324649302104279e-03
1.883471347134713396e-04,1.083699711894891811e-03
1.886465646564656508e-04,1.083074033344651969e-03
1.889459945994599350e-04,1.082451456342810878e-03
1.892454245424542462e-04,1.081770518156312472e-03
1.895448544854485575e-04,1.080919256066948959e-03
1.898442844284428416e-04,1.079916632345409317e-03
1.901437143714371800e-04,1.078784871108114845e-03
1.904431443144314370e-04,1.077546196471488140e-03
1.907425742574257212e-04,1.076222832551950717e-03
1.910420042004200324e-04,1.074837003465925174e-03
1.913414341434143437e-04,1.073410933329833027e-03
1.916408640864086278e-04,1.071966846260097089e-03
1.919402940294029391e-04,1.070526966373138442e-03
1.922397239723972232e-04,1.069113517785379684e-03
1.925391539153915345e-04,1.067748724613242547e-03
1.928385838583858457e-04,1.066454810973149411e-03
1.931380138013801299e-04,1.065254000981522009e-03
1.934374437443744411e-04,1.064168518754782505e-03
1.937368736873687253e-04,1.063220588409353497e-03
1.940363036303630365e-04,1.062432434061656066e-03
1.943357335733573478e-04,1.061826279828112594e-03
1.946351635163516319e-04,1.061424349825145245e-03
1.949345934593459432e-04,1.061248868169175751e-03
1.952340234023402273e-04,1.061438706744613188e-03
1.955334533453345386e-04,1.062225738171259553e-03
1.958328832883288499e-04,1.063554062448895639e-03
1.961323132313231340e-04,1.065357968561186832e-03
1.964317431743174453e-04,1.067571745491798299e-03
1.967311731173117294e-04,1.070129682224395208e-03
1.970306030603060407e-04,1.072966067742643376e-03
1.973300330033003519e-04,1.076015191030207539e-03
1.976294629462946361e-04,1.079211341070752863e-03
1.979288928892889473e-04,1.082488806847945167e-03
1.982283228322832315e-04,1.085781877345449184e-03
1.985277527752775427e-04,1.089024841546930734e-03
1.988271827182718540e-04,1.092151988436054549e-03
1.991266126612661381e-04,1.095097606996485798e-03
1.994260426042604494e-04,1.097795986211890732e-03
1.997254725472547335e-04,1.100181415065933652e-03
2.000249024902490448e-04,1.102188182542280376e-03
2.003243324332433560e-04,1.103750577624595854e-03
2.006237623762376402e-04,1.104802889296545472e-03
2.009231923192319514e-04,1.105279406541794397e-03
2.012226222622262356e-04,1.105191508767677452e-03
2.015220522052205468e-04,1.104719949292787490e-03
2.018214821482148039e-04,1.103913238717694686e-03
2.021209120912091151e-04,1.102811875988760895e-03
2.024203420342033993e-04,1.101456360052347752e-03
2.027197719771977105e-04,1.099887189854817328e-03
2.030192019201920218e-04,1.098144864342531475e-03
2.033186318631863060e-04,1.096269882461852049e-03
2.036180618061806172e-04,1.094302743159140685e-03
2.039174917491749014e-04,1.092283945380759453e-03
2.042169216921692126e-04,1.090253988073069773e-03
2.045163516351635239e-04,1.088253370182434149e-03
2.048157815781578080e-04,1.086322590655214001e-03
2.051152115211521193e-04,1.084502148437771398e-03
2.054146414641464034e-04,1.082832542476467978e-03
2.057140714071407147e-04,1.081354271717665377e-03
2.060135013501350259e-04,1.080107835107725883e-03
2.063129312931293101e-04,1.079133731593011347e-03
2.066123612361236213e-04,1.078472460119883408e-03
2.069117911791179055e-04,1.078164519634703918e-03
2.072112211221122167e-04,1.078244115300480005e-03
2.075106510651065280e-04,1.078694888116708047e-03
2.078100810081008121e-04,1.079477042670085258e-03
2.081095109510951234e-04,1.080550718893879105e-03
2.084089408940894075e-04,1.081876056721358358e-03
2.087083708370837188e-04,1.083413196085790918e-03
2.090078007800780300e-04,1.085122276920444905e-03
2.093072307230723142e-04,1.086963439158588002e-03
2.096066606660666254e-04,1.088896822733488763e-03
2.099060906090609096e-04,1.090882567578415089e-03
2.102055205520552209e-04,1.092880813626635099e-03
2.105049504950495321e-04,1.094851700811416912e-03
2.108043804380438163e-04,1.096755369066028211e-03
2.111038103810381275e-04,1.098551958323737768e-03
2.114032403240324388e-04,1.100201608517813482e-03
2.117026702670267229e-04,1.101664459581523040e-03
2.120021002100210342e-04,1.102900651448134994e-03
2.123015301530153183e-04,1.103870324050917028e-03
2.126009600960096296e-04,1.104533617323137477e-03
2.129003900390039408e-04,1.104850671198064462e-03
2.131998199819981979e-04,1.104685061924519547e-03
2.134992499249924820e-04,1.103742108435785962e-03
2.137986798679867933e-04,1.102081431680352469e-03
2.140981098109810774e-04,1.099788969009168893e-03
2.143975397539753887e-04,1.096950657773184843e-03
2.146969696969696999e-04,1.093652435323349929e-03
2.149963996399639841e-04,1.089980239010614627e-03
2.152958295829582953e-04,1.086020006185928113e-03
2.155952595259525795e-04,1.081857674200240862e-03
2.158946894689468907e-04,1.077579180404501834e-03
2.161941194119412020e-04,1.073270462149661071e-03
2.164935493549354861e-04,1.069017456786668834e-03
2.167929792979297974e-04,1.064906101666474513e-03
2.170924092409240815e-04,1.061022334140027936e-03
2.173918391839183928e-04,1.057452091558279145e-03
2.176912691269127040e-04,1.054281311272177316e-03
2.179906990699069882e-04,1.051595930632673358e-03
2.182901290129012995e-04,1.049481886990716014e-03
2.185895589558956107e-04,1.048025117697255542e-03
2.188889888988898949e-04,1.047311560103241770e-03
2.191884188418842061e-04,1.047379171271879033e-03
2.194878487848784903e-04,1.048069443039752451e-03
2.197872787278728015e-04,1.049304269029412064e-03
2.200867086708671128e-04,1.051018742383896028e-03
2.203861386138613969e-04,1.053147956246242283e-03
2.206855685568557082e-04,1.055627003759488768e-03
2.209849984998499923e-04,1.058390978066673423e-03
2.212844284428443036e-04,1.061374972310834839e-03
2.215838583858386148e-04,1.064514079635010520e-03
2.218832883288328990e-04,1.067743393182238407e-03
2.221827182718272102e-04,1.070998006095556657e-03
2.224821482148214944e-04,1.074213011518003425e-03
2.227815781578158056e-04,1.077323502592616869e-03
2.230810081008101169e-04,1.080264572462434278e-03
2.233804380438044010e-04,1.082971314270494241e-03
2.236798679867987123e-04,1.085378821159834915e-03
2.239792979297929964e-04,1.087422186273493806e-03
2.242787278727873077e-04,1.089036502754509288e-03
2.245781578157815647e-04,1.090156863745919084e-03
2.248775877587758760e-04,1.090718362390761783e-03
2.251770177017701601e-04,1.090653197440063669e-03
2.254764476447644714e-04,1.089939904032189225e-03
2.257758775877587555e-04,1.088640573590661173e-03
2.260753075307530668e-04,1.086822360258791857e-03
2.263747374737473781e-04,1.084552418179892536e-03
2.266741674167416622e-04,1.081897901497276418e-03
2.269735973597359735e-04,1.078925964354254764e-03
2.272730273027302847e-04,1.075703760894139698e-03
2.275724572457245689e-04,1.072298445260243998e-03
2.278718871887188801e-04,1.068777171595878921e-03
2.281713171317131643e-04,1.065207094044357461e-03
2.284707470747074755e-04,1.061655366748990659e-03
2.287701770177017868e-04,1.058189143853091509e-03
2.290696069606960709e-04,1.054875579499971704e-03
2.293690369036903822e-04,1.051781827832943151e-03
2.296684668466846663e-04,1.048975042995318628e-03
2.299678967896789776e-04,1.046522379130409176e-03
2.302673267326732888e-04,1.044490990381527788e-03
2.305667566756675730e-04,1.042948030891986157e-03
2.308661866186618842e-04,1.041960654805096625e-03
2.311656165616561684e-04,1.041496536977560986e-03
2.314650465046504796e-04,1.041110123678299628e-03
2.317644764476447909e-04,1.040739228364961433e-03
2.320639063906390750e-04,1.040384388913062012e-03
2.323633363336333863e-04,1.040046143198117843e-03
2.326627662766276704e-04,1.039725029095645405e-03
2.329621962196219817e-04,1.039421584481160961e-03
2.332616261626162930e-04,1.039136347230180989e-03
2.335610561056105771e-04,1.038869855218221751e-03
2.338604860486048884e-04,1.038622646320799293e-03
2.341599159915991725e-04,1.038395258413430311e-03
2.344593459345934838e-04,1.038188229371631065e-03
2.347587758775877950e-04,1.038002097070917602e-03
2.350582058205820792e-04,1.037837399386806617e-03
2.353576357635763904e-04,1.037694674194814372e-03
2.356570657065706746e-04,1.037574459370456913e-03
2.359564956495649587e-04,1.037477292789250717e-03
2.362559255925592429e-04,1.037403712326712265e-03
2.365553555355535541e-04,1.037354255858357601e-03
2.368547854785478383e-04,1.037329461259703422e-03
2.371542154215421495e-04,1.037366138648680280e-03
2.374536453645364608e-04,1.037658672209929977e-03
2.377530753075307449e-04,1.038211611121353647e-03
2.380525052505250562e-04,1.038996194372682159e-03
2.383519351935193403e-04,1.039983660953645297e-03
2.386513651365136516e-04,1.041145249853974364e-03
2.389507950795079628e-04,1.042452200063399359e-03
2.392502250225022470e-04,1.043875750571650503e-03
2.395496549654965582e-04,1.045387140368458445e-03
2.398490849084908424e-04,1.046957608443553839e-03
2.401485148514851536e-04,1.048558393786666685e-03
2.404479447944794649e-04,1.050160735387528068e-03
2.407473747374737490e-04,1.051735872235867991e-03
2.410468046804680603e-04,1.053255043321417103e-03
2.413462346234623444e-04,1.054689487633905408e-03
2.416456645664566557e-04,1.056010444163063989e-03
2.419450945094509670e-04,1.057189151898623282e-03
2.422445244524452511e-04,1.058196849830313072e-03
2.425439543954395624e-04,1.059004776947864443e-03
2.428433843384338465e-04,1.059584172241007614e-03
2.431428142814281578e-04,1.059933631581193910e-03
2.434422442244224690e-04,1.060216401974572661e-03
2.437416741674167532e-04,1.060467464399687159e-03
2.440411041104110644e-04,1.060690373471900091e-03
2.443405340534053486e-04,1.060888683806575881e-03
2.446399639963996869e-04,1.061065950019077653e-03
2.449393939393939711e-04,1.061225726724768963e-03
2.452388238823882552e-04,1.061371568539013800e-03
2.455382538253825936e-04,1.061507030077176155e-03
2.458376837683768777e-04,1.061635665954618717e-03
2.461371137113711619e-04,1.061761030786705692e-03
2.464365436543655002e-04,1.061886679188800420e-03
2.467359735973597844e-04,1.062016165776266674e-03
2.470354035403540685e-04,1.062153045164468661e-03
2.473348334833483527e-04,1.062300871968769071e-03
2.476342634263426368e-04,1.062463200804532109e-03
2.479336933693369752e-04,1.062643586287121116e-03
2.482331233123312593e-04,1.062845583031900082e-03
2.485325532553255435e-04,1.063072745654232345e-03
2.488319831983198819e-04,1.063328628769481679e-03
2.491314131413141660e-04,1.063627148174397597e-03
2.494308430843084502e-04,1.064045436692610466e-03
2.497302730273027343e-04,1.064585564205725379e-03
2.500297029702970727e-04,1.065231643325457609e-03
2.503291329132913568e-04,1.065967786663523948e-03
2.506285628562856410e-04,1.066778106831639886e-03
2.509279927992799793e-04,1.067646716441522214e-03
2.512274227422742635e-04,1.068557728104886639e-03
2.515268526852685476e-04,1.069495254433449520e-03
2.518262826282628860e-04,1.070443408038927215e-03
2.521257125712571701e-04,1.071386301533035212e-03
2.524251425142514543e-04,1.072308047527490522e-03
2.527245724572457384e-04,1.073192758634008634e-03
2.530240024002400768e-04,1.074024547464306123e-03
2.533234323432343609e-04,1.074787526630098695e-03
2.536228622862286451e-04,1.075465808743102927e-03
2.539222922292229834e-04,1.076043506415034741e-03
2.542217221722172676e-04,1.076504732257610496e-03
2.545211521152115517e-04,1.076833598882546116e-03
2.548205820582058901e-04,1.077014218901557957e-03
2.551200120012001742e-04,1.076983029428513769e-03
2.554194419441944584e-04,1.076315460096102707e-03
2.557188718871887425e-04,1.074977172664922037e-03
2.560183018301830809e-04,1.073045992581148902e-03
2.563177317731773651e-04,1.070599745290961311e-03
2.566171617161716492e-04,1.067716256240536189e-03
2.569165916591659876e-04,1.064473350876050679e-03
2.572160216021602717e-04,1.060948854643683440e-03
2.575154515451545559e-04,1.057220592989611182e-03
2.578148814881488942e-04,1.053366391360010396e-03
2.581143114311431784e-04,1.049464075201060392e-03
2.584137413741374625e-04,1.045591469958937446e-03
2.587131713171317467e-04,1.041826401079819350e-03
2.590126012601260308e-04,1.038246694009883463e-03
2.593120312031203150e-04,1.034930174195307145e-03
2.596114611461146533e-04,1.031954667082266887e-03
2.599108910891089375e-04,1.029397998116941999e-03
2.602103210321032216e-04,1.027337992745508757e-03
2.605097509750975600e-04,1.025852476414144520e-03
2.608091809180918441e-04,1.025019274569027297e-03
2.611086108610861283e-04,1.024916920017179692e-03
2.614080408040804124e-04,1.025582000880990519e-03
2.617074707470747508e-04,1.026946625171917425e-03
2.620069006900690349e-04,1.028929979793506352e-03
2.623063306330633191e-04,1.031451251649304545e-03
2.626057605760576574e-04,1.034429627642858814e-03
2.629051905190519416e-04,1.037784294677714233e-03
2.632046204620462257e-04,1.041434439657418264e-03
2.635040504050405641e-04,1.045299249485518150e-03
2.638034803480348483e-04,1.049297911065558532e-03
2.641029102910291324e-04,1.053349611301087306e-03
2.644023402340234166e-04,1.057373537095650413e-03
2.647017701770177549e-04,1.061288875352795098e-03
2.650012001200120391e-04,1.065014812976066653e-03
2.653006300630063232e-04,1.068470536869012321e-03
2.656000600060006616e-04,1.071575233935178912e-03
2.658994899489949457e-04,1.074248091078112153e-03
2.661989198919892299e-04,1.076408295201358853e-03
2.664983498349835682e-04,1.077975033208465822e-03
2.667977797779778524e-04,1.078867492002979220e-03
2.670972097209721365e-04,1.079014120744604087e-03
2.673966396639664207e-04,1.078503118718454308e-03
2.676960696069607590e-04,1.077428339179438508e-03
2.679954995499550432e-04,1.075854625962734991e-03
2.682949294929493273e-04,1.073846822903522062e-03
2.685943594359436657e-04,1.071469773836976726e-03
2.688937893789379498e-04,1.068788322598278589e-03
2.691932193219322340e-04,1.065867313022604655e-03
2.694926492649265723e-04,1.062771588945132795e-03
2.697920792079208565e-04,1.059565994201042399e-03
2.700915091509150864e-04,1.056315372625511338e-03
2.703909390939094248e-04,1.053084568053715749e-03
2.706903690369037089e-04,1.049938424320835673e-03
2.709897989798979931e-04,1.046941785262048329e-03
2.712892289228923315e-04,1.044159494712531807e-03
2.715886588658866156e-04,1.041656396507464845e-03
2.718880888088808997e-04,1.039497334482024664e-03
2.721875187518752381e-04,1.037747152471389352e-03
2.724869486948695223e-04,1.036470694310738083e-03
2.727863786378638064e-04,1.035732803835247642e-03
2.730858085808580906e-04,1.035573218108133036e-03
2.733852385238524289e-04,1.035607733604225348e-03
2.736846684668467131e-04,1.035684808041046874e-03
2.739840984098409972e-04,1.035802868308714157e-03
2.742835283528353356e-04,1.035960341297344385e-03
2.745829582958296197e-04,1.036155653897053233e-03
2.748823882388239039e-04,1.036387232997958109e-03
2.751818181818182422e-04,1.036653505490175769e-03
2.754812481248125264e-04,1.036952898263822538e-03
2.757806780678068105e-04,1.037283838209014739e-03
2.760801080108011489e-04,1.037644752215869997e-03
2.763795379537954330e-04,1.038034067174504202e-03
2.766789678967897172e-04,1.038450209975034328e-03
2.769783978397840013e-04,1.038891607507576916e-03
2.772778277827783397e-04,1.039356686662248940e-03
2.775772577257726238e-04,1.039843874329166506e-03
2.778766876687669080e-04,1.040351597398446806e-03
2.781761176117612464e-04,1.040878282760206597e-03
2.784755475547555305e-04,1.041422357304561987e-03
2.787749774977498146e-04,1.041982247921629948e-03
2.790744074407441530e-04,1.042569617074247303e-03
2.793738373837384372e-04,1.043465393041740144e-03
2.796732673267327213e-04,1.044747588359974189e-03
2.799726972697270055e-04,1.046368858040687974e-03
2.802721272127213438e-04,1.048281857095620037e-03
2.805715571557156280e-04,1.050439240536508263e-03
2.808709870987099121e-04,1.052793663375090972e-03
2.811704170417042505e-04,1.055297780623107350e-03
2.814698469846984804e-04,1.057904247292293983e-03
2.817692769276927646e-04,1.060565718394390709e-03
2.820687068706871029e-04,1.063234848941136280e-03
2.823681368136813871e-04,1.065864293944267498e-03
2.826675667566756712e-04,1.068406708415523335e-03
2.829669966996700096e-04,1.070814747366642759e-03
2.832664266426642937e-04,1.073041065809363223e-03
2.835658565856585779e-04,1.075038318755423047e-03
2.838652865286529162e-04,1.076759161216561201e-03
2.841647164716472004e-04,1.078156248204515354e-03
2.844641464146414845e-04,1.079182234731024476e-03
2.847635763576358229e-04,1.079789775807826454e-03
2.850630063006301070e-04,1.079942305978111089e-03
2.853624362436243912e-04,1.079928444625875145e-03
2.856618661866186753e-04,1.079895229983695486e-03
2.859612961296130137e-04,1.079842860625818569e-03
2.862607260726072978e-04,1.079771535126490415e-03
2.865601560156015820e-04,1.079681452059957913e-03
2.868595859585959204e-04,1.079572810000466870e-03
2.871590159015902045e-04,1.079445807522264175e-03
2.874584458445844887e-04,1.079300643199596066e-03
2.877578757875788270e-04,1.079137515606708999e-03
2.880573057305731112e-04,1.078956623317849214e-03
2.883567356735673953e-04,1.078758164907263166e-03
2.886561656165616795e-04,1.078542338949197528e-03
2.889555955595560178e-04,1.078309344017897888e-03
2.892550255025503020e-04,1.078059378687611786e-03
2.895544554455445861e-04,1.077792641532584811e-03
2.898538853885389245e-04,1.077509331127063635e-03
2.901533153315332086e-04,1.077209646045294497e-03
2.904527452745274928e-04,1.076893784861524071e-03
2.907521752175218311e-04,1.076561946149998594e-03
2.910516051605161153e-04,1.076194120678072939e-03
2.913510351035103994e-04,1.074948088775017985e-03
2.916504650465046836e-04,1.072481784220337452e-03
2.919498949894990219e-04,1.068935132376301351e-03
2.922493249324933061e-04,1.064448058605181211e-03
2.925487548754875902e-04,1.059160488269247262e-03
2.928481848184818744e-04,1.053212346730769732e-03
2.931476147614761585e-04,1.046743559352018849e-03
2.934470447044704969e-04,1.039894051495264407e-03
2.937464746474647810e-04,1.032803748522778805e-03
2.940459045904590652e-04,1.025612575796831620e-03
2.943453345334533493e-04,1.018460458679693514e-03
2.946447644764476877e-04,1.011487322533633198e-03
2.949441944194419719e-04,1.004833092720924153e-03
2.952436243624362560e-04,9.986376946038355226e-04
2.955430543054305944e-04,9.930410535446364522e-04
2.958424842484248785e-04,9.881830949055997720e-04
2.961419141914191627e-04,9.842037440489946262e-04
2.964413441344135010e-04,9.812429263370912435e-04
2.967407740774077852e-04,9.794405671321613702e-04
2.970402040204020693e-04,9.789311048124310286e-04
2.973396339633963535e-04,9.794317796916643219e-04
2.976390639063906918e-04,9.806602720544735190e-04
2.979384938493849760e-04,9.825346644712191178e-04
2.982379237923792601e-04,9.849730395122620503e-04
2.985373537353735985e-04,9.878934797479645494e-04
2.988367836783678826e-04,9.912140677486860289e-04
2.991362136213621668e-04,9.948528860847882880e-04
2.994356435643565051e-04,9.987280173266331260e-04
2.997350735073507893e-04,1.002757544044580390e-03
3.000345034503450734e-04,1.006859548808991664e-03
3.003339333933393576e-04,1.010952114190227877e-03
3.006333633363336959e-04,1.014953322758651265e-03
3.009327932793279801e-04,1.018781257084621240e-03
3.012322232223222642e-04,1.022353999738499818e-03
3.015316531653166026e-04,1.025589633290648148e-03
3.018310831083108868e-04,1.028406240311426729e-03
3.021305130513051709e-04,1.030721903371196926e-03
3.024299429942995093e-04,1.032454705040320320e-03
3.027293729372937934e-04,1.033522727889156761e-03
3.030288028802880776e-04,1.033847683331887233e-03
3.033282328232823617e-04,1.033825215158720419e-03
3.036276627662767001e-04,1.033767904431851349e-03
3.039270927092709842e-04,1.033679656021419284e-03
3.042265226522652684e-04,1.033564374797564783e-03
3.045259525952595525e-04,1.033425965630427107e-03
3.048253825382538367e-04,1.033268333390146383e-03
3.051248124812481750e-04,1.033095382946862305e-03
3.054242424242424592e-04,1.032911019170714567e-03
3.057236723672367433e-04,1.032719146931843296e-03
3.060231023102310275e-04,1.032523671100387969e-03
3.063225322532253658e-04,1.032328496546488280e-03
3.066219621962196500e-04,1.032137528140284572e-03
3.069213921392139341e-04,1.031954670751916324e-03
3.072208220822082725e-04,1.031783829251523444e-03
3.075202520252025566e-04,1.031628908509245627e-03
3.078196819681968408e-04,1.031493813395222567e-03
3.081191119111911791e-04,1.031382448779594174e-03
3.084185418541854633e-04,1.031298719532500576e-03
3.087179717971797474e-04,1.031246530524081249e-03
3.090174017401740316e-04,1.031230434582928405e-03
3.093168316831683699e-04,1.031458959529502365e-03
3.096162616261626541e-04,1.032068641813128386e-03
3.099156915691569382e-04,1.033019305116520846e-03
3.102151215121512766e-04,1.034270773122393473e-03
3.105145514551455608e-04,1.035782869513459780e-03
3.108139813981398449e-04,1.037515417972434363e-03
3.111134113411341833e-04,1.039428242182031167e-03
3.114128412841284674e-04,1.041481165824963487e-03
3.117122712271227516e-04,1.043634012583945919e-03
3.120117011701170899e-04,1.045846606141692409e-03
3.123111311131113741e-04,1.048078770180916469e-03
3.126105610561056582e-04,1.050290328384332261e-03
3.129099909990999424e-04,1.052441104434653947e-03
3.132094209420942807e-04,1.054490922014595690e-03
3.135088508850885649e-04,1.056399604806870568e-03
3.138082808280828490e-04,1.058126976494193176e-03
3.141077107710771874e-04,1.059632860759277461e-03
3.144071407140714715e-04,1.060877081284837369e-03
3.147065706570657557e-04,1.061819461753586409e-03
3.150060006000600940e-04,1.062419900245798474e-03
3.153054305430543240e-04,1.062837541357939666e-03
3.156048604860486081e-04,1.063243017188165128e-03
3.159042904290429465e-04,1.063635330379216447e-03
3.162037203720372306e-04,1.064013483573835427e-03
3.165031503150315148e-04,1.064376479414763437e-03
3.168025802580258531e-04,1.064723320544742500e-03
3.171020102010201373e-04,1.065053009606514202e-03
3.174014401440144214e-04,1.065364549242819913e-03
3.177008700870087056e-04,1.065656942096401653e-03
3.180003000300030440e-04,1.065929190810000794e-03
3.182997299729973281e-04,1.066180298026359139e-03
3.185991599159916123e-04,1.066409266388218709e-03
3.188985898589859506e-04,1.066615098538320656e-03
3.191980198019802348e-04,1.066796797119406786e-03
3.194974497449745189e-04,1.066953364774218902e-03
3.197968796879688573e-04,1.067083804145498374e-03
3.200963096309631414e-04,1.067187117875987440e-03
3.203957395739574256e-04,1.067262308608427036e-03
3.206951695169517639e-04,1.067308378985559400e-03
3.209945994599460481e-04,1.067324331650125902e-03
3.212940294029403322e-04,1.067068621245381103e-03
3.215934593459346164e-04,1.066318430379015322e-03
3.218928892889289547e-04,1.065128401068417881e-03
3.221923192319232389e-04,1.063553259503259010e-03
3.224917491749175230e-04,1.061647731873208286e-03
3.227911791179118614e-04,1.059466544367935938e-03
3.230906090609061455e-04,1.057064423177112196e-03
3.233900390039004297e-04,1.054496094490406854e-03
3.236894689468947680e-04,1.051816284497489491e-03
3.239888988898890522e-04,1.049079719388031420e-03
3.242883288328833363e-04,1.046341125351701352e-03
3.245877587758776205e-04,1.043655228578169950e-03
3.248871887188719589e-04,1.041076755257106792e-03
3.251866186618662430e-04,1.038660431578182324e-03
3.254860486048605272e-04,1.036460983731066340e-03
3.257854785478548655e-04,1.034533137905428637e-03
3.260849084908491497e-04,1.032931620290940093e-03
3.263843384338434338e-04,1.031711157077269854e-03
3.266837683768377180e-04,1.030926474454088148e-03
3.269831983198320021e-04,1.030632298611064770e-03
3.272826282628262863e-04,1.030883903537285371e-03
3.275820582058206246e-04,1.031665449496433533e-03
3.278814881488149088e-04,1.032918596295941301e-03
3.281809180918091929e-04,1.034584942441990835e-03
3.284803480348035313e-04,1.036606086440764948e-03
3.287797779777978154e-04,1.038923626798444501e-03
3.290792079207920996e-04,1.041479162021211654e-03
3.293786378637864379e-04,1.044214290615249436e-03
3.296780678067807221e-04,1.047070611086738708e-03
3.299774977497750062e-04,1.049989721941862065e-03
3.302769276927692904e-04,1.052913221686801234e-03
3.305763576357636287e-04,1.055782708827739027e-03
3.308757875787579129e-04,1.058539781870856305e-03
3.311752175217521970e-04,1.061126039322335445e-03
3.314746474647465354e-04,1.063483079688359043e-03
3.317740774077408195e-04,1.065552501475108393e-03
3.320735073507351037e-04,1.067275903188765872e-03
3.323729372937294421e-04,1.068594883335513427e-03
3.326723672367237262e-04,1.069451040421533217e-03
3.329717971797180103e-04,1.069785972953006970e-03
3.332712271227122945e-04,1.069727549419565750e-03
3.335706570657066329e-04,1.069527745708704009e-03
3.338700870087009170e-04,1.069203771545287418e-03
3.341695169516952012e-04,1.068770931623851117e-03
3.344689468946895395e-04,1.068244530638929593e-03
3.347683768376838237e-04,1.067639873285057984e-03
3.350678067806781078e-04,1.066972264256771646e-03
3.353672367236724462e-04,1.066257008248605283e-03
3.356666666666667303e-04,1.065509409955093818e-03
3.359660966096610145e-04,1.064744774070772605e-03
3.362655265526552986e-04,1.063978405290176349e-03
3.365649564956496370e-04,1.063225608307839755e-03
3.368643864386439211e-04,1.062501687818298395e-03
3.371638163816382053e-04,1.061821948516086973e-03
3.374632463246325436e-04,1.061201695095740413e-03
3.377626762676268278e-04,1.060656232251794067e-03
3.380621062106211119e-04,1.060200864678782643e-03
3.383615361536153961e-04,1.059850897071240843e-03
3.386609660966096802e-04,1.059621634123704024e-03
3.389603960396039644e-04,1.059528380530707324e-03
3.392598259825983027e-04,1.059804441784446827e-03
3.395592559255925869e-04,1.060768176724700106e-03
3.398586858685868710e-04,1.062349188299850731e-03
3.401581158115812094e-04,1.064471749148911735e-03
3.404575457545754935e-04,1.067060131910895935e-03
3.407569756975697777e-04,1.070038609224817231e-03
3.410564056405641161e-04,1.073331453729688871e-03
3.413558355835584002e-04,1.076862938064523456e-03
3.416552655265526844e-04,1.080557334868334236e-03
3.419546954695469685e-04,1.084338916780135109e-03
3.422541254125413069e-04,1.088131956438939327e-03
3.425535553555355910e-04,1.091860726483759271e-03
3.428529852985298752e-04,1.095449499553608624e-03
3.431524152415242135e-04,1.098822548287501505e-03
3.434518451845184977e-04,1.101904145324449644e-03
3.437512751275127818e-04,1.104618563303466725e-03
3.440507050705071202e-04,1.106890074863566865e-03
3.443501350135014043e-04,1.108642952643762447e-03
3.446495649564956885e-04,1.109801469283066720e-03
3.449489948994899726e-04,1.110289897420493367e-03
3.452484248424843110e-04,1.109808502729956294e-03
3.455478547854785951e-04,1.107988317229639114e-03
3.458472847284728793e-04,1.104965655495083847e-03
3.461467146714672176e-04,1.100887351159198771e-03
3.464461446144615018e-04,1.095900237854895631e-03
3.467455745574557859e-04,1.090151149215082922e-03
3.470450045004501243e-04,1.083786918872668703e-03
3.473444344434444084e-04,1.076954380460565372e-03
3.476438643864386926e-04,1.069800367611681421e-03
3.479432943294330310e-04,1.062471713958924261e-03
3.482427242724273151e-04,1.055115253135207156e-03
3.485421542154215993e-04,1.047877818773437514e-03
3.488415841584158834e-04,1.040906244506525132e-03
3.491410141014102218e-04,1.034347363967378503e-03
3.494404440444044517e-04,1.028348010788910456e-03
3.497398739873987901e-04,1.023055018604026450e-03
3.500393039303930742e-04,1.018615221045638666e-03
3.503387338733873584e-04,1.015175451746656030e-03
3.506381638163816425e-04,1.012882544339987903e-03
3.509375937593759809e-04,1.011883332458543864e-03
3.512370237023702650e-04,1.011957099443438904e-03
3.515364536453645492e-04,1.012376173261346404e-03
3.518358835883588875e-04,1.013086752200743814e-03
3.521353135313531717e-04,1.014059236648327984e-03
3.524347434743474558e-04,1.015264026990796197e-03
3.527341734173417942e-04,1.016671523614845951e-03
3.530336033603360783e-04,1.018252126907173878e-03
3.533330333033303625e-04,1.019976237254477044e-03
3.536324632463246466e-04,1.021814255043453166e-03
3.539318931893189850e-04,1.023736580660799525e-03
3.542313231323132691e-04,1.025713614493212536e-03
3.545307530753075533e-04,1.027715756927389699e-03
3.548301830183018916e-04,1.029713408350028730e-03
3.551296129612961758e-04,1.031676969147825827e-03
3.554290429042904599e-04,1.033576839707478707e-03
3.557284728472847983e-04,1.035383420415684867e-03
3.560279027902790825e-04,1.037067111659140291e-03
3.563273327332733666e-04,1.038598313824543344e-03
3.566267626762677050e-04,1.039947427298590875e-03
3.569261926192619891e-04,1.041084852467979733e-03
3.572256225622562733e-04,1.042059382870873154e-03
3.575250525052505574e-04,1.043042375307809454e-03
3.578244824482448958e-04,1.044035017870536446e-03
3.581239123912391799e-04,1.045030338742838428e-03
3.584233423342334641e-04,1.046021366108500781e-03
3.587227722772278024e-04,1.047001128151309321e-03
3.590222022202220866e-04,1.047962653055048562e-03
3.593216321632163707e-04,1.048898969003504104e-03
3.596210621062107091e-04,1.049803104180461110e-03
3.599204920492049932e-04,1.050668086769704747e-03
3.602199219921992774e-04,1.051486944955020396e-03
3.605193519351935615e-04,1.052252706920192571e-03
3.608187818781878457e-04,1.052958400849007521e-03
3.611182118211821298e-04,1.053597054925249979e-03
3.614176417641764682e-04,1.054161697332705325e-03
3.617170717071707523e-04,1.054645356255158725e-03
3.620165016501650365e-04,1.055041059876395126e-03
3.623159315931593206e-04,1.055341836380200345e-03
3.626153615361536590e-04,1.055540713950358896e-03
3.629147914791479431e-04,1.055630720770656377e-03
3.632142214221422273e-04,1.055500041812077036e-03
3.635136513651365656e-04,1.054882564179725982e-03
3.638130813081308498e-04,1.053813258946756631e-03
3.641125112511251339e-04,1.052344485441302586e-03
3.644119411941194723e-04,1.050528602991496804e-03
3.647113711371137565e-04,1.048417970925472889e-03
3.650108010801080406e-04,1.046064948571363363e-03
3.653102310231023790e-04,1.043521895257301614e-03
3.656096609660966631e-04,1.040841170311421681e-03
3.659090909090909473e-04,1.038075133061855870e-03
3.662085208520852314e-04,1.035276142836738002e-03
3.665079507950795698e-04,1.032496558964200164e-03
3.668073807380738539e-04,1.029788740772377047e-03
3.671068106810681381e-04,1.027205047589400955e-03
3.674062406240624764e-04,1.024797838743405059e-03
3.677056705670567606e-04,1.022619473562523182e-03
3.680051005100510447e-04,1.020722311374887845e-03
3.683045304530453831e-04,1.019158711508632437e-03
3.686039603960396672e-04,1.017981033291890779e-03
3.689033903390339514e-04,1.017241636052795394e-03
3.692028202820282355e-04,1.016876530098453305e-03
3.695022502250225739e-04,1.016549325644209570e-03
3.698016801680168580e-04,1.016235022026837700e-03
3.701011101110111422e-04,1.015934117403452649e-03
3.704005400540054805e-04,1.015647109931168499e-03
3.706999699969997647e-04,1.015374497767099985e-03
3.709993999399940488e-04,1.015116779068361624e-03
3.712988298829883872e-04,1.014874451992067933e-03
3.715982598259826714e-04,1.014648014695333647e-03
3.718976897689769555e-04,1.014437965335273284e-03
3.721971197119712397e-04,1.014244802069001359e-03
3.724965496549655238e-04,1.014069023053632392e-03
3.727959795979598080e-04,1.013911126446281116e-03
3.730954095409541463e-04,1.013771610404061831e-03
3.733948394839484305e-04,1.013650973084089272e-03
3.736942694269427146e-04,1.013549712643477957e-03
3.739936993699370530e-04,1.013468327239342619e-03
3.742931293129313371e-04,1.013407315028797342e-03
3.745925592559256213e-04,1.013367174168957295e-03
3.748919891989199054e-04,1.013348402816936994e-03
3.751914191419142438e-04,1.013533481336950388e-03
3.754908490849085279e-04,1.014531664082590073e-03
3.757902790279028121e-04,1.016309841547551008e-03
3.760897089708971504e-04,1.018774932931895000e-03
3.763891389138914346e-04,1.021833857435683422e-03
3.766885688568857187e-04,1.025393534258978515e-03
3.769879987998800571e-04,1.029360882601842954e-03
3.772874287428743954e-04,1.033642821664337895e-03
3.775868586858686796e-04,1.038146270646524713e-03
3.778862886288629095e-04,1.042778148748464565e-03
3.781857185718571937e-04,1.047445375170221425e-03
3.784851485148514778e-04,1.052054869111856668e-03
3.787845784578458162e-04,1.056513549773432318e-03
3.790840084008401003e-04,1.060728336355009314e-03
3.793834383438343845e-04,1.064606148056650116e-03
3.796828682868287229e-04,1.068053904078416962e-03
3.799822982298230070e-04,1.070978523620370795e-03
3.802817281728172912e-04,1.073286925882574287e-03
3.805811581158115753e-04,1.074886030065089031e-03
3.808805880588059137e-04,1.075682755367977266e-03
3.811800180018001978e-04,1.075702231880229206e-03
3.814794479447944820e-04,1.075384864822896214e-03
3.817788778877888203e-04,1.074802604742671657e-03
3.820783078307831045e-04,1.073978465350929404e-03
3.823777377737773886e-04,1.072935460359042458e-03
3.826771677167717270e-04,1.071696603478384472e-03
3.829765976597660111e-04,1.070284908420329100e-03
3.832760276027602953e-04,1.068723388896249344e-03
3.835754575457545794e-04,1.067035058617519291e-03
3.838748874887489178e-04,1.065242931295511510e-03
3.841743174317432019e-04,1.063370020641600305e-03
3.844737473747374861e-04,1.061439340367158896e-03
3.847731773177318244e-04,1.059473904183560067e-03
3.850726072607261086e-04,1.057496725802178341e-03
3.853720372037203927e-04,1.055530818934386937e-03
3.856714671467147311e-04,1.053599197291558423e-03
3.859708970897090152e-04,1.051724874585067537e-03
3.862703270327032994e-04,1.049930864526287064e-03
3.865697569756975835e-04,1.048240180826590226e-03
3.868691869186919219e-04,1.046675837197350674e-03
3.871686168616862061e-04,1.045215413282542466e-03
3.874680468046804902e-04,1.043666815843606816e-03
3.877674767476748286e-04,1.042022535782394883e-03
3.880669066906691127e-04,1.040302304856772966e-03
3.883663366336633969e-04,1.038525854824606494e-03
3.886657665766577352e-04,1.036712917443760899e-03
3.889651965196520194e-04,1.034883224472102695e-03
3.892646264626463035e-04,1.033056507667497311e-03
3.895640564056405877e-04,1.031252498787809746e-03
3.898634863486349260e-04,1.029490929590905863e-03
3.901629162916292102e-04,1.027791531834652177e-03
3.904623462346234943e-04,1.026174037276913467e-03
3.907617761776178327e-04,1.024658177675555814e-03
3.910612061206121168e-04,1.023263684788444866e-03
3.913606360636064010e-04,1.022010290373446270e-03
3.916600660066007393e-04,1.020917726188425674e-03
3.919594959495950235e-04,1.020005723991249157e-03
3.922589258925893076e-04,1.019294015539781717e-03
3.925583558355836460e-04,1.018802332591889218e-03
3.928577857785779301e-04,1.018550406905437524e-03
3.931572157215722143e-04,1.018640464615033856e-03
3.934566456645664984e-04,1.019498787055324752e-03
3.937560756075608368e-04,1.021108484473444824e-03
3.940555055505551209e-04,1.023381097245957020e-03
3.943549354935494051e-04,1.026228165749424508e-03
3.946543654365437435e-04,1.029561230360411753e-03
3.949537953795380276e-04,1.033291831455479754e-03
3.952532253225323118e-04,1.037331509411193193e-03
3.955526552655266501e-04,1.041591804604115887e-03
3.958520852085209343e-04,1.045984257410809918e-03
3.961515151515152184e-04,1.050420408207838451e-03
3.964509450945095026e-04,1.054811797371765303e-03
3.967503750375038409e-04,1.059069965279154507e-03
3.970498049804981251e-04,1.063106452306567711e-03
3.973492349234924092e-04,1.066832798830568514e-03
3.976486648664867476e-04,1.070160545227721383e-03
3.979480948094810317e-04,1.073001231874588400e-03
3.982475247524753159e-04,1.075266399147732730e-03
3.985469546954696542e-04,1.076867587423718624e-03
3.988463846384639384e-04,1.077716337079108379e-03
3.991458145814582225e-04,1.077718477695934103e-03
3.994452445244525067e-04,1.076817507273315462e-03
3.997446744674468450e-04,1.075095244296638127e-03
4.000441044104411292e-04,1.072647948304241263e-03
4.003435343534354133e-04,1.069571878834462949e-03
4.006429642964296433e-04,1.065963295425641699e-03
4.009423942394239274e-04,1.061918457616114727e-03
4.012418241824182658e-04,1.057533624944219895e-03
4.015412541254125499e-04,1.052905056948297020e-03
4.018406840684068341e-04,1.048129013166683747e-03
4.021401140114011724e-04,1.043301753137717289e-03
4.024395439543954566e-04,1.038519536399737679e-03
4.027389738973897407e-04,1.033878622491082129e-03
4.030384038403840791e-04,1.029475270950088069e-03
4.033378337833783633e-04,1.025405741315095747e-03
4.036372637263726474e-04,1.021766293124441944e-03
4.039366936693669316e-04,1.018653185916465172e-03
4.042361236123612699e-04,1.016162679229503513e-03
4.045355535553555541e-04,1.014391032601895696e-03
4.048349834983498382e-04,1.013434505571979586e-03
4.051344134413441766e-04,1.013322820033975063e-03
4.054338433843384607e-04,1.013613696565827385e-03
4.057332733273327449e-04,1.014181090552432156e-03
4.060327032703270832e-04,1.014992736774586370e-03
4.063321332133213674e-04,1.016016370013087021e-03
4.066315631563156515e-04,1.017219725048731536e-03
4.069309930993099899e-04,1.018570536662316475e-03
4.072304230423042740e-04,1.020036539634639264e-03
4.075298529852985582e-04,1.021585468746496464e-03
4.078292829282928423e-04,1.023185058778685284e-03
4.081287128712871807e-04,1.024803044512003370e-03
4.084281428142814648e-04,1.026407160727246847e-03
4.087275727572757490e-04,1.027965142205213142e-03
4.090270027002700873e-04,1.029444723726699682e-03
4.093264326432643715e-04,1.030813640072502594e-03
4.096258625862586556e-04,1.032039626023419305e-03
4.099252925292529940e-04,1.033090416360247458e-03
4.102247224722472782e-04,1.033933745863783180e-03
4.105241524152415623e-04,1.034537349314824115e-03
4.108235823582358465e-04,1.034868961494167039e-03
4.111230123012301848e-04,1.034916980280703924e-03
4.114224422442244690e-04,1.034844322447033308e-03
4.117218721872187531e-04,1.034699516993292613e-03
4.120213021302130915e-04,1.034490945170188749e-03
4.123207320732073756e-04,1.034226988228430580e-03
4.126201620162016598e-04,1.033916027418725018e-03
4.129195919591959981e-04,1.033566443991780059e-03
4.132190219021902823e-04,1.033186619198303699e-03
4.135184518451845664e-04,1.032784934289003066e-03
4.138178817881788506e-04,1.032369770514586591e-03
4.141173117311731889e-04,1.031949509125761402e-03
4.144167416741674731e-04,1.031532531373235929e-03
4.147161716171617572e-04,1.031127218507717300e-03
4.150156015601560956e-04,1.030741951779913512e-03
4.153150315031503797e-04,1.030385112440532344e-03
4.156144614461446639e-04,1.030065081740281141e-03
4.159138913891390022e-04,1.029790240929868332e-03
4.162133213321332864e-04,1.029568971260001048e-03
4.165127512751275705e-04,1.029409653981387500e-03
4.168121812181218547e-04,1.029320670344735034e-03
4.171116111611161931e-04,1.029312006986288393e-03
4.174110411041104772e-04,1.029403257155535930e-03
4.177104710471047614e-04,1.029590253753889795e-03
4.180099009900990997e-04,1.029863083918759747e-03
4.183093309330933839e-04,1.030211834787555548e-03
4.186087608760876680e-04,1.030626593497686958e-03
4.189081908190820064e-04,1.031097447186563737e-03
4.192076207620762905e-04,1.031614482991595645e-03
4.195070507050705747e-04,1.032167788050192877e-03
4.198064806480649130e-04,1.032747449499764759e-03
4.201059105910591972e-04,1.033343554477721051e-03
4.204053405340534813e-04,1.033946190121471948e-03
4.207047704770477655e-04,1.034545443568427210e-03
4.210042004200421038e-04,1.035131401955996381e-03
4.213036303630363880e-04,1.035694152421589003e-03
4.216030603060306721e-04,1.036223782102615489e-03
4.219024902490250105e-04,1.036710378136485164e-03
4.222019201920192946e-04,1.037144027660608005e-03
4.225013501350135788e-04,1.037514817812393991e-03
4.228007800780079171e-04,1.037812835729252665e-03
4.231002100210022013e-04,1.038033173797775271e-03
4.233996399639964312e-04,1.038233181088157224e-03
4.236990699069907154e-04,1.038431064264416738e-03
4.239984998499849995e-04,1.038625912171705842e-03
4.242979297929793379e-04,1.038816813655177220e-03
4.245973597359736220e-04,1.039002857559983770e-03
4.248967896789679062e-04,1.039183132731277522e-03
4.251962196219621903e-04,1.039356728014211593e-03
4.254956495649565287e-04,1.039522732253938229e-03
4.257950795079508128e-04,1.039680234295610115e-03
4.260945094509450970e-04,1.039828322984379712e-03
4.263939393939394354e-04,1.039966087165399705e-03
4.266933693369337195e-04,1.040092615683822774e-03
4.269927992799280037e-04,1.040206997384801385e-03
4.272922292229223420e-04,1.040308321113488435e-03
4.275916591659166262e-04,1.040395675715035956e-03
4.278910891089109103e-04,1.040468150034597064e-03
4.281905190519051945e-04,1.040524832917323790e-03
4.284899489948995328e-04,1.040564813208368815e-03
4.287893789378938170e-04,1.040587179752885472e-03
4.290888088808881011e-04,1.040576995344346094e-03
4.293882388238824395e-04,1.040317180221764183e-03
4.296876687668767236e-04,1.039760044401545841e-03
4.299870987098710078e-04,1.038939674736791404e-03
4.302865286528653461e-04,1.037890158080601640e-03
4.305859585958596303e-04,1.036645581286077316e-03
4.308853885388539144e-04,1.035240031206318984e-03
4.311848184818481986e-04,1.033707594694427412e-03
4.314842484248425369e-04,1.032082358603502717e-03
4.317836783678368211e-04,1.030398409786646534e-03
4.320831083108311052e-04,1.028689835096959415e-03
4.323825382538254436e-04,1.026990721387541043e-03
4.326819681968197277e-04,1.025335155511493271e-03
4.329813981398140119e-04,1.023757224321916216e-03
4.332808280828083503e-04,1.022291014671910430e-03
4.335802580258026344e-04,1.020970613414576896e-03
4.338796879687969186e-04,1.019830107403016167e-03
4.341791179117912569e-04,1.018903583490329010e-03
4.344785478547855411e-04,1.018225128529616193e-03
4.347779777977798252e-04,1.017828829373977834e-03
4.350774077407741094e-04,1.017753691198766122e-03
4.353768376837684477e-04,1.018113543739888579e-03
4.356762676267627319e-04,1.018907010935473549e-03
4.359756975697570160e-04,1.020084596339775832e-03
4.362751275127513544e-04,1.021596803507050007e-03
4.365745574557456385e-04,1.023394135991549572e-03
4.368739873987399227e-04,1.025427097347529756e-03
4.371734173417342610e-04,1.027646191129244924e-03
4.374728472847285452e-04,1.030001920890948790e-03
4.377722772277228293e-04,1.032444790186896151e-03
4.380717071707171135e-04,1.034925302571341587e-03
4.383711371137114518e-04,1.037393961598539679e-03
4.386705670567057360e-04,1.039801270822743925e-03
4.389699969997000201e-04,1.042097733798209337e-03
4.392694269426943585e-04,1.044233854079190281e-03
4.395688568856886426e-04,1.046160135219941336e-03
4.398682868286829268e-04,1.047827080774716216e-03
4.401677167716772652e-04,1.049185194297769935e-03
4.404671467146715493e-04,1.050184979343356424e-03
4.407665766576658335e-04,1.050776939465730480e-03
4.410660066006601176e-04,1.050915925933621365e-03
4.413654365436544560e-04,1.050692952084485024e-03
4.416648664866487401e-04,1.050186347473445244e-03
4.419642964296430243e-04,1.049428348007616901e-03
4.422637263726373626e-04,1.048451189594115955e-03
4.425631563156316468e-04,1.047287108140057066e-03
4.428625862586259309e-04,1.045968339552556413e-03
4.431620162016202693e-04,1.044527119738728220e-03
4.434614461446145534e-04,1.042995684605688882e-03
4.437608760876088376e-04,1.041406270060553276e-03
4.440603060306031217e-04,1.039791112010436712e-03
4.443597359735974601e-04,1.038182446362454501e-03
4.446591659165917442e-04,1.036612509023722385e-03
4.449585958595860284e-04,1.035113535901355242e-03
4.452580258025803667e-04,1.033717762902468598e-03
4.455574557455746509e-04,1.032457425934177764e-03
4.458568856885689350e-04,1.031364760903598268e-03
4.461563156315631650e-04,1.030472003717845418e-03
4.464557455745574491e-04,1.029811390284034091e-03
4.467551755175517875e-04,1.029415156509279599e-03
4.470546054605460716e-04,1.029331264230537273e-03
4.473540354035403558e-04,1.030168585499684469e-03
4.476534653465346941e-04,1.032133452229669693e-03
4.479528952895289783e-04,1.035098266011384932e-03
4.482523252325232624e-04,1.038935428435723042e-03
4.485517551755175466e-04,1.043517341093577744e-03
4.488511851185118849e-04,1.048716405575842326e-03
4.491506150615061691e-04,1.054405023473407475e-03
4.494500450045004532e-04,1.060455596377167563e-03
4.497494749474947916e-04,1.066740525878016529e-03
4.500489048904890758e-04,1.073132213566844627e-03
4.503483348334833599e-04,1.079503061034546010e-03
4.506477647764776983e-04,1.085725469872014619e-03
4.509471947194719824e-04,1.091671841670141139e-03
4.512466246624662666e-04,1.097214578019819510e-03
4.515460546054606049e-04,1.102226080511943236e-03
4.518454845484548891e-04,1.106578750737403872e-03
4.521449144914491732e-04,1.110144990287094922e-03
4.524443444344434574e-04,1.112797200751909242e-03
4.527437743774377957e-04,1.114407783722740118e-03
4.530432043204320799e-04,1.114850331995249346e-03
4.533426342634263640e-04,1.114119751351265062e-03
4.536420642064207024e-04,1.112336152743748866e-03
4.539414941494149865e-04,1.109606359600633953e-03
4.542409240924092707e-04,1.106037195349853734e-03
4.545403540354036090e-04,1.101735483419339886e-03
4.548397839783978932e-04,1.096808047237027121e-03
4.551392139213921773e-04,1.091361710230847552e-03
4.554386438643864615e-04,1.085503295828734588e-03
4.557380738073807998e-04,1.079339627458619907e-03
4.560375037503750840e-04,1.072977528548438655e-03
4.563369336933693681e-04,1.066523822526123160e-03
4.566363636363637065e-04,1.060085332819604882e-03
4.569357935793579907e-04,1.053768882856818967e-03
4.572352235223522748e-04,1.047681296065697959e-03
4.575346534653466132e-04,1.041929395874173318e-03
4.578340834083408973e-04,1.036620005710180191e-03
4.581335133513351815e-04,1.031859949001650689e-03
4.584329432943294656e-04,1.027756049176517788e-03
4.587323732373238040e-04,1.024415129662713817e-03
4.590318031803180881e-04,1.021938619073199401e-03
4.593312331233123723e-04,1.019844427122923404e-03
4.596306630663067106e-04,1.017772768537576582e-03
4.599300930093009948e-04,1.015732894416451152e-03
4.602295229522952789e-04,1.013734055858839115e-03
4.605289528952896173e-04,1.011785503964032469e-03
4.608283828382839014e-04,1.009896489831322783e-03
4.611278127812781856e-04,1.008076264560002922e-03
4.614272427242724697e-04,1.006334079249364237e-03
4.617266726672668081e-04,1.004679184998698727e-03
4.620261026102610922e-04,1.003120832907299044e-03
4.623255325532553764e-04,1.001668274074456536e-03
4.626249624962497147e-04,1.000330759599463420e-03
4.629243924392439989e-04,9.991175405816119133e-04
4.632238223822382830e-04,9.980378681201942329e-04
4.635232523252326214e-04,9.971009933145017282e-04
4.638226822682269056e-04,9.963161672638268327e-04
4.641221122112211897e-04,9.956926410674617634e-04
4.644215421542155281e-04,9.952396658246978698e-04
4.647209720972098122e-04,9.949664926348280192e-04
4.650204020402040964e-04,9.948837453070407018e-04
4.653198319831983805e-04,9.953171303317474676e-04
4.656192619261927189e-04,9.964572196683025001e-04
4.659186918691870030e-04,9.982250598964408257e-04
4.662181218121812872e-04,1.000541697595897688e-03
4.665175517551756255e-04,1.003328179346409414e-03
4.668169816981699097e-04,1.006505551727709946e-03
4.671164116411641938e-04,1.009994861319534962e-03
4.674158415841585322e-04,1.013717154701620788e-03
4.677152715271528163e-04,1.017593478453701367e-03
4.680147014701471005e-04,1.021544879155512377e-03
4.683141314131413846e-04,1.025492403386789493e-03
4.686135613561356146e-04,1.029357097727267092e-03
4.689129912991299529e-04,1.033060008756682803e-03
4.692124212421242371e-04,1.036522183054769484e-03
4.695118511851185212e-04,1.039664667201263461e-03
4.698112811281128054e-04,1.042408507775900196e-03
4.701107110711071437e-04,1.044674751358415149e-03
4.704101410141014279e-04,1.046384444528542694e-03
4.707095709570957120e-04,1.047458633866018510e-03
4.710090009000900504e-04,1.047818633009609413e-03
4.713084308430843345e-04,1.047714851892990766e-03
4.716078607860786187e-04,1.047425452306171081e-03
4.719072907290729571e-04,1.046965254197607803e-03
4.722067206720672412e-04,1.046349077515758589e-03
4.725061506150615253e-04,1.045591742209081533e-03
4.728055805580558095e-04,1.044708068226034292e-03
4.731050105010501479e-04,1.043712875515074310e-03
4.734044404440444320e-04,1.042620984024659678e-03
4.737038703870387162e-04,1.041447213703248272e-03
4.740033003300330545e-04,1.040206384499297318e-03
4.743027302730273387e-04,1.038913316361264692e-03
4.746021602160216228e-04,1.037582829237608485e-03
4.749015901590159612e-04,1.036229743076786140e-03
4.752010201020102453e-04,1.034868877827255533e-03
4.755004500450045295e-04,1.033515053437474539e-03
4.757998799879988136e-04,1.032183089855900817e-03
4.760993099309931520e-04,1.030887807030991810e-03
4.763987398739874361e-04,1.029644024911205392e-03
4.766981698169817203e-04,1.028466563444999874e-03
4.769975997599760586e-04,1.027370242580832047e-03
4.772970297029703428e-04,1.026266790628147440e-03
4.775964596459646269e-04,1.025065782614862156e-03
4.778958895889589653e-04,1.023783824639502415e-03
4.781953195319532494e-04,1.022437529551626029e-03
4.784947494749475336e-04,1.021043510200788425e-03
4.787941794179418720e-04,1.019618379436545898e-03
4.790936093609361561e-04,1.018178750108455176e-03
4.793930393039304402e-04,1.016741235066072769e-03
4.796924692469247244e-04,1.015322447158954755e-03
4.799918991899190628e-04,1.013938999236657212e-03
4.802913291329133469e-04,1.012607504148737084e-03
4.805907590759076311e-04,1.011344574744750232e-03
4.808901890189019694e-04,1.010166823874253600e-03
4.811896189618962536e-04,1.009090864386803050e-03
4.814890489048905377e-04,1.008133309131955093e-03
4.817884788478848761e-04,1.007310770959265588e-03
4.820879087908791602e-04,1.006639862718291699e-03
4.823873387338734444e-04,1.006137197258589501e-03
4.826867686768677285e-04,1.005819387429715507e-03
4.829861986198620669e-04,1.005703046081225576e-03
4.832856285628563510e-04,1.005860183989561781e-03
4.835850585058506352e-04,1.006340390818660085e-03
4.838844884488449735e-04,1.007108159466046319e-03
4.841839183918392577e-04,1.008127834981459347e-03
4.844833483348335418e-04,1.009363762414637600e-03
4.847827782778278802e-04,1.010780286815320811e-03
4.850822082208221643e-04,1.012341753233247411e-03
4.853816381638164485e-04,1.014012506718156483e-03
4.856810681068107326e-04,1.015756892319787108e-03
4.859804980498050710e-04,1.017539255087878151e-03
4.862799279927993551e-04,1.019323940072168477e-03
4.865793579357936393e-04,1.021075292322396952e-03
4.868787878787879777e-04,1.022757656888303090e-03
4.871782178217822618e-04,1.024335378819625107e-03
4.874776477647765460e-04,1.025772803166102518e-03
4.877770777077708843e-04,1.027034274977474187e-03
4.880765076507651685e-04,1.028084139303478547e-03
4.883759375937594526e-04,1.028886741193855330e-03
4.886753675367536826e-04,1.029406425698342967e-03
4.889747974797480209e-04,1.029607537866680323e-03
4.892742274227423593e-04,1.029314685304962874e-03
4.895736573657365892e-04,1.028365903474655384e-03
4.898730873087309276e-04,1.026832083161119142e-03
4.901725172517252659e-04,1.024785422757609581e-03
4.904719471947194959e-04,1.022298120657384735e-03
4.907713771377138342e-04,1.019442375253698518e-03
4.910708070807081726e-04,1.016290384939807665e-03
4.913702370237022941e-04,1.012914348108971511e-03
4.916696669666966325e-04,1.009386463154440935e-03
4.919690969096909708e-04,1.005778928469474188e-03
4.922685268526852008e-04,1.002163942447329087e-03
4.925679567956795391e-04,9.986137034812591143e-04
4.928673867386738775e-04,9.952004099645216529e-04
4.931668166816681074e-04,9.919962602903740871e-04
4.934662466246624458e-04,9.890734528520698978e-04
4.937656765676567841e-04,9.865041860428669027e-04
4.940651065106510141e-04,9.843606582560218352e-04
4.943645364536453524e-04,9.827150678847890435e-04
4.946639663966396908e-04,9.816396133224254781e-04
4.949633963396339207e-04,9.812064929621878723e-04
4.952628262826282591e-04,9.812593352882988118e-04
4.955622562256224890e-04,9.814584440886022030e-04
4.958616861686168274e-04,9.817840649737324260e-04
4.961611161116111657e-04,9.822206583669930956e-04
4.964605460546053957e-04,9.827526846916884769e-04
4.967599759975997340e-04,9.833646043711217512e-04
4.970594059405940724e-04,9.840408778285967498e-04
4.973588358835883023e-04,9.847659654874173045e-04
4.976582658265826407e-04,9.855243277708872467e-04
4.979576957695769791e-04,9.863004251023101913e-04
4.982571257125712090e-04,9.870787179049895360e-04
4.985565556555655474e-04,9.878436666022295462e-04
4.988559855985598857e-04,9.885797316173336197e-04
4.991554155415541157e-04,9.892713733736053713e-04
4.994548454845484540e-04,9.899030522943488494e-04
4.997542754275427924e-04,9.904592288028678856e-04
5.000537053705370223e-04,9.909243633224654440e-04
5.003531353135313607e-04,9.912829162764460068e-04
5.006525652565256990e-04,9.915193480881131886e-04
5.009519951995199290e-04,9.916181191807701707e-04
5.012514251425142673e-04,9.915275877750058271e-04
5.015508550855084973e-04,9.911911898368996627e-04
5.018502850285028356e-04,9.906343751896298008e-04
5.021497149714971740e-04,9.898840917537824260e-04
5.024491449144914039e-04,9.889672874499439402e-04
5.027485748574857423e-04,9.879109101987000943e-04
5.030480048004800806e-04,9.867419079206375069e-04
5.033474347434743106e-04,9.854872285363427964e-04
5.036468646864686489e-04,9.841738199664010634e-04
5.039462946294629873e-04,9.828286301313991433e-04
5.042457245724572172e-04,9.814786069519240881e-04
5.045451545154515556e-04,9.801506983485607817e-04
5.048445844584458940e-04,9.788718522418958425e-04
5.051440144014401239e-04,9.776690165525165396e-04
5.054434443444344623e-04,9.765691392010077566e-04
5.057428742874288006e-04,9.755991681079562204e-04
5.060423042304230306e-04,9.747860511939485497e-04
5.063417341734173689e-04,9.741567363795703869e-04
5.066411641164117073e-04,9.737381715854083507e-04
5.069405940594059372e-04,9.735573047320486258e-04
5.072400240024002756e-04,9.738417805909805550e-04
5.075394539453946139e-04,9.749656209489976789e-04
5.078388838883888439e-04,9.768494217559113482e-04
5.081383138313831822e-04,9.794007015426337264e-04
5.084377437743774122e-04,9.825269788400741583e-04
5.087371737173717505e-04,9.861357721791454579e-04
5.090366036603660889e-04,9.901346000907580540e-04
5.093360336033603188e-04,9.944309811058208576e-04
5.096354635463546572e-04,9.989324337552482006e-04
5.099348934893489955e-04,1.003546476569948994e-03
5.102343234323432255e-04,1.008180628080832799e-03
5.105337533753375638e-04,1.012742406818814382e-03
5.108331833183319022e-04,1.017139331314802003e-03
5.111326132613261321e-04,1.021278920099705874e-03
5.114320432043204705e-04,1.025068691704439676e-03
5.117314731473148089e-04,1.028416164659912754e-03
5.120309030903090388e-04,1.031228857497035320e-03
5.123303330333033772e-04,1.033414288746720188e-03
5.126297629762977155e-04,1.034879976939877136e-03
5.129291929192919455e-04,1.035533440607416811e-03
5.132286228622862838e-04,1.035347831639465673e-03
5.135280528052806222e-04,1.034470315994615464e-03
5.138274827482748521e-04,1.032979857909174532e-03
5.141269126912690821e-04,1.030950679660452363e-03
5.144263426342634204e-04,1.028457003525757576e-03
5.147257725772576504e-04,1.025573051782402694e-03
5.150252025202519887e-04,1.022373046707695035e-03
5.153246324632463271e-04,1.018931210578945604e-03
5.156240624062405570e-04,1.015321765673465621e-03
5.159234923492348954e-04,1.011618934268562406e-03
5.162229222922292337e-04,1.007896938641547396e-03
5.165223522352234637e-04,1.004230001069731813e-03
5.168217821782178020e-04,1.000692343830422541e-03
5.171212121212121404e-04,9.973581892009312361e-04
5.174206420642063703e-04,9.943017594585691187e-04
5.177200720072007087e-04,9.915972768806435075e-04
5.180195019501950470e-04,9.893189637444656237e-04
5.183189318931892770e-04,9.875410423273460383e-04
5.186183618361836153e-04,9.863377349065931537e-04
5.189177917791778453e-04,9.857832637595181913e-04
5.192172217221721836e-04,9.857515532466776254e-04
5.195166516651665220e-04,9.857477974647707933e-04
5.198160816081607519e-04,9.857442408958585860e-04
5.201155115511550903e-04,9.857408835880722073e-04
5.204149414941494287e-04,9.857377255895437285e-04
5.207143714371436586e-04,9.857347669484043534e-04
5.210138013801379970e-04,9.857320077127857197e-04
5.213132313231323353e-04,9.857294479308196817e-04
5.216126612661265653e-04,9.857270876506372265e-04
5.219120912091209036e-04,9.857249269203708589e-04
5.222115211521152420e-04,9.857229657881515662e-04
5.225109510951094719e-04,9.857212043021109857e-04
5.228103810381038103e-04,9.857196425103809719e-04
5.231098109810981486e-04,9.857182804610929456e-04
5.234092409240923786e-04,9.857171182023785443e-04
5.237086708670867169e-04,9.857161557823689718e-04
5.240081008100810553e-04,9.857153932491962995e-04
5.243075307530752852e-04,9.857148306509919480e-04
5.246069606960696236e-04,9.857144680358877718e-04
5.249063906390639619e-04,9.857143054520149748e-04
5.252058205820581919e-04,9.858738229462545022e-04
5.255052505250525302e-04,9.866428902343177178e-04
5.258046804680467602e-04,9.879866435766897128e-04
5.261041104110410985e-04,9.898361068239782800e-04
5.264035403540354369e-04,9.921223038267905619e-04
5.267029702970296668e-04,9.947762584357328335e-04
5.270024002400240052e-04,9.977289945014144058e-04
5.273018301830183436e-04,1.000911535874441120e-03
5.276012601260125735e-04,1.004254906405419685e-03
5.279006900690069119e-04,1.007690129944959411e-03
5.282001200120012502e-04,1.011148230343666358e-03
5.284995499549954802e-04,1.014560231452146799e-03
5.287989798979898185e-04,1.017857157121010263e-03
5.290984098409841569e-04,1.020970031200863024e-03
5.293978397839783868e-04,1.023829877542311358e-03
5.296972697269727252e-04,1.026367719995964142e-03
5.299966996699670635e-04,1.028514582412428085e-03
5.302961296129612935e-04,1.030201488642309678e-03
5.305955595559556318e-04,1.031359462536217582e-03
5.308949894989499702e-04,1.031919527944758289e-03
5.311944194419442001e-04,1.031915317778756870e-03
5.314938493849385385e-04,1.031673496250589978e-03
5.317932793279327684e-04,1.031244489959244138e-03
5.320927092709271068e-04,1.030650663371814220e-03
5.323921392139214451e-04,1.029914380955396832e-03
5.326915691569156751e-04,1.029058007177088363e-03
5.329909990999100134e-04,1.028103906503984120e-03
5.332904290429043518e-04,1.027074443403180491e-03
5.335898589858985817e-04,1.025991982341773866e-03
5.338892889288929201e-04,1.024878887786859769e-03
5.341887188718872585e-04,1.023757524205534154e-03
5.344881488148814884e-04,1.022650256064893629e-03
5.347875787578758268e-04,1.021579447832033933e-03
5.350870087008701651e-04,1.020567463974050805e-03
5.353864386438643951e-04,1.019636668958040851e-03
5.356858685868587334e-04,1.018809427251099811e-03
5.359852985298530718e-04,1.018108103320323641e-03
5.362847284728473017e-04,1.017555061632808731e-03
5.365841584158416401e-04,1.017172666655650603e-03
5.368835883588358700e-04,1.016983282855945863e-03
5.371830183018300999e-04,1.017057350872104188e-03
5.374824482448244383e-04,1.017575980300127044e-03
5.377818781878187767e-04,1.018510918050041401e-03
5.380813081308130066e-04,1.019812649677173102e-03
5.383807380738073450e-04,1.021431660736851462e-03
5.386801680168016833e-04,1.023318436784402975e-03
5.389795979597959133e-04,1.025423463375154786e-03
5.392790279027902516e-04,1.027697226064435559e-03
5.395784578457845900e-04,1.030090210407572007e-03
5.398778877887788199e-04,1.032552901959890839e-03
5.401773177317731583e-04,1.035035786276721371e-03
5.404767476747674966e-04,1.037489348913390097e-03
5.407761776177617266e-04,1.039864075425223945e-03
5.410756075607560649e-04,1.042110451367551363e-03
5.413750375037504033e-04,1.044178962295699495e-03
5.416744674467446332e-04,1.046020093764995270e-03
5.419738973897389716e-04,1.047584331330767568e-03
5.422733273327333100e-04,1.048822160548342451e-03
5.425727572757275399e-04,1.049684066973047931e-03
5.428721872187218783e-04,1.050120536160211587e-03
5.431716171617161082e-04,1.050061939104249579e-03
5.434710471047104466e-04,1.049413397103724594e-03
5.437704770477047849e-04,1.048221974332201947e-03
5.440699069906990148e-04,1.046549265813009324e-03
5.443693369336933532e-04,1.044456866569473327e-03
5.446687668766876916e-04,1.042006371624921643e-03
5.449681968196819215e-04,1.039259376002683042e-03
5.452676267626762599e-04,1.036277474726082825e-03
5.455670567056705982e-04,1.033122262818449329e-03
5.458664866486648282e-04,1.029855335303111108e-03
5.461659165916591665e-04,1.026538287203393246e-03
5.464653465346535049e-04,1.023232713542624730e-03
5.467647764776477348e-04,1.020000209344133248e-03
5.470642064206420732e-04,1.016902369631244533e-03
5.473636363636364115e-04,1.014000789427287139e-03
5.476630663066306415e-04,1.011357063755589187e-03
5.479624962496249798e-04,1.009032787639476195e-03
5.482619261926193182e-04,1.007089556102276715e-03
5.485613561356135481e-04,1.005588964167318652e-03
5.488607860786078865e-04,1.004592606857928174e-03
5.491602160216022249e-04,1.004079886651813337e-03
5.494596459645964548e-04,1.003657614045169993e-03
5.497590759075907932e-04,1.003264302679242369e-03
5.500585058505850231e-04,1.002898241801641541e-03
5.503579357935793614e-04,1.002557720659978582e-03
5.506573657365736998e-04,1.002241028501864133e-03
5.509567956795679297e-04,1.001946454574909485e-03
5.512562256225622681e-04,1.001672288126725279e-03
5.515556555655566065e-04,1.001416818404922372e-03
5.518550855085508364e-04,1.001178334657112272e-03
5.521545154515451748e-04,1.000955126130905187e-03
5.524539453945395131e-04,1.000745482073912623e-03
5.527533753375337431e-04,1.000547691733745222e-03
5.530528052805280814e-04,1.000360044358014058e-03
5.533522352235224198e-04,1.000180829194329988e-03
5.536516651665166497e-04,1.000008335490303870e-03
5.539510951095109881e-04,9.998408524935472122e-04
5.542505250525053264e-04,9.996766694516700039e-04
5.545499549954995564e-04,9.995140756122837533e-04
5.548493849384938947e-04,9.993513602229993180e-04
5.551488148814882331e-04,9.991867447268715317e-04
5.554482448244824630e-04,9.990191903554925153e-04
5.557476747674768014e-04,9.988496961416716557e-04
5.560471047104710313e-04,9.986794529311265618e-04
5.563465346534653697e-04,9.985096515695752756e-04
5.566459645964597081e-04,9.983414829027354061e-04
5.569453945394539380e-04,9.981761377763247785e-04
5.572448244824482763e-04,9.980148070360614354e-04
5.575442544254426147e-04,9.978586815276625516e-04
5.578436843684368446e-04,9.977089520968466033e-04
5.581431143114311830e-04,9.975668095893305484e-04
5.584425442544255214e-04,9.974334448508328631e-04
5.587419741974197513e-04,9.973100487270713729e-04
5.590414041404140897e-04,9.971978120637632528e-04
5.593408340834084280e-04,9.970979257066267618e-04
5.596402640264026580e-04,9.970115805013795088e-04
5.599396939693968879e-04,9.969399672937395360e-04
5.602391239123912263e-04,9.968842769294242352e-04
5.605385538553854562e-04,9.968457002541514320e-04
5.608379837983797946e-04,9.968254281136391688e-04
5.611374137413741329e-04,9.968824262926213615e-04
5.614368436843683629e-04,9.974075708054858450e-04
5.617362736273627012e-04,9.984263785343433679e-04
5.620357035703570396e-04,9.998811793528253333e-04
5.623351335133512695e-04,1.001714303134563794e-03
5.626345634563456079e-04,1.003868079753191889e-03
5.629339933993399462e-04,1.006284839082341237e-03
5.632334233423341762e-04,1.008906910995642807e-03
5.635328532853285145e-04,1.011676625366730821e-03
5.638322832283228529e-04,1.014536312069236465e-03
5.641317131713170828e-04,1.017428300976790925e-03
5.644311431143114212e-04,1.020294921963027989e-03
5.647305730573057595e-04,1.023078504901579495e-03
5.650300030002999895e-04,1.025721379666075976e-03
5.653294329432943278e-04,1.028165876130151873e-03
5.656288628862886662e-04,1.030354324167437937e-03
5.659282928292828961e-04,1.032229053651566005e-03
5.662277227722772345e-04,1.033732394456169648e-03
5.665271527152715729e-04,1.034806676454880052e-03
5.668265826582658028e-04,1.035394229521329271e-03
5.671260126012601412e-04,1.035406682177885361e-03
5.674254425442543711e-04,1.034579681394200710e-03
5.677248724872487095e-04,1.032940983538004499e-03
5.680243024302430478e-04,1.030584991788222700e-03
5.683237323732372778e-04,1.027606109323782801e-03
5.686231623162316161e-04,1.024098739323609474e-03
5.689225922592259545e-04,1.020157284966629338e-03
5.692220222022201844e-04,1.015876149431770969e-03
5.695214521452145228e-04,1.011349735897957083e-03
5.698208820882088611e-04,1.006672447544116038e-03
5.701203120312030911e-04,1.001938687549175106e-03
5.704197419741974294e-04,9.972428590920578723e-04
5.707191719171917678e-04,9.926793653516918260e-04
5.710186018601859977e-04,9.883426095070051067e-04
5.713180318031803361e-04,9.843269947369208666e-04
5.716174617461746744e-04,9.807269242203670283e-04
5.719168916891689044e-04,9.776368011362706473e-04
5.722163216321632427e-04,9.751510286635562850e-04
5.725157515751575811e-04,9.733640099811512137e-04
5.728151815181518110e-04,9.723701482679818382e-04
5.731146114611461494e-04,9.722386821816722058e-04
5.734140414041403793e-04,9.727636161241336697e-04
5.737134713471347177e-04,9.738343855625724568e-04
5.740129012901290561e-04,9.753964025638831720e-04
5.743123312331232860e-04,9.773950791949592275e-04
5.746117611761176244e-04,9.797758275226970716e-04
5.749111911191119627e-04,9.824840596139900080e-04
5.752106210621061927e-04,9.854651875357319912e-04
5.755100510051005310e-04,9.886646233548195776e-04
5.758094809480948694e-04,9.920277791381458543e-04
5.761089108910890993e-04,9.955000669526049926e-04
5.764083408340834377e-04,9.990268988650933320e-04
5.767077707770777760e-04,1.002553686942504610e-03
5.770072007200720060e-04,1.006025843251731914e-03
5.773066306630663443e-04,1.009388779859672234e-03
5.776060606060606827e-04,1.012587908833218874e-03
5.779054905490549126e-04,1.015568642239265571e-03
5.782049204920492510e-04,1.018276392144708883e-03
5.785043504350435893e-04,1.020656570616442329e-03
5.788037803780378193e-04,1.022654589721359863e-03
5.791032103210321576e-04,1.024245233602177766e-03
5.794026402640264960e-04,1.025746524868921018e-03
5.797020702070207259e-04,1.027252278862666231e-03
5.800015001500150643e-04,1.028753404185574856e-03
5.803009300930092942e-04,1.030240809439805739e-03
5.806003600360036326e-04,1.031705403227520549e-03
5.808997899789979710e-04,1.033138094150879436e-03
5.811992199219922009e-04,1.034529790812041680e-03
5.814986498649865393e-04,1.035871401813168950e-03
5.817980798079808776e-04,1.037153835756421394e-03
5.820975097509751076e-04,1.038368001243958295e-03
5.823969396939693375e-04,1.039504806877941103e-03
5.826963696369636759e-04,1.040555161260530185e-03
5.829957995799580142e-04,1.041509972993885690e-03
5.832952295229522442e-04,1.042360150680167333e-03
5.835946594659465825e-04,1.043096602921536565e-03
5.838940894089409209e-04,1.043710238320153102e-03
5.841935193519351508e-04,1.044191965478177093e-03
5.844929492949294892e-04,1.044532692997769555e-03
5.847923792379237191e-04,1.044723329481090420e-03
5.850918091809180575e-04,1.044762218037603892e-03
5.853912391239123958e-04,1.044755585312628953e-03
5.856906690669066258e-04,1.044740804906965463e-03
5.859900990099009641e-04,1.044717965178943624e-03
5.862895289528953025e-04,1.044687154486893853e-03
5.865889588958895324e-04,1.044648461189146135e-03
5.868883888388838708e-04,1.044601973644030670e-03
5.871878187818782091e-04,1.044547780209878094e-03
5.874872487248724391e-04,1.044485969245018174e-03
5.877866786678667774e-04,1.044416629107781328e-03
5.880861086108611158e-04,1.044339848156497974e-03
5.883855385538553457e-04,1.044255714749498095e-03
5.886849684968496841e-04,1.044164317245112111e-03
5.889843984398440225e-04,1.044065744001670005e-03
5.892838283828382524e-04,1.043960083377502412e-03
5.895832583258325908e-04,1.043847423730939316e-03
5.898826882688269291e-04,1.043727853420310702e-03
5.901821182118211591e-04,1.043601460803947421e-03
5.904815481548154974e-04,1.043468334240179240e-03
5.907809780978097274e-04,1.043328562087336578e-03
5.910804080408040657e-04,1.043166231368465504e-03
5.913798379837984041e-04,1.042683458637603568e-03
5.916792679267926340e-04,1.041799288858918059e-03
5.919786978697869724e-04,1.040555178203949292e-03
5.922781278127813107e-04,1.038992582844238885e-03
5.925775577557755407e-04,1.037152958951327803e-03
5.928769876987698790e-04,1.035077762696756578e-03
5.931764176417642174e-04,1.032808450252065743e-03
5.934758475847584473e-04,1.030386477788797781e-03
5.937752775277527857e-04,1.027853301478491924e-03
5.940747074707471240e-04,1.025250377492689571e-03
5.943741374137413540e-04,1.022619162002932555e-03
5.946735673567356923e-04,1.020001111180760109e-03
5.949729972997300307e-04,1.017437681197714064e-03
5.952724272427242606e-04,1.014970328225336688e-03
5.955718571857185990e-04,1.012640508435166346e-03
5.958712871287129374e-04,1.010489677998745303e-03
5.961707170717071673e-04,1.008559293087615176e-03
5.964701470147015057e-04,1.006890809873315414e-03
5.967695769576958440e-04,1.005525684527387416e-03
5.970690069006900740e-04,1.004496823455644072e-03
5.973684368436844123e-04,1.003616137722056125e-03
5.976678667866786423e-04,1.002788779472674674e-03
5.979672967296729806e-04,1.002010741833826799e-03
5.982667266726673190e-04,1.001278017931839584e-03
5.985661566156615489e-04,1.000586600893040327e-03
5.988655865586558873e-04,9.999324838437552432e-04
5.991650165016502256e-04,9.993116599103122819e-04
5.994644464446444556e-04,9.987201222190378747e-04
5.997638763876387939e-04,9.981538638962595376e-04
6.000633063306331323e-04,9.976088780683039191e-04
6.003627362736273622e-04,9.970811578614987517e-04
6.006621662166217006e-04,9.965666964021702504e-04
6.009615961596160389e-04,9.960614868166459308e-04
6.012610261026102689e-04,9.955615222312526585e-04
6.015604560456046072e-04,9.950627957723177323e-04
6.018598859885989456e-04,9.945613005661675839e-04
6.021593159315931755e-04,9.940530297391301628e-04
6.024587458745875139e-04,9.935339764175319006e-04
6.027581758175818523e-04,9.930001337277000965e-04
6.030576057605760822e-04,9.924471077058334353e-04
6.033570357035704206e-04,9.918598250739714840e-04
6.036564656465646505e-04,9.912373951059629852e-04
6.039558955895589889e-04,9.905869606237538341e-04
6.042553255325533272e-04,9.899156644492918770e-04
6.045547554755475572e-04,9.892306494045232258e-04
6.048541854185418955e-04,9.885390583113946427e-04
6.051536153615361254e-04,9.878480339918531070e-04
6.054530453045304638e-04,9.871647192678447303e-04
6.057524752475246937e-04,9.864962569613173592e-04
6.060519051905190321e-04,9.858497898942164550e-04
6.063513351335133705e-04,9.852324608884894305e-04
6.066507650765076004e-04,9.846514127660834816e-04
6.069501950195019388e-04,9.841137883489442864e-04
6.072496249624962771e-04,9.836267304590190410e-04
6.075490549054905071e-04,9.831973819182551581e-04
6.078484848484848454e-04,9.828328855485983159e-04
6.081479147914791838e-04,9.825403841719959272e-04
6.084473447344734137e-04,9.823270206103945374e-04
6.087467746774677521e-04,9.821999376857409089e-04
6.090462046204619820e-04,9.821759540684785791e-04
6.093456345634563204e-04,9.827527106769978673e-04
6.096450645064506587e-04,9.841410451115690031e-04
6.099444944494448887e-04,9.862494060361001649e-04
6.102439243924392270e-04,9.889862421145012659e-04
6.105433543354335654e-04,9.922600020106802678e-04
6.108427842784277953e-04,9.959791343885444816e-04
6.111422142214221337e-04,1.000052087912005339e-03
6.114416441644164721e-04,1.004387311244970367e-03
6.117410741074107020e-04,1.008893253051346443e-03
6.120405040504050403e-04,1.013478361995045650e-03
6.123399339933993787e-04,1.018051086739974864e-03
6.126393639363936086e-04,1.022519875950041396e-03
6.129387938793879470e-04,1.026793178289157329e-03
6.132382238223822854e-04,1.030779442421229323e-03
6.135376537653765153e-04,1.034387117010164689e-03
6.138370837083708537e-04,1.037524650719875291e-03
6.141365136513651920e-04,1.040100492214268224e-03
6.144359435943594220e-04,1.042023090157251450e-03
6.147353735373537603e-04,1.043200893212735099e-03
6.150348034803479903e-04,1.043540225882205220e-03
6.153342334233423286e-04,1.042804720023926372e-03
6.156336633663366670e-04,1.040967313426032588e-03
6.159330933093308969e-04,1.038151776143464130e-03
6.162325232523252353e-04,1.034481878231158442e-03
6.165319531953195736e-04,1.030081389744055788e-03
6.168313831383138036e-04,1.025074080737097297e-03
6.171308130813081419e-04,1.019583721265218896e-03
6.174302430243024803e-04,1.013734081383360847e-03
6.177296729672967102e-04,1.007648931146465582e-03
6.180291029102910486e-04,1.001452040609467509e-03
6.183285328532853869e-04,9.952671798273084094e-04
6.186279627962796169e-04,9.892181188549291956e-04
6.189273927392739552e-04,9.834286277472653603e-04
6.192268226822682936e-04,9.780224765592580340e-04
6.195262526252625235e-04,9.731234353458485635e-04
6.198256825682568619e-04,9.688552741619724414e-04
6.201251125112512003e-04,9.653417630625709062e-04
6.204245424542454302e-04,9.627066721025838957e-04
6.207239723972397686e-04,9.610737713369491789e-04
6.210234023402341069e-04,9.605654310884368958e-04
6.213228322832283369e-04,9.610040561565307091e-04
6.216222622262226752e-04,9.621450192707856758e-04
6.219216921692169052e-04,9.639097668763347768e-04
6.222211221122112435e-04,9.662197454183134868e-04
6.225205520552055819e-04,9.689964013418553290e-04
6.228199819981998118e-04,9.721611810920932845e-04
6.231194119411941502e-04,9.756355311141634784e-04
6.234188418841884885e-04,9.793408978531993256e-04
6.237182718271827185e-04,9.831987277543329396e-04
6.240177017701770568e-04,9.871304672627015300e-04
6.243171317131713952e-04,9.910575628234378608e-04
6.246165616561656251e-04,9.949014608816744796e-04
6.249159915991599635e-04,9.985836078825482704e-04
6.252154215421543018e-04,1.002025450271192214e-03
6.255148514851485318e-04,1.005148434492738642e-03
6.258142814281428701e-04,1.007874006992324654e-03
6.261137113711372085e-04,1.010123614215082365e-03
6.264131413141314384e-04,1.011818702606146056e-03
6.267125712571257768e-04,1.012880718610650660e-03
6.270120012001201152e-04,1.013231469108899583e-03
6.273114311431143451e-04,1.013052988672182931e-03
6.276108610861085750e-04,1.012562441519555779e-03
6.279102910291029134e-04,1.011786388183110851e-03
6.282097209720971433e-04,1.010751389194940435e-03
6.285091509150914817e-04,1.009484005087136387e-03
6.288085808580858201e-04,1.008010796391792079e-03
6.291080108010800500e-04,1.006358323640999582e-03
6.294074407440743884e-04,1.004553147366851187e-03
6.297068706870687267e-04,1.002621828101439181e-03
6.300063006300629567e-04,1.000590926376856938e-03
6.303057305730572950e-04,9.984870027251958793e-04
6.306051605160516334e-04,9.963366176785485098e-04
6.309045904590458633e-04,9.941663317690082029e-04
6.312040204020402017e-04,9.920027055286661632e-04
6.315034503450345400e-04,9.898722994896155467e-04
6.318028802880287700e-04,9.878016741839492926e-04
6.321023102310231083e-04,9.858173901437583889e-04
6.324017401740173383e-04,9.839460079011370756e-04
6.327011701170116766e-04,9.822140879881761238e-04
6.330006000600060150e-04,9.806481903304178557e-04
6.333000300030002449e-04,9.791218532746994926e-04
6.335994599459945833e-04,9.775043010621399780e-04
6.338988898889889216e-04,9.758138097657395593e-04
6.341983198319831516e-04,9.740686554584983758e-04
6.344977497749774899e-04,9.722871142134151571e-04
6.347971797179718283e-04,9.704874621034903677e-04
6.350966096609660582e-04,9.686879752017245803e-04
6.353960396039603966e-04,9.669069295811161995e-04
6.356954695469547350e-04,9.651626013146656895e-04
6.359948994899489649e-04,9.634732664753735149e-04
6.362943294329433033e-04,9.618572011362382969e-04
6.365937593759376416e-04,9.603326813702604998e-04
6.368931893189318716e-04,9.589179832504403714e-04
6.371926192619262099e-04,9.576313828497768580e-04
6.374920492049205483e-04,9.564911562412700989e-04
6.377914791479147782e-04,9.555155794979205584e-04
6.380909090909091166e-04,9.547229286927269663e-04
6.383903390339034549e-04,9.541314798986897869e-04
6.386897689768976849e-04,9.537595091888088341e-04
6.389891989198920232e-04,9.536252926360838135e-04
6.392886288628862532e-04,9.538383166791774941e-04
6.395880588058805915e-04,9.544796814811871760e-04
6.398874887488749299e-04,9.555022095625497142e-04
6.401869186918691598e-04,9.568585814864197714e-04
6.404863486348634982e-04,9.585014778159540701e-04
6.407857785778578365e-04,9.603835791143070563e-04
6.410852085208520665e-04,9.624575659446336093e-04
6.413846384638464048e-04,9.646761188700905603e-04
6.416840684068407432e-04,9.669919184538323552e-04
6.419834983498349731e-04,9.693576452590136564e-04
6.422829282928293115e-04,9.717259798487914036e-04
6.425823582358236499e-04,9.740496027863201510e-04
6.428817881788178798e-04,9.762811946347542359e-04
6.431812181218122182e-04,9.783734359572510315e-04
6.434806480648065565e-04,9.802790073169650922e-04
6.437800780078007865e-04,9.819505892770506467e-04
6.440795079507951248e-04,9.833408624006646347e-04
6.443789378937894632e-04,9.844025072509618272e-04
6.446783678367836931e-04,9.850882043910969953e-04
6.449777977797780315e-04,9.853506343842264280e-04
6.452772277227722614e-04,9.853182986104015977e-04
6.455766576657665998e-04,9.852113960477353483e-04
6.458760876087609381e-04,9.850390854811859852e-04
6.461755175517551681e-04,9.848094487713303282e-04
6.464749474947495064e-04,9.845305677787436795e-04
6.467743774377438448e-04,9.842105243640035094e-04
6.470738073807380747e-04,9.838574003876855538e-04
6.473732373237324131e-04,9.834792777103661988e-04
6.476726672667267514e-04,9.830842381926222645e-04
6.479720972097209814e-04,9.826803636950297034e-04
6.482715271527153197e-04,9.822757360781646848e-04
6.485709570957096581e-04,9.818784372026042456e-04
6.488703870387038880e-04,9.814965489289243384e-04
6.491698169816982264e-04,9.811381531177013494e-04
6.494692469246925648e-04,9.808113316295116648e-04
6.497686768676867947e-04,9.805241663249316710e-04
6.500681068106811331e-04,9.802847390645377541e-04
6.503675367536753630e-04,9.801011317089065172e-04
6.506669666966695929e-04,9.799814261186136962e-04
6.509663966396639313e-04,9.799337041542363277e-04
6.512658265826582697e-04,9.801846757840125633e-04
6.515652565256524996e-04,9.810313096386838808e-04
6.518646864686468380e-04,9.824116212344790981e-04
6.521641164116411763e-04,9.842599777450712368e-04
6.524635463546354062e-04,9.865107463441322340e-04
6.527629762976297446e-04,9.890982942053379301e-04
6.530624062406240830e-04,9.919569885023598287e-04
6.533618361836183129e-04,9.950211964088707343e-04
6.536612661266126513e-04,9.982252850985460536e-04
6.539606960696069896e-04,1.001503621745057724e-03
6.542601260126012196e-04,1.004790573522078333e-03
6.545595559555955579e-04,1.008020507603283071e-03
6.548589858985898963e-04,1.011127791162344308e-03
6.551584158415841262e-04,1.014046791372934199e-03
6.554578457845784646e-04,1.016711875408727933e-03
6.557572757275728029e-04,1.019057410443398315e-03
6.560567056705670329e-04,1.021017763650617282e-03
6.563561356135613712e-04,1.022527302204060025e-03
6.566555655565556012e-04,1.023520393277398913e-03
6.569549954995499395e-04,1.023931404044307403e-03
6.572544254425442779e-04,1.023712467758915124e-03
6.575538553855385078e-04,1.022902990757626994e-03
6.578532853285328462e-04,1.021567435973574434e-03
6.581527152715271846e-04,1.019770200024836242e-03
6.584521452145214145e-04,1.017575679529493168e-03
6.587515751575157529e-04,1.015048271105622058e-03
6.590510051005100912e-04,1.012252371371303227e-03
6.593504350435043211e-04,1.009252376944616341e-03
6.596498649864986595e-04,1.006112684443638897e-03
6.599492949294929979e-04,1.002897690486450558e-03
6.602487248724872278e-04,9.996717916911316421e-04
6.605481548154815662e-04,9.964993846757592109e-04
6.608475847584759045e-04,9.934448660584133638e-04
6.611470147014701345e-04,9.905726324571741993e-04
6.614464446444644728e-04,9.879470804901183470e-04
6.617458745874588112e-04,9.856326067753265561e-04
6.620453045304530411e-04,9.836936079308782749e-04
6.623447344734473795e-04,9.821944805748510001e-04
6.626441644164416094e-04,9.811996213253252642e-04
6.629435943594359478e-04,9.807734268003789977e-04
6.632430243024302861e-04,9.807882347772944095e-04
6.635424542454245161e-04,9.808888150659095858e-04
6.638418841884188544e-04,9.810584952487128464e-04
6.641413141314131928e-04,9.812905283218852689e-04
6.644407440744074227e-04,9.815781672816081480e-04
6.647401740174017611e-04,9.819146651240627782e-04
6.650396039603960995e-04,9.822932748454313214e-04
6.653390339033903294e-04,9.827072494418942050e-04
6.656384638463846678e-04,9.831498419096335907e-04
6.659378937893790061e-04,9.836143052448307732e-04
6.662373237323732360e-04,9.840938924436666135e-04
6.665367536753675744e-04,9.845818565023237070e-04
6.668361836183619128e-04,9.850714504169822642e-04
6.671356135613561427e-04,9.855559271838242302e-04
6.674350435043504811e-04,9.860285397990311163e-04
6.677344734473448194e-04,9.864825412587840004e-04
6.680339033903390494e-04,9.869111845592643938e-04
6.683333333333333877e-04,9.873077226966542417e-04
6.686327632763277261e-04,9.876654086671344049e-04
6.689321932193219560e-04,9.879774954668863948e-04
6.692316231623162944e-04,9.882570788120736017e-04
6.695310531053105243e-04,9.885444153366490256e-04
6.698304830483048627e-04,9.888386662512606718e-04
6.701299129912992010e-04,9.891373285121141719e-04
6.704293429342934310e-04,9.894378990754164587e-04
6.707287728772877693e-04,9.897378748973740311e-04
6.710282028202821077e-04,9.900347529341931713e-04
6.713276327632763376e-04,9.903260301420801614e-04
6.716270627062706760e-04,9.906092034772421510e-04
6.719264926492650144e-04,9.908817698958849885e-04
6.722259225922592443e-04,9.911412263542149562e-04
6.725253525352535827e-04,9.913850698084387698e-04
6.728247824782479210e-04,9.916107972147633620e-04
6.731242124212421509e-04,9.918159055293943645e-04
6.734236423642363809e-04,9.919978917085387100e-04
6.737230723072307192e-04,9.921542527084024638e-04
6.740225022502249492e-04,9.922824854851925586e-04
6.743219321932192875e-04,9.923800869951150596e-04
6.746213621362136259e-04,9.924445541943768996e-04
6.749207920792078558e-04,9.924733840391839271e-04
6.752202220222021942e-04,9.923930418509778126e-04
6.755196519651965326e-04,9.920317084600139505e-04
6.758190819081907625e-04,9.914034786960151946e-04
6.761185118511851009e-04,9.905319406644655985e-04
6.764179417941794392e-04,9.894406824708494325e-04
6.767173717371736692e-04,9.881532922206511839e-04
6.770168016801680075e-04,9.866933580193546893e-04
6.773162316231623459e-04,9.850844679724444358e-04
6.776156615661565758e-04,9.833502101854051276e-04
6.779150915091509142e-04,9.815141727637197340e-04
6.782145214521452525e-04,9.795999438128733926e-04
6.785139513951394825e-04,9.776311114383510244e-04
6.788133813381338208e-04,9.756312637456353819e-04
6.791128112811281592e-04,9.736239888402114942e-04
6.794122412241223891e-04,9.716328748275642824e-04
6.797116711671167275e-04,9.696815098131764989e-04
6.800111011101110658e-04,9.677934819025330645e-04
6.803105310531052958e-04,9.659923792011191170e-04
6.806099609960996341e-04,9.643017898144174089e-04
6.809093909390938641e-04,9.627453018479135115e-04
6.812088208820882024e-04,9.612762264711759630e-04
6.815082508250825408e-04,9.597106732784733496e-04
6.818076807680767707e-04,9.580549073260486706e-04
6.821071107110711091e-04,9.563283617320770136e-04
6.824065406540654475e-04,9.545504696147354183e-04
6.827059705970596774e-04,9.527406640922007073e-04
6.830054005400540158e-04,9.509183782826477515e-04
6.833048304830483541e-04,9.491030453042534820e-04
6.836042604260425841e-04,9.473140982751947214e-04
6.839036903690369224e-04,9.455709703136467746e-04
6.842031203120312608e-04,9.438930945377861387e-04
6.845025502550254907e-04,9.422999040657898534e-04
6.848019801980198291e-04,9.408108320158330064e-04
6.851014101410141674e-04,9.394453115060923121e-04
6.854008400840083974e-04,9.382227756547447013e-04
6.857002700270027357e-04,9.371626575799653705e-04
6.859996999699970741e-04,9.362843903999310338e-04
6.862991299129913040e-04,9.356074072328184055e-04
6.865985598559856424e-04,9.351511411968026818e-04
6.868979897989798723e-04,9.349350254100610106e-04
6.871974197419742107e-04,9.349374163042617307e-04
6.874968496849685490e-04,9.350305027956924480e-04
6.877962796279627790e-04,9.352007393008115056e-04
6.880957095709571173e-04,9.354451133938715759e-04
6.883951395139514557e-04,9.357606126491250067e-04
6.886945694569456856e-04,9.361442246408239283e-04
6.889939993999400240e-04,9.365929369432210135e-04
6.892934293429343624e-04,9.371037371305688266e-04
6.895928592859285923e-04,9.376736127771190645e-04
6.898922892289229307e-04,9.382995514571249420e-04
6.901917191719172690e-04,9.389785407448386981e-04
6.904911491149114990e-04,9.397075682145122465e-04
6.907905790579058373e-04,9.404836214403985853e-04
6.910900090009001757e-04,9.413036879967499534e-04
6.913894389438944056e-04,9.421647554578182647e-04
6.916888688868887440e-04,9.430638113978568422e-04
6.919882988298830823e-04,9.439978433911174914e-04
6.922877287728773123e-04,9.449638390118523428e-04
6.925871587158716506e-04,9.459587858343147197e-04
6.928865886588659890e-04,9.469796714327564273e-04
6.931860186018602189e-04,9.481615584931137259e-04
6.934854485448545573e-04,9.499936672666441703e-04
6.937848784878487872e-04,9.524487944234834302e-04
6.940843084308431256e-04,9.554465634701127860e-04
6.943837383738374639e-04,9.589065979130116744e-04
6.946831683168316939e-04,9.627485212586586651e-04
6.949825982598260322e-04,9.668919570135359057e-04
6.952820282028203706e-04,9.712565286841225078e-04
6.955814581458146005e-04,9.757618597768962822e-04
6.958808880888088305e-04,9.803275737983391594e-04
6.961803180318031688e-04,9.848732942549325280e-04
6.964797479747975072e-04,9.893186446531543072e-04
6.967791779177917371e-04,9.935832484994835002e-04
6.970786078607860755e-04,9.975867293004027966e-04
6.973780378037804139e-04,1.001248710562390332e-03
6.976774677467746438e-04,1.004488815791925328e-03
6.979768976897689822e-04,1.007226668495489821e-03
6.982763276327632121e-04,1.009381892179561299e-03
6.985757575757575505e-04,1.010874110350622234e-03
6.988751875187518888e-04,1.011622946515150761e-03
6.991746174617461188e-04,1.011582051517736494e-03
6.994740474047404571e-04,1.010881165398448342e-03
6.997734773477347955e-04,1.009600061551179121e-03
7.000729072907290254e-04,1.007805386149989444e-03
7.003723372337233638e-04,1.005563785368937318e-03
7.006717671767177021e-04,1.002941905382082706e-03
7.009711971197119321e-04,1.000006392363486435e-03
7.012706270627062704e-04,9.968238924872058638e-04
7.015700570057006088e-04,9.934610519273011711e-04
7.018694869486948387e-04,9.899845168578331848e-04
7.021689168916891771e-04,9.864609334528592639e-04
7.024683468346835154e-04,9.829569478864395859e-04
7.027677767776777454e-04,9.795392063326351963e-04
7.030672067206720837e-04,9.762743549655030200e-04
7.033666366636664221e-04,9.732290399591037771e-04
7.036660666066606520e-04,9.704699074874978621e-04
7.039654965496549904e-04,9.680636037247428508e-04
7.042649264926492203e-04,9.660767748448997883e-04
7.045643564356435587e-04,9.645760670220267924e-04
7.048637863786378971e-04,9.636281264301841494e-04
7.051632163216321270e-04,9.632050729488784557e-04
7.054626462646264654e-04,9.628705691534001927e-04
7.057620762076208037e-04,9.625597368249933644e-04
7.060615061506150337e-04,9.622711876733240416e-04
7.063609360936093720e-04,9.620035334080568852e-04
7.066603660366037104e-04,9.617553857388573156e-04
7.069597959795979403e-04,9.615253563753914032e-04
7.072592259225922787e-04,9.613120570273237008e-04
7.075586558655866170e-04,9.611140994043199538e-04
7.078580858085808470e-04,9.609300952160455822e-04
7.081575157515751853e-04,9.607586561721656810e-04
7.084569456945695237e-04,9.605983939823459954e-04
7.087563756375637536e-04,9.604479203562516203e-04
7.090558055805580920e-04,9.603058470035479759e-04
7.093552355235524303e-04,9.601707856339003738e-04
7.096546654665466603e-04,9.600413479569743424e-04
7.099540954095409986e-04,9.599161456824351936e-04
7.102535253525353370e-04,9.597937905199481305e-04
7.105529552955295669e-04,9.596728941791788986e-04
7.108523852385239053e-04,9.595520683697923757e-04
7.111518151815181352e-04,9.594316659980300097e-04
7.114512451245124736e-04,9.593205188684163828e-04
7.117506750675068120e-04,9.592190385720304226e-04
7.120501050105010419e-04,9.591259970099481414e-04
7.123495349534953803e-04,9.590401660832458767e-04
7.126489648964897186e-04,9.589603176929997492e-04
7.129483948394839486e-04,9.588852237402862048e-04
7.132478247824782869e-04,9.588136561261814727e-04
7.135472547254726253e-04,9.587443867517617818e-04
7.138466846684668552e-04,9.586761875181033614e-04
7.141461146114611936e-04,9.586078303262825489e-04
7.144455445544555319e-04,9.585380870773755734e-04
7.147449744974497619e-04,9.584657296724587725e-04
7.150444044404441002e-04,9.583895300126083752e-04
7.153438343834384386e-04,9.583082599989007190e-04
7.156432643264326685e-04,9.582206915324119247e-04
7.159426942694270069e-04,9.581255965142184382e-04
7.162421242124213452e-04,9.580217468453963801e-04
7.165415541554155752e-04,9.579079144270220879e-04
7.168409840984099135e-04,9.577828711601718992e-04
7.171404140414041435e-04,9.576398870611334616e-04
7.174398439843984818e-04,9.574432543094927228e-04
7.177392739273928202e-04,9.571926422214119485e-04
7.180387038703870501e-04,9.568951686193339148e-04
7.183381338133813885e-04,9.565579513257012898e-04
7.186375637563756184e-04,9.561881081629570664e-04
7.189369936993699568e-04,9.557927569535435873e-04
7.192364236423641867e-04,9.553790155199037371e-04
7.195358535853585251e-04,9.549540016844801837e-04
7.198352835283528635e-04,9.545248332697155950e-04
7.201347134713470934e-04,9.540986280980528556e-04
7.204341434143414317e-04,9.536825039919345250e-04
7.207335733573357701e-04,9.532835787738035962e-04
7.210330033003300000e-04,9.529089702661025204e-04
7.213324332433243384e-04,9.525657962912740737e-04
7.216318631863185683e-04,9.522611746717609240e-04
7.219312931293129067e-04,9.520022232300060644e-04
7.222307230723072451e-04,9.517960597884518375e-04
7.225301530153014750e-04,9.516498021695413449e-04
7.228295829582958134e-04,9.515705681957170375e-04
7.231290129012901517e-04,9.515605916719998636e-04
7.234284428442843817e-04,9.515848759463487686e-04
7.237278727872787200e-04,9.516339693626243643e-04
7.240273027302730584e-04,9.517064829225104373e-04
7.243267326732672883e-04,9.518010276276907744e-04
7.246261626162616267e-04,9.519162144798497044e-04
7.249255925592559650e-04,9.520506544806709055e-04
7.252250225022501950e-04,9.522029586318382730e-04
7.255244524452445333e-04,9.523717379350359188e-04
7.258238823882388717e-04,9.525556033919475212e-04
7.261233123312331016e-04,9.527531660042571921e-04
7.264227422742274400e-04,9.529630367736489352e-04
7.267221722172217784e-04,9.531838267018065370e-04
7.270216021602160083e-04,9.534141467904138929e-04
7.273210321032103466e-04,9.536526080411552230e-04
7.276204620462046850e-04,9.538978214557140975e-04
7.279198919891989149e-04,9.541483980357745196e-04
7.282193219321932533e-04,9.544029487830208184e-04
7.285187518751874832e-04,9.546600846991364553e-04
7.288181818181818216e-04,9.549184167858054337e-04
7.291176117611761600e-04,9.551838246393759557e-04
7.294170417041703899e-04,9.555214923156003706e-04
7.297164716471647283e-04,9.559386548714479031e-04
7.300159015901590666e-04,9.564246037102239455e-04
7.303153315331532966e-04,9.569686302352344324e-04
7.306147614761476349e-04,9.575600258497855150e-04
7.309141914191419733e-04,9.581880819571833444e-04
7.312136213621362032e-04,9.588420899607330962e-04
7.315130513051305416e-04,9.595113412637415722e-04
7.318124812481248799e-04,9.601851272695141647e-04
7.321119111911191099e-04,9.608527393813568081e-04
7.324113411341134482e-04,9.615034690025757620e-04
7.327107710771077866e-04,9.621266075364768525e-04
7.330102010201020165e-04,9.627114463863659056e-04
7.333096309630963549e-04,9.632472769555489641e-04
7.336090609060906933e-04,9.637233906473320708e-04
7.339084908490849232e-04,9.641290788650206181e-04
7.342079207920792615e-04,9.644536330119214077e-04
7.345073507350734915e-04,9.646863444913396151e-04
7.348067806780678298e-04,9.648165047065816085e-04
7.351062106210621682e-04,9.648332269486834889e-04
7.354056405640563981e-04,9.647308535054164224e-04
7.357050705070507365e-04,9.645197319253253059e-04
7.360045004500450749e-04,9.642124134563052071e-04
7.363039303930393048e-04,9.638214493462519527e-04
7.366033603360336432e-04,9.633593908430601767e-04
7.369027902790279815e-04,9.628387891946254889e-04
7.372022202220222115e-04,9.622721956488432824e-04
7.375016501650165498e-04,9.616721614536082995e-04
7.378010801080108882e-04,9.610512378568163670e-04
7.381005100510051181e-04,9.604219761063625526e-04
7.383999399939994565e-04,9.597969274501421408e-04
7.386993699369937948e-04,9.591886431360503078e-04
7.389987998799880248e-04,9.586096744119824466e-04
7.392982298229823631e-04,9.580725725258337332e-04
7.395976597659767015e-04,9.575898887254995608e-04
7.398970897089709314e-04,9.571741742588751054e-04
7.401965196519652698e-04,9.568379803738556516e-04
7.404959495949596082e-04,9.565938583183364839e-04
7.407953795379538381e-04,9.564543593402128870e-04
7.410948094809481764e-04,9.564342825011302746e-04
7.413942394239424064e-04,9.565696655367868098e-04
7.416936693669366363e-04,9.568559635161983041e-04
7.419930993099309747e-04,9.572758346876243012e-04
7.422925292529253130e-04,9.578119372993240200e-04
7.425919591959195430e-04,9.584469295995566790e-04
7.428913891389138813e-04,9.591634698365819308e-04
7.431908190819082197e-04,9.599442162586591023e-04
7.434902490249024496e-04,9.607718271140469786e-04
7.437896789678967880e-04,9.616289606510057542e-04
7.440891089108911264e-04,9.624982751177943224e-04
7.443885388538853563e-04,9.633624287626717936e-04
7.446879687968796947e-04,9.642040798338982538e-04
7.449873987398740330e-04,9.650058865797324879e-04
7.452868286828682630e-04,9.657505072484337148e-04
7.455862586258626013e-04,9.664206000882618035e-04
7.458856885688568313e-04,9.669988233474758645e-04
7.461851185118511696e-04,9.674678352743353331e-04
7.464845484548455080e-04,9.678102941170994280e-04
7.467839783978397379e-04,9.680088581240275849e-04
7.470834083408340763e-04,9.680074376936078154e-04
7.473828382838284146e-04,9.671255675483656118e-04
7.476822682268226446e-04,9.652098548726340205e-04
7.479816981698169829e-04,9.623785817763999030e-04
7.482811281128113213e-04,9.587500303696525061e-04
7.485805580558055512e-04,9.544424827623817272e-04
7.488799879987998896e-04,9.495742210645731268e-04
7.491794179417942279e-04,9.442635273862163853e-04
7.494788478847884579e-04,9.386286838373022676e-04
7.497782778277827962e-04,9.327879725278149245e-04
7.500777077707771346e-04,9.268596755677451209e-04
7.503771377137713645e-04,9.209620750670831878e-04
7.506765676567657029e-04,9.152134531358132761e-04
7.509759975997600413e-04,9.097320918839263675e-04
7.512754275427542712e-04,9.046362734214122509e-04
7.515748574857487180e-04,9.000442798582543183e-04
7.518742874287429479e-04,8.960743933044476714e-04
7.521737173717372863e-04,8.928448958699760274e-04
7.524731473147315162e-04,8.904740696648303679e-04
7.527725772577257462e-04,8.890801967989973376e-04
7.530720072007200845e-04,8.887813867935432125e-04
7.533714371437143145e-04,8.896317155681151721e-04
7.536708670867086528e-04,8.915358231633385396e-04
7.539702970297028828e-04,8.943775288047636687e-04
7.542697269726973295e-04,8.980406517179459003e-04
7.545691569156915595e-04,9.024090111284311429e-04
7.548685868586858978e-04,9.073664262617753880e-04
7.551680168016801278e-04,9.127967163435267125e-04
7.554674467446744661e-04,9.185837005992407824e-04
7.557668766876686961e-04,9.246111982544646989e-04
7.560663066306631428e-04,9.307630285347567303e-04
7.563657365736573728e-04,9.369230106656595324e-04
7.566651665166517111e-04,9.429749638727315903e-04
7.569645964596459411e-04,9.488027073815197884e-04
7.572640264026402794e-04,9.542900604175800095e-04
7.575634563456345094e-04,9.593208422064598969e-04
7.578628862886289562e-04,9.637788719737164179e-04
7.581623162316230777e-04,9.675479689448929872e-04
7.584617461746175245e-04,9.705119523455496078e-04
7.587611761176117544e-04,9.725546414012320798e-04
7.590606060606060928e-04,9.735826521143861080e-04
7.593600360036003227e-04,9.742437084473842693e-04
7.596594659465946611e-04,9.748786950863659465e-04
7.599588958895888910e-04,9.754867262552833606e-04
7.602583258325833378e-04,9.760669161780902506e-04
7.605577557755775677e-04,9.766183790787387291e-04
7.608571857185719061e-04,9.771402291811821014e-04
7.611566156615661360e-04,9.776315807093732390e-04
7.614560456045604744e-04,9.780915478872647967e-04
7.617554755475547043e-04,9.785192449388100799e-04
7.620549054905491511e-04,9.789137860879619599e-04
7.623543354335433810e-04,9.792742855586730917e-04
7.626537653765377194e-04,9.795998575748963468e-04
7.629531953195319493e-04,9.798896163605848135e-04
7.632526252625262877e-04,9.801426761396915804e-04
7.635520552055205176e-04,9.803581511361688684e-04
7.638514851485149644e-04,9.805351555739704166e-04
7.641509150915090859e-04,9.806728036770486628e-04
7.644503450345035327e-04,9.807702096693566955e-04
7.647497749774977626e-04,9.808264877748471694e-04
7.650492049204921010e-04,9.808411880383703391e-04
7.653486348634863309e-04,9.808344352523943287e-04
7.656480648064806693e-04,9.808183303100896644e-04
7.659474947494748992e-04,9.807939293902518101e-04
7.662469246924693460e-04,9.807622886716762297e-04
7.665463546354635760e-04,9.807244643331586038e-04
7.668457845784579143e-04,9.806815125534943962e-04
7.671452145214521443e-04,9.806344895114790707e-04
7.674446444644464826e-04,9.805844513859080912e-04
7.677440744074407125e-04,9.805324543555773553e-04
7.680435043504351593e-04,9.804795545992816760e-04
7.683429342934293893e-04,9.804268082958173848e-04
7.686423642364237276e-04,9.803752716239792948e-04
7.689417941794179576e-04,9.803260007625637373e-04
7.692412241224122959e-04,9.802800518903653088e-04
7.695406540654065259e-04,9.802384811861801234e-04
7.698400840084009726e-04,9.802023448288038621e-04
7.701395139513950942e-04,9.801726989970315548e-04
7.704389438943895409e-04,9.801505998696586654e-04
7.707383738373837709e-04,9.801371036254813082e-04
7.710378037803781092e-04,9.801338710217044180e-04
7.713372337233723392e-04,9.801862357512647252e-04
7.716366636663666775e-04,9.803158722806902189e-04
7.719360936093609075e-04,9.805142830738625657e-04
7.722355235523553543e-04,9.807729705946636491e-04
7.725349534953495842e-04,9.810834373069744849e-04
7.728343834383439226e-04,9.814371856746771736e-04
7.731338133813381525e-04,9.818257181616525144e-04
7.734332433243324909e-04,9.822405372317830410e-04
7.737326732673267208e-04,9.826731453489493361e-04
7.740321032103211676e-04,9.831150449770341502e-04
7.743315331533153975e-04,9.835577385799176321e-04
7.746309630963097359e-04,9.839927286214823158e-04
7.749303930393039658e-04,9.844115175656094341e-04
7.752298229822981957e-04,9.848056078761804367e-04
7.755292529252925341e-04,9.851665020170769903e-04
7.758286828682867640e-04,9.854857024521807615e-04
7.761281128112811024e-04,9.857547116453734166e-04
7.764275427542753323e-04,9.859650320605364057e-04
7.767269726972697791e-04,9.861081661615511782e-04
7.770264026402640091e-04,9.861759362912766568e-04
7.773258325832583474e-04,9.862092731915907042e-04
7.776252625262525774e-04,9.862411789992992211e-04
7.779246924692469157e-04,9.862716230409148029e-04
7.782241224122411457e-04,9.863005746429498281e-04
7.785235523552355924e-04,9.863280031319166755e-04
7.788229822982298224e-04,9.863538778343281573e-04
7.791224122412241607e-04,9.863781680766966521e-04
7.794218421842183907e-04,9.864008431855343217e-04
7.797212721272127290e-04,9.864218724873544120e-04
7.800207020702069590e-04,9.864412253086686511e-04
7.803201320132014058e-04,9.864588709759900681e-04
7.806195619561955273e-04,9.864747788158306080e-04
7.809189918991899741e-04,9.864889181547032999e-04
7.812184218421842040e-04,9.865012583191200887e-04
7.815178517851785423e-04,9.865117686355940035e-04
7.818172817281727723e-04,9.865204184306376398e-04
7.821167116711672191e-04,9.865271770307627256e-04
7.824161416141613406e-04,9.865320137624825070e-04
7.827155715571557874e-04,9.865348979523089288e-04
7.830150015001500173e-04,9.865351359238140605e-04
7.833144314431443557e-04,9.862531639026088023e-04
7.836138613861385856e-04,9.854956841103563320e-04
7.839132913291329240e-04,9.843157137245225549e-04
7.842127212721271539e-04,9.827662699225755451e-04
7.845121512151216007e-04,9.809003698819799069e-04
7.848115811581158306e-04,9.787710307802054491e-04
7.851110111011101690e-04,9.764312697947166676e-04
7.854104410441043989e-04,9.739341041029820701e-04
7.857098709870987373e-04,9.713325508824666946e-04
7.860093009300929672e-04,9.686796273106392657e-04
7.863087308730874140e-04,9.660283505649637373e-04
7.866081608160816439e-04,9.634317378229105685e-04
7.869075907590759823e-04,9.609428062619440386e-04
7.872070207020702122e-04,9.586145730595325466e-04
7.875064506450645506e-04,9.565000553931413477e-04
7.878058805880587805e-04,9.546522704402386240e-04
7.881053105310532273e-04,9.531242353782895223e-04
7.884047404740473488e-04,9.519689673847633090e-04
7.887041704170417956e-04,9.512394836371244802e-04
7.890036003600360255e-04,9.509888361817402189e-04
7.893030303030303639e-04,9.514906212749031991e-04
7.896024602460245938e-04,9.529041208894985758e-04
7.899018901890189322e-04,9.551281122985956279e-04
7.902013201320131621e-04,9.580613727752611405e-04
7.905007500750076089e-04,9.616026795925665610e-04
7.908001800180018389e-04,9.656508100235750968e-04
7.910996099609961772e-04,9.701045413413589540e-04
7.913990399039904072e-04,9.748626508189832916e-04
7.916984698469847455e-04,9.798239157295194485e-04
7.919978997899789755e-04,9.848871133460322582e-04
7.922973297329734222e-04,9.899510209415952281e-04
7.925967596759676522e-04,9.949144157892695055e-04
7.928961896189619905e-04,9.996760751621283810e-04
7.931956195619562205e-04,1.004134776333236905e-03
7.934950495049505588e-04,1.008189296575666199e-03
7.937944794479447888e-04,1.011738413162481748e-03
7.940939093909392356e-04,1.014680903366755324e-03
7.943933393339333571e-04,1.016915544461550027e-03
7.946927692769278039e-04,1.018341113719938712e-03
7.949921992199220338e-04,1.018856388414986864e-03
7.952916291629163721e-04,1.018482857234187305e-03
7.955910591059106021e-04,1.017370841126129547e-03
7.958904890489049404e-04,1.015597215143350862e-03
7.961899189918991704e-04,1.013238786675992216e-03
7.964893489348936172e-04,1.010372363114190025e-03
7.967887788778878471e-04,1.007074751848088291e-03
7.970882088208821855e-04,1.003422760267822780e-03
7.973876387638764154e-04,9.994931957635359767e-04
7.976870687068707538e-04,9.953628657253645127e-04
7.979864986498649837e-04,9.911085775434506570e-04
7.982859285928592136e-04,9.868071386079323420e-04
7.985853585358536604e-04,9.825353563089461988e-04
7.988847884788477819e-04,9.783700380366390503e-04
7.991842184218422287e-04,9.743879911811417814e-04
7.994836483648364587e-04,9.706660231326009981e-04
7.997830783078307970e-04,9.672809412811519221e-04
8.000825082508250270e-04,9.643095530169366056e-04
8.003819381938193653e-04,9.618286657300923305e-04
8.006813681368135953e-04,9.599150868107606070e-04
8.009807980798080420e-04,9.586456236490787167e-04
8.012802280228022720e-04,9.577783822169013079e-04
8.015796579657966103e-04,9.569360369033779509e-04
8.018790879087908403e-04,9.561193703480351828e-04
8.021785178517851786e-04,9.553306104818105058e-04
8.024779477947794086e-04,9.545719852356423975e-04
8.027773777377738553e-04,9.538457225404682518e-04
8.030768076807680853e-04,9.531540503272268716e-04
8.033762376237624236e-04,9.524991965268558673e-04
8.036756675667566536e-04,9.518833890702931748e-04
8.039750975097509919e-04,9.513088558884768382e-04
8.042745274527452219e-04,9.507778249123451184e-04
8.045739573957396687e-04,9.502925240728351923e-04
8.048733873387337902e-04,9.498551813008864050e-04
8.051728172817282370e-04,9.494680245274352828e-04
8.054722472247224669e-04,9.491332816834210625e-04
8.057716771677168053e-04,9.488531806997809208e-04
8.060711071107110352e-04,9.486299495074533355e-04
8.063705370537054820e-04,9.484658160373760256e-04
8.066699669966996035e-04,9.483630082204872521e-04
8.069693969396940503e-04,9.483237539877248422e-04
8.072688268826882802e-04,9.485430274755551850e-04
8.075682568256826186e-04,9.492732220100992590e-04
8.078676867686768485e-04,9.504644383344619746e-04
8.081671167116711869e-04,9.520641840541303053e-04
8.084665466546654168e-04,9.540199667745887305e-04
8.087659765976598636e-04,9.562792941013251993e-04
8.090654065406540935e-04,9.587896736398222397e-04
8.093648364836484319e-04,9.614986129955682345e-04
8.096642664266426618e-04,9.643536197740469043e-04
8.099636963696370002e-04,9.673022015807459812e-04
8.102631263126312301e-04,9.702918660211494028e-04
8.105625562556256769e-04,9.732701207007456601e-04
8.108619861986199068e-04,9.761844732250167392e-04
8.111614161416142452e-04,9.789824311994511311e-04
8.114608460846084751e-04,9.816115022295329902e-04
8.117602760276028135e-04,9.840191939207497233e-04
8.120597059705970434e-04,9.861530138785853765e-04
8.123591359135914902e-04,9.879604697085276818e-04
8.126585658565856117e-04,9.893890690160596010e-04
8.129579957995800585e-04,9.903863194066697337e-04
8.132574257425742885e-04,9.910813912423455888e-04
8.135568556855686268e-04,9.917559305774226088e-04
8.138562856285628568e-04,9.924125498936818297e-04
8.141557155715571951e-04,9.930491904032176867e-04
8.144551455145514251e-04,9.936637933181228805e-04
8.147545754575458718e-04,9.942542998504920633e-04
8.150540054005401018e-04,9.948186512124179356e-04
8.153534353435344401e-04,9.953547886159942824e-04
8.156528652865286701e-04,9.958606532733146714e-04
8.159522952295230084e-04,9.963341863964731045e-04
8.162517251725172384e-04,9.967733291975627158e-04
8.165511551155116851e-04,9.971760228886775070e-04
8.168505850585059151e-04,9.975402086819103956e-04
8.171500150015002534e-04,9.978638277893562506e-04
8.174494449444944834e-04,9.981448214231073389e-04
8.177488748874888217e-04,9.983811307952580958e-04
8.180483048304830517e-04,9.985706971179020893e-04
8.183477347734774985e-04,9.987114616031322369e-04
8.186471647164716200e-04,9.988013654630427569e-04
8.189465946594660668e-04,9.988383499097272175e-04
8.192460246024602967e-04,9.987575760390212439e-04
8.195454545454546351e-04,9.984482381678652912e-04
8.198448844884488650e-04,9.979260076366516189e-04
8.201443144314432034e-04,9.972096243040181902e-04
8.204437443744374333e-04,9.963178280286038354e-04
8.207431743174316632e-04,9.952693586690463008e-04
8.210426042604261100e-04,9.940829560839833327e-04
8.213420342034203400e-04,9.927773601320548456e-04
8.216414641464146783e-04,9.913713106718972847e-04
8.219408940894089083e-04,9.898835475621503479e-04
8.222403240324032466e-04,9.883328106614513477e-04
8.225397539753974765e-04,9.867378398284393313e-04
8.228391839183919233e-04,9.851173749217511776e-04
8.231386138613860448e-04,9.834901558000274518e-04
8.234380438043804916e-04,9.818749223219037318e-04
8.237374737473747216e-04,9.802904143460205826e-04
8.240369036903690599e-04,9.787553717310148831e-04
8.243363336333632899e-04,9.772885343355256806e-04
8.246357635763576282e-04,9.759086420181905044e-04
8.249351935193518582e-04,9.746344346376484020e-04
8.252346234623463049e-04,9.734115494387829718e-04
8.255340534053405349e-04,9.720982549242084946e-04
8.258334833483348732e-04,9.707057986041818997e-04
8.261329132913291032e-04,9.692509902576384269e-04
8.264323432343234415e-04,9.677506396635107136e-04
8.267317731773176715e-04,9.662215566007341079e-04
8.270312031203121183e-04,9.646805508482409223e-04
8.273306330633063482e-04,9.631444321849673721e-04
8.276300630063006866e-04,9.616300103898458781e-04
8.279294929492949165e-04,9.601540952418115716e-04
8.282289228922892549e-04,9.587334965197970901e-04
8.285283528352834848e-04,9.573850240027378901e-04
8.288277827782779316e-04,9.561254874695665007e-04
8.291272127212720531e-04,9.549716966992190291e-04
8.294266426642664999e-04,9.539404614706270286e-04
8.297260726072607298e-04,9.530485915627266063e-04
8.300255025502550682e-04,9.523128967544506164e-04
8.303249324932492981e-04,9.517501868247334315e-04
8.306243624362436365e-04,9.513772715525089900e-04
8.309237923792378664e-04,9.512109607167115559e-04
8.312232223222323132e-04,9.513197182773629927e-04
8.315226522652265431e-04,9.518183198079717714e-04
8.318220822082208815e-04,9.526706719730891225e-04
8.321215121512151114e-04,9.538340179441762851e-04
8.324209420942094498e-04,9.552656008926959080e-04
8.327203720372036797e-04,9.569226639901089052e-04
8.330198019801981265e-04,9.587624504078792265e-04
8.333192319231923564e-04,9.607422033174657259e-04
8.336186618661866948e-04,9.628191658903326785e-04
8.339180918091809247e-04,9.649505812979401308e-04
8.342175217521752631e-04,9.670936927117518159e-04
8.345169516951694930e-04,9.692057433032277803e-04
8.348163816381639398e-04,9.712439762438322991e-04
8.351158115811580613e-04,9.731656347050237927e-04
8.354152415241525081e-04,9.749279618582679455e-04
8.357146714671467381e-04,9.764882008750236115e-04
8.360141014101410764e-04,9.778035949267543069e-04
8.363135313531353063e-04,9.788313871849211624e-04
8.366129612961297531e-04,9.795288208209868269e-04
8.369123912391238746e-04,9.798531390064119974e-04
8.372118211821183214e-04,9.795447081148321231e-04
8.375112511251125514e-04,9.780335931587956326e-04
8.378106810681068897e-04,9.754135945853134463e-04
8.381101110111011197e-04,9.718181259989942767e-04
8.384095409540954580e-04,9.673806010044413073e-04
8.387089708970896880e-04,9.622344332062645516e-04
8.390084008400841347e-04,9.565130362090643740e-04
8.393078307830783647e-04,9.503498236174553419e-04
8.396072607260727030e-04,9.438782090360373859e-04
8.399066906690669330e-04,9.372316060694219292e-04
8.402061206120612713e-04,9.305434283222102036e-04
8.405055505550555013e-04,9.239470893990134152e-04
8.408049804980499481e-04,9.175760029044310612e-04
8.411044104410441780e-04,9.115635824430786847e-04
8.414038403840385164e-04,9.060432416195559994e-04
8.417032703270327463e-04,9.011483940384733445e-04
8.420027002700270847e-04,8.970124533044337945e-04
8.423021302130213146e-04,8.937688330220462793e-04
8.426015601560157614e-04,8.915509467959145239e-04
8.429009900990098829e-04,8.904922082306483255e-04
8.432004200420043297e-04,8.906653820346754988e-04
8.434998499849985596e-04,8.918969232855192058e-04
8.437992799279927895e-04,8.940694043406899934e-04
8.440987098709871279e-04,8.970758176380978517e-04
8.443981398139813578e-04,9.008091556156489757e-04
8.446975697569756962e-04,9.051624107112547649e-04
8.449969996999699261e-04,9.100285753628207640e-04
8.452964296429643729e-04,9.153006420082610830e-04
8.455958595859586029e-04,9.208716030854764961e-04
8.458952895289529412e-04,9.266344510323817635e-04
8.461947194719471712e-04,9.324821782868811292e-04
8.464941494149415095e-04,9.383077772868875102e-04
8.467935793579357395e-04,9.440042404703053672e-04
8.470930093009301862e-04,9.494645602750492437e-04
8.473924392439243078e-04,9.545817291390180708e-04
8.476918691869187545e-04,9.592487395001317047e-04
8.479912991299129845e-04,9.633585837962899438e-04
8.482907290729073228e-04,9.668042544654058138e-04
8.485901590159015528e-04,9.694787439453861604e-04
8.488895889588958911e-04,9.712750446741409737e-04
8.491890189018901211e-04,9.722890259990900211e-04
8.494884488448845678e-04,9.732064244587523318e-04
8.497878787878787978e-04,9.740921932117849744e-04
8.500873087308731361e-04,9.749444450926658982e-04
8.503867386738673661e-04,9.757612929358708840e-04
8.506861686168617044e-04,9.765408495758775556e-04
8.509855985598559344e-04,9.772812278471614770e-04
8.512850285028503812e-04,9.779805405842007058e-04
8.515844584458446111e-04,9.786369006214708059e-04
8.518838883888389495e-04,9.792484207934489676e-04
8.521833183318331794e-04,9.798132139346117306e-04
8.524827482748275178e-04,9.803293928794360682e-04
8.527821782178217477e-04,9.807950704623983034e-04
8.530816081608161945e-04,9.812083595179756264e-04
8.533810381038103160e-04,9.815673728806439263e-04
8.536804680468047628e-04,9.818702233848810440e-04
8.539798979897989927e-04,9.821150238651624349e-04
8.542793279327933311e-04,9.822998871559657230e-04
8.545787578757875610e-04,9.824229260917672311e-04
8.548781878187818994e-04,9.824822535070439327e-04
8.551776177617761293e-04,9.824006933112439457e-04
8.554770477047705761e-04,9.818778115754085798e-04
8.557764776477648060e-04,9.809192695459311665e-04
8.560759075907591444e-04,9.795673581558385183e-04
8.563753375337533743e-04,9.778643683381578813e-04
8.566747674767477127e-04,9.758525910259154175e-04
8.569741974197419426e-04,9.735743171521392403e-04
8.572736273627363894e-04,9.710718376498537769e-04
8.575730573057306193e-04,9.683874434520895261e-04
8.578724872487249577e-04,9.655634254918704813e-04
8.581719171917191876e-04,9.626420747022258403e-04
8.584713471347135260e-04,9.596656820161800303e-04
8.587707770777077559e-04,9.566765383667622490e-04
8.590702070207022027e-04,9.537169346869962729e-04
8.593696369636963242e-04,9.508291619099142273e-04
8.596690669066907710e-04,9.480555109685368529e-04
8.599684968496850010e-04,9.454382727958959495e-04
8.602679267926793393e-04,9.430197383250157276e-04
8.605673567356735693e-04,9.408421984889246258e-04
8.608667866786679076e-04,9.389479442206481556e-04
8.611662166216621376e-04,9.373170090864755069e-04
8.614656465646565843e-04,9.356781856249789383e-04
8.617650765076508143e-04,9.340057798021300000e-04
8.620645064506451526e-04,9.323131312312647224e-04
8.623639363936393826e-04,9.306135795257218469e-04
8.626633663366337209e-04,9.289204642988374040e-04
8.629627962796279509e-04,9.272471251639504601e-04
8.632622262226223976e-04,9.256069017343967207e-04
8.635616561656166276e-04,9.240131336235160109e-04
8.638610861086109659e-04,9.224791604446442531e-04
8.641605160516051959e-04,9.210183218111197547e-04
8.644599459945995342e-04,9.196439573362795222e-04
8.647593759375937642e-04,9.183694066334615377e-04
8.650588058805882110e-04,9.172080093160024823e-04
8.653582358235824409e-04,9.161731049972413141e-04
8.656576657665767793e-04,9.152780332905144974e-04
8.659570957095710092e-04,9.145361338091601228e-04
8.662565256525652391e-04,9.139607461665154135e-04
8.665559555955595775e-04,9.135652099759178097e-04
8.668553855385538074e-04,9.133628648507051851e-04
8.671548154815481458e-04,9.134220571140764860e-04
8.674542454245423757e-04,9.140359018465431902e-04
8.677536753675368225e-04,9.151936775829736881e-04
8.680531053105310525e-04,9.168337516489602317e-04
8.683525352535253908e-04,9.188944913700983251e-04
8.686519651965196208e-04,9.213142640719804372e-04
8.689513951395139591e-04,9.240314370802022890e-04
8.692508250825081891e-04,9.269843777203560240e-04
8.695502550255026358e-04,9.301114533180388812e-04
8.698496849684968658e-04,9.333510311988401850e-04
8.701491149114912041e-04,9.366414786883574999e-04
8.704485448544854341e-04,9.399211631121824270e-04
8.707479747974797724e-04,9.431284517959113382e-04
8.710474047404740024e-04,9.462017120651358346e-04
8.713468346834684491e-04,9.490793112454531553e-04
8.716462646264625707e-04,9.516996166624522996e-04
8.719456945694570174e-04,9.540009956417327833e-04
8.722451245124512474e-04,9.559218155088843646e-04
8.725445544554455857e-04,9.574004435895031983e-04
8.728439843984398157e-04,9.583752472091822952e-04
8.731434143414341540e-04,9.588526313266182086e-04
8.734428442844283840e-04,9.592378412794231235e-04
8.737422742274228308e-04,9.596080559996304207e-04
8.740417041704170607e-04,9.599626976792511451e-04
8.743411341134113991e-04,9.603011885102967753e-04
8.746405640564056290e-04,9.606229506847785730e-04
8.749399939993999674e-04,9.609274063947080167e-04
8.752394239423941973e-04,9.612139778320962597e-04
8.755388538853886441e-04,9.614820871889549975e-04
8.758382838283828740e-04,9.617311566572950580e-04
8.761377137713772124e-04,9.619606084291281367e-04
8.764371437143714423e-04,9.621698646964653868e-04
8.767365736573657807e-04,9.623583476513182869e-04
8.770360036003600106e-04,9.625254794856980987e-04
8.773354335433544574e-04,9.626706823916163008e-04
8.776348634863485789e-04,9.627933785610837212e-04
8.779342934293430257e-04,9.628929901861124890e-04
8.782337233723372556e-04,9.629689394587132153e-04
8.785331533153315940e-04,9.630206485708977041e-04
8.788325832583258239e-04,9.630475397146770001e-04
8.791320132013201623e-04,9.629927079198181148e-04
8.794314431443143922e-04,9.624443443573848546e-04
8.797308730873088390e-04,9.613699553083243123e-04
8.800303030303030689e-04,9.598308622813002400e-04
8.803297329732974073e-04,9.578883867849725953e-04
8.806291629162916372e-04,9.556038503280046966e-04
8.809285928592859756e-04,9.530385744190565016e-04
8.812280228022802055e-04,9.502538805667915455e-04
8.815274527452746523e-04,9.473110902798685933e-04
8.818268826882688823e-04,9.442715250669535655e-04
8.821263126312632206e-04,9.411965064367050103e-04
8.824257425742574506e-04,9.381473558977866797e-04
8.827251725172517889e-04,9.351853949588584229e-04
8.830246024602460189e-04,9.323719451285838837e-04
8.833240324032404656e-04,9.297683279156218270e-04
8.836234623462345871e-04,9.274358648286387154e-04
8.839228922892290339e-04,9.254358773762912539e-04
8.842223222322232639e-04,9.238296870672446041e-04
8.845217521752176022e-04,9.226786154101590488e-04
8.848211821182118322e-04,9.220439839136968223e-04
8.851206120612061705e-04,9.219633691359213016e-04
8.854200420042004005e-04,9.222502799021803192e-04
8.857194719471948472e-04,9.228247751279524238e-04
8.860189018901890772e-04,9.236534777588592494e-04
8.863183318331834155e-04,9.247030107405237315e-04
8.866177617761776455e-04,9.259399970185673958e-04
8.869171917191719838e-04,9.273310595386133944e-04
8.872166216621662138e-04,9.288428212462834701e-04
8.875160516051606606e-04,9.304419050872011002e-04
8.878154815481548905e-04,9.320949340069866178e-04
8.881149114911492289e-04,9.337685309512639342e-04
8.884143414341434588e-04,9.354293188656541413e-04
8.887137713771377972e-04,9.370439206957809335e-04
8.890132013201320271e-04,9.385789593872652945e-04
8.893126312631262570e-04,9.400010578857301595e-04
8.896120612061205954e-04,9.412768391367985722e-04
8.899114911491148253e-04,9.423729260860916248e-04
8.902109210921092721e-04,9.432559416792326863e-04
8.905103510351035020e-04,9.438925088618430655e-04
8.908097809780978404e-04,9.442492505795456979e-04
8.911092109210920703e-04,9.443130707026183577e-04
8.914086408640864087e-04,9.442851106271054609e-04
8.917080708070806386e-04,9.442278138763348814e-04
8.920075007500750854e-04,9.441445702849608074e-04
8.923069306930693154e-04,9.440387696876374269e-04
8.926063606360636537e-04,9.439138019190187112e-04
8.929057905790578837e-04,9.437730568137587400e-04
8.932052205220522220e-04,9.436199242065113763e-04
8.935046504650464520e-04,9.434577939319308080e-04
8.938040804080408987e-04,9.432900558246708981e-04
8.941035103510350203e-04,9.431200997193862684e-04
8.944029402940294670e-04,9.429513154507300227e-04
8.947023702370236970e-04,9.427870928533571082e-04
8.950018001800180353e-04,9.426308217619209541e-04
8.953012301230122653e-04,9.424858920110760737e-04
8.956006600660067121e-04,9.423556934354760046e-04
8.959000900090008336e-04,9.422436158697753686e-04
8.961995199519952804e-04,9.421530491486275949e-04
8.964989498949895103e-04,9.420873831066871968e-04
8.967983798379838487e-04,9.420500075786080374e-04
8.970978097809780786e-04,9.420703577280864494e-04
8.973972397239724169e-04,9.424868330788808111e-04
8.976966696669666469e-04,9.433616193181322421e-04
8.979960996099610937e-04,9.446419908819592452e-04
8.982955295529553236e-04,9.462752222064777213e-04
8.985949594959496620e-04,9.482085877278064985e-04
8.988943894389438919e-04,9.503893618820620200e-04
8.991938193819382303e-04,9.527648191053632223e-04
8.994932493249324602e-04,9.552822338338260062e-04
8.997926792679269070e-04,9.578888805035706095e-04
9.000921092109211369e-04,9.605320335507110899e-04
9.003915391539154753e-04,9.631589674113674683e-04
9.006909690969097052e-04,9.657169565216556454e-04
9.009903990399040436e-04,9.681532753176947748e-04
9.012898289828982735e-04,9.704151982356010826e-04
9.015892589258927203e-04,9.724499997114938307e-04
9.018886888688868418e-04,9.742049541814876189e-04
9.021881188118812886e-04,9.756273360817033355e-04
9.024875487548755185e-04,9.766644198482561223e-04
9.027869786978698569e-04,9.772634799172644823e-04
9.030864086408640868e-04,9.773691784593248593e-04
9.033858385838584252e-04,9.769157564698247899e-04
9.036852685268526551e-04,9.759378931922496180e-04
9.039846984698471019e-04,9.744956589130088177e-04
9.042841284128413318e-04,9.726491239185156576e-04
9.045835583558356702e-04,9.704583584951793950e-04
9.048829882988299001e-04,9.679834329294126479e-04
9.051824182418242385e-04,9.652844175076245653e-04
9.054818481848184684e-04,9.624213825162281988e-04
9.057812781278129152e-04,9.594543982416315047e-04
9.060807080708071452e-04,9.564435349702498116e-04
9.063801380138014835e-04,9.534488629884906421e-04
9.066795679567957135e-04,9.505304525827674815e-04
9.069789978997900518e-04,9.477483740394892619e-04
9.072784278427842818e-04,9.451626976450689267e-04
9.075778577857787285e-04,9.428334936859149740e-04
9.078772877287728501e-04,9.408208324484421906e-04
9.081767176717672968e-04,9.391847842190576652e-04
9.084761476147615268e-04,9.379854192841753169e-04
9.087755775577558651e-04,9.372828079302048367e-04
9.090750075007500951e-04,9.371242465259520043e-04
9.093744374437444334e-04,9.372695252019080199e-04
9.096738673867386634e-04,9.375938508766183156e-04
9.099732973297331102e-04,9.380794999612262564e-04
9.102727272727273401e-04,9.387087488668737975e-04
9.105721572157216784e-04,9.394638740047043038e-04
9.108715871587159084e-04,9.403271517858597306e-04
9.111710171017102467e-04,9.412808586214837679e-04
9.114704470447044767e-04,9.423072709227181543e-04
9.117698769876987066e-04,9.433886651007059292e-04
9.120693069306931534e-04,9.445073175665907829e-04
9.123687368736872749e-04,9.456455047315132610e-04
9.126681668166817217e-04,9.467855030066185716e-04
9.129675967596759516e-04,9.479095888030473691e-04
9.132670267026702900e-04,9.490000385319436686e-04
9.135664566456645199e-04,9.500391286044493171e-04
9.138658865886588583e-04,9.510091354317076794e-04
9.141653165316530882e-04,9.518923354248609277e-04
9.144647464746475350e-04,9.526710049950526437e-04
9.147641764176417650e-04,9.533274205534243489e-04
9.150636063606361033e-04,9.538474610409482203e-04
9.153630363036303333e-04,9.543236013919329744e-04
9.156624662466246716e-04,9.548009952325755027e-04
9.159618961896189016e-04,9.552768162161531709e-04
9.162613261326133483e-04,9.557482379959432364e-04
9.165607560756075783e-04,9.562124342252230650e-04
9.168601860186019166e-04,9.566665785572702396e-04
9.171596159615961466e-04,9.571078446453615838e-04
9.174590459045904849e-04,9.575334061427751139e-04
9.177584758475847149e-04,9.579404367027876538e-04
9.180579057905791616e-04,9.583261099786772198e-04
9.183573357335732832e-04,9.586875996237202019e-04
9.186567656765677299e-04,9.590220792911950502e-04
9.189561956195619599e-04,9.593267226343782633e-04
9.192556255625562982e-04,9.595987033065476405e-04
9.195550555055505282e-04,9.598351949609804394e-04
9.198544854485448665e-04,9.600333712509540257e-04
9.201539153915390965e-04,9.601904058297457654e-04
9.204533453345335433e-04,9.603034723506331327e-04
9.207527752775277732e-04,9.603697444668932767e-04
9.210522052205221116e-04,9.603847600079521872e-04
9.213516351635163415e-04,9.602807206519489106e-04
9.216510651065106799e-04,9.600348352521288721e-04
9.219504950495049098e-04,9.596631412336341935e-04
9.222499249924993566e-04,9.591816760216065633e-04
9.225493549354935865e-04,9.586064770411888624e-04
9.228487848784879249e-04,9.579535817175223456e-04
9.231482148214821548e-04,9.572390274757497852e-04
9.234476447644764932e-04,9.564788517410127613e-04
9.237470747074707231e-04,9.556890919384537211e-04
9.240465046504651699e-04,9.548857854932140277e-04
9.243459345934592914e-04,9.540849698304371043e-04
9.246453645364537382e-04,9.533026823752633380e-04
9.249447944794479681e-04,9.525549605528362603e-04
9.252442244224423065e-04,9.518578417882971260e-04
9.255436543654365364e-04,9.512273635067884908e-04
9.258430843084309832e-04,9.506795631334518260e-04
9.261425142514251047e-04,9.502304780934299044e-04
9.264419441944195515e-04,9.498961458118641973e-04
9.267413741374137814e-04,9.496926037138972605e-04
9.270408040804081198e-04,9.496351348863971880e-04
9.273402340234023497e-04,9.496844128633312064e-04
9.276396639663966881e-04,9.498050890634616474e-04
9.279390939093909180e-04,9.499891256495915761e-04
9.282385238523853648e-04,9.502284847845243829e-04
9.285379537953795948e-04,9.505151286310629163e-04
9.288373837383739331e-04,9.508410193520106749e-04
9.291368136813681631e-04,9.511981191101703988e-04
9.294362436243625014e-04,9.515783900683455867e-04
9.297356735673567314e-04,9.519737943893393037e-04
9.300351035103511781e-04,9.523762942359548320e-04
9.303345334533454081e-04,9.527778517709949114e-04
9.306339633963397464e-04,9.531704291572630407e-04
9.309333933393339764e-04,9.535459885575622851e-04
9.312328232823283147e-04,9.538964921346959266e-04
9.315322532253225447e-04,9.542139020514668135e-04
9.318316831683169914e-04,9.544901804706786615e-04
9.321311131113111130e-04,9.547172895551337768e-04
9.324305430543055597e-04,9.548871914676360919e-04
9.327299729972997897e-04,9.549918483709884552e-04
9.330294029402941280e-04,9.550192831449183040e-04
9.333288328832883580e-04,9.545002596210524657e-04
9.336282628262826963e-04,9.531791723309233650e-04
9.339276927692769263e-04,9.511459302533848770e-04
9.342271227122711562e-04,9.484904423672900096e-04
9.345265526552656030e-04,9.453026176514894938e-04
9.348259825982598329e-04,9.416723650848413249e-04
9.351254125412541713e-04,9.376895936461948243e-04
9.354248424842484012e-04,9.334442123144064693e-04
9.357242724272427396e-04,9.290261300683261237e-04
9.360237023702369695e-04,9.245252558868102648e-04
9.363231323132314163e-04,9.200314987487076719e-04
9.366225622562255378e-04,9.156347676328791593e-04
9.369219921992199846e-04,9.114249715181689526e-04
9.372214221422142146e-04,9.074920193834376493e-04
9.375208520852085529e-04,9.039258202075343539e-04
9.378202820282027828e-04,9.008162829693150018e-04
9.381197119711971212e-04,8.982533166476303239e-04
9.384191419141913511e-04,8.963268302213353881e-04
9.387185718571857979e-04,8.951267326692822265e-04
9.390180018001800279e-04,8.947427315162469023e-04
9.393174317431743662e-04,8.951710402132195257e-04
9.396168616861685962e-04,8.963081882015528235e-04
9.399162916291629345e-04,8.980750543971655064e-04
9.402157215721571645e-04,9.003925177159743335e-04
9.405151515151516112e-04,9.031814570738996416e-04
9.408145814581458412e-04,9.063627513868554794e-04
9.411140114011401795e-04,9.098572795707627258e-04
9.414134413441344095e-04,9.135859205415370558e-04
9.417128712871287478e-04,9.174695532150986977e-04
9.420123012301229778e-04,9.214290565073631097e-04
9.423117311731174246e-04,9.253853093342522549e-04
9.426111611161115461e-04,9.292591906116768209e-04
9.429105910591059929e-04,9.329715792555631076e-04
9.432100210021002228e-04,9.364433541818223449e-04
9.435094509450945612e-04,9.395953943063760621e-04
9.438088808880887911e-04,9.423485785451399342e-04
9.441083108310831295e-04,9.446237858140340811e-04
9.444077407740773594e-04,9.463418950289743947e-04
9.447071707170718062e-04,9.474237851058805613e-04
9.450066006600660361e-04,9.477904754044947462e-04
9.453060306030603745e-04,9.476818377433842344e-04
9.456054605460546044e-04,9.473797468492504504e-04
9.459048904890489428e-04,9.469057047074543390e-04
9.462043204320431727e-04,9.462812133033571705e-04
9.465037503750376195e-04,9.455277746223192392e-04
9.468031803180318494e-04,9.446668906497030080e-04
9.471026102610261878e-04,9.437200633708684458e-04
9.474020402040204177e-04,9.427087947711775820e-04
9.477014701470147561e-04,9.416545868359906023e-04
9.480009000900089860e-04,9.405789415506694276e-04
9.483003300330034328e-04,9.395033609005740268e-04
9.485997599759975543e-04,9.384493468710674051e-04
9.488991899189920011e-04,9.374384014475084471e-04
9.491986198619862310e-04,9.364920266152600495e-04
9.494980498049805694e-04,9.356317243596822897e-04
9.497974797479747993e-04,9.348789966661368717e-04
9.500969096909692461e-04,9.342553455199840897e-04
9.503963396339633676e-04,9.337822729065862982e-04
9.506957695769578144e-04,9.334812808113033579e-04
9.509951995199520444e-04,9.333738712194972979e-04
9.512946294629463827e-04,9.333757099150661457e-04
9.515940594059406126e-04,9.333814028561060591e-04
9.518934893489349510e-04,9.333908797448445521e-04
9.521929192919291809e-04,9.334040974569984004e-04
9.524923492349236277e-04,9.334210128682851387e-04
9.527917791779178577e-04,9.334415828544220849e-04
9.530912091209121960e-04,9.334657642911261231e-04
9.533906390639064260e-04,9.334935140541148965e-04
9.536900690069007643e-04,9.335247890191053976e-04
9.539894989498949943e-04,9.335595460618149443e-04
9.542889288928894410e-04,9.335977420579606376e-04
9.545883588358836710e-04,9.336393338832599037e-04
9.548877887788780093e-04,9.336842784134299520e-04
9.551872187218722393e-04,9.337325325241878837e-04
9.554866486648665776e-04,9.337840530912510165e-04
9.557860786078608076e-04,9.338387969903365598e-04
9.560855085508552544e-04,9.338967210971619399e-04
9.563849384938493759e-04,9.339577822874439326e-04
9.566843684368438227e-04,9.340219374369003978e-04
9.569837983798380526e-04,9.340891434212481113e-04
9.572832283228322825e-04,9.342625273204874540e-04
9.575826582658266209e-04,9.346538166228752489e-04
9.578820882088208508e-04,9.352390039962276466e-04
9.581815181518151892e-04,9.359937326480996132e-04
9.584809480948094191e-04,9.368936457860451393e-04
9.587803780378038659e-04,9.379143866176194080e-04
9.590798079807980958e-04,9.390315983503757591e-04
9.593792379237924342e-04,9.402209241918695927e-04
9.596786678667866641e-04,9.414580073496545739e-04
9.599780978097810025e-04,9.427184910312862111e-04
9.602775277527752324e-04,9.439780184443177357e-04
9.605769576957696792e-04,9.452122327963050899e-04
9.608763876387638007e-04,9.463967772948005293e-04
9.611758175817582475e-04,9.475072951473612970e-04
9.614752475247524775e-04,9.485194295615395404e-04
9.617746774677468158e-04,9.494088237448907678e-04
9.620741074107410458e-04,9.501511209049690780e-04
9.623735373537353841e-04,9.507219642493293290e-04
9.626729672967296141e-04,9.510969969855256195e-04
9.629723972397240608e-04,9.512518623211126990e-04
9.632718271827182908e-04,9.512660918078854949e-04
9.635712571257126291e-04,9.512773876742923462e-04
9.638706870687068591e-04,9.512869948690508282e-04
9.641701170117011974e-04,9.512951218950714072e-04
9.644695469546954274e-04,9.513019772552643331e-04
9.647689768976898742e-04,9.513077694525401808e-04
9.650684068406841041e-04,9.513127069898092000e-04
9.653678367836784424e-04,9.513169983699820741e-04
9.656672667266726724e-04,9.513208520959690528e-04
9.659666966696670107e-04,9.513244766706806027e-04
9.662661266126612407e-04,9.513280805970270818e-04
9.665655565556556875e-04,9.513318723779190652e-04
9.668649864986498090e-04,9.513360605162668026e-04
9.671644164416442558e-04,9.513408535149808689e-04
9.674638463846384857e-04,9.513464598769715138e-04
9.677632763276328241e-04,9.513530881051493124e-04
9.680627062706270540e-04,9.513609467024247311e-04
9.683621362136213924e-04,9.513702441717080197e-04
9.686615661566156223e-04,9.513811890159096446e-04
9.689609960996100691e-04,9.513939897379401810e-04
9.692604260426042990e-04,9.515759064808300373e-04
9.695598559855986374e-04,9.521712802761983290e-04
9.698592859285928673e-04,9.531382975424060452e-04
9.701587158715872057e-04,9.544312677735007980e-04
9.704581458145814356e-04,9.560045004635274891e-04
9.707575757575758824e-04,9.578123051065343813e-04
9.710570057005701123e-04,9.598089911965651836e-04
9.713564356435644507e-04,9.619488682276679421e-04
9.716558655865586806e-04,9.641862456938874500e-04
9.719552955295530190e-04,9.664754330892718617e-04
9.722547254725472489e-04,9.687707399078653199e-04
9.725541554155416957e-04,9.710264756437166295e-04
9.728535853585358172e-04,9.731969497908684154e-04
9.731530153015302640e-04,9.752364718433710004e-04
9.734524452445244939e-04,9.770993512952673345e-04
9.737518751875188323e-04,9.787398976406056807e-04
9.740513051305130622e-04,9.801124203734307237e-04
9.743507350735074006e-04,9.811712289877904010e-04
9.746501650165016305e-04,9.818706329777298313e-04
9.749495949594960773e-04,9.821649418372954340e-04
9.752490249024903073e-04,9.819928174697564911e-04
9.755484548454846456e-04,9.813348003035210921e-04
9.758478847884788756e-04,9.802427906506726296e-04
9.761473147314732139e-04,9.787697960380297574e-04
9.764467446744674439e-04,9.769688239924124301e-04
9.767461746174618906e-04,9.748928820406382173e-04
9.770456045604561206e-04,9.725949777095292421e-04
9.773450345034505674e-04,9.701281185259013392e-04
9.776444644464447973e-04,9.675453120165773907e-04
9.779438943894390272e-04,9.648995657083749662e-04
9.782433243324332572e-04,9.622438871281131529e-04
9.785427542754277039e-04,9.596312838026094119e-04
9.788421842184219339e-04,9.571147632586869507e-04
9.791416141614163807e-04,9.547473330231610617e-04
9.794410441044106106e-04,9.525820006228545187e-04
9.797404740474046237e-04,9.506717735845861923e-04
9.800399039903990705e-04,9.490696594351714834e-04
9.803393339333933004e-04,9.478286657014333826e-04
9.806387638763877472e-04,9.470017999101892426e-04
9.809381938193819771e-04,9.466420695882597769e-04
9.812376237623762071e-04,9.466649851110084477e-04
9.815370537053704370e-04,9.467993204746276426e-04
9.818364836483648838e-04,9.470251105102995811e-04
9.821359135913591137e-04,9.473312367184860000e-04
9.824353435343535605e-04,9.477065805996489614e-04
9.827347734773477905e-04,9.481400236542500935e-04
9.830342034203420204e-04,9.486204473827511332e-04
9.833336333633362503e-04,9.491367332856143592e-04
9.836330633063306971e-04,9.496777628633016168e-04
9.839324932493249271e-04,9.502324176162744258e-04
9.842319231923193738e-04,9.507895790449951735e-04
9.845313531353136038e-04,9.513381286499248378e-04
9.848307830783078337e-04,9.518669479315258058e-04
9.851302130213020637e-04,9.523649183902601397e-04
9.854296429642965104e-04,9.528209215265896845e-04
9.857290729072907404e-04,9.532238388409757434e-04
9.860285028502851871e-04,9.535625518338808121e-04
9.863279327932794171e-04,9.538259420057663019e-04
9.866273627362736470e-04,9.540028908570941666e-04
9.869267926792678770e-04,9.540822798883265765e-04
9.872262226222623237e-04,9.540644381202336875e-04
9.875256525652565537e-04,9.539742676608854374e-04
9.878250825082510005e-04,9.538183410833714479e-04
9.881245124512450136e-04,9.536021981134103426e-04
9.884239423942394603e-04,9.533313784767200949e-04
9.887233723372336903e-04,9.530114218990193287e-04
9.890228022802281371e-04,9.526478681060260171e-04
9.893222322232223670e-04,9.522462568234590008e-04
9.896216621662165969e-04,9.518121277770364699e-04
9.899210921092108269e-04,9.513510206924765062e-04
9.902205220522052737e-04,9.508684752954972997e-04
9.905199519951995036e-04,9.503700313118177995e-04
9.908193819381939504e-04,9.498612284671557621e-04
9.911188118811881803e-04,9.493476064872301366e-04
9.914182418241824103e-04,9.488347050977587877e-04
9.917176717671766402e-04,9.483280640244602308e-04
9.920171017101710870e-04,9.478332229930524393e-04
9.923165316531653169e-04,9.473557217292542538e-04
9.926159615961597637e-04,9.469010999587836475e-04
9.929153915391539936e-04,9.464748974073593528e-04
9.932148214821482236e-04,9.460620530062664865e-04
9.935142514251424535e-04,9.456123075297116288e-04
9.938136813681369003e-04,9.451289130017392556e-04
9.941131113111311302e-04,9.446183293186981127e-04
9.944125412541255770e-04,9.440870163769357528e-04
9.947119711971198069e-04,9.435414340728010300e-04
9.950114011401140369e-04,9.429880423026419309e-04
9.953108310831082668e-04,9.424333009628062252e-04
9.956102610261027136e-04,9.418836699496420080e-04
9.959096909690969435e-04,9.413456091594981333e-04
9.962091209120913903e-04,9.408255784887220455e-04
9.965085508550856203e-04,9.403300378336625987e-04
9.968079807980798502e-04,9.398654470906675626e-04
9.971074107410740801e-04,9.394382661560853574e-04
9.974068406840685269e-04,9.390549549262633194e-04
9.977062706270627569e-04,9.387219732975508445e-04
9.980057005700572036e-04,9.384457811662951605e-04
9.983051305130514336e-04,9.382328384288451213e-04
9.986045604560456635e-04,9.380896049815484966e-04
9.989039903990398934e-04,9.380225407207534900e-04
9.992034203420343402e-04,9.381033245782909209e-04
9.995028502850285702e-04,9.385205531804523792e-04
9.998022802280230169e-04,9.392518511777681305e-04
1.000101710171017030e-03,9.402595589215080726e-04
1.000401140114011477e-03,9.415060167629471987e-04
1.000700570057005707e-03,9.429535650533549728e-04
1.001000000000000154e-03,9.445645441440053041e-04
1.001299429942994383e-03,9.463012943861680900e-04
1.001598859885988613e-03,9.481261561311163724e-04
1.001898289828982843e-03,9.500014697301221089e-04
1.002197719771977290e-03,9.518895755344586665e-04
1.002497149714971520e-03,9.537528138953952923e-04
1.002796579657965750e-03,9.555535251642053533e-04
1.003096009600960197e-03,9.572540496921618913e-04
1.003395439543954427e-03,9.588167278305345870e-04
1.003694869486948657e-03,9.602038999305966991e-04
1.003994299429942887e-03,9.613779063436202936e-04
1.004293729372937333e-03,9.623010874208777618e-04
1.004593159315931563e-03,9.629357835136398685e-04
1.004892589258926010e-03,9.632443349731796556e-04
1.005192019201920240e-03,9.631402022753448276e-04
1.005491449144914470e-03,9.624555166935728828e-04
1.005790879087908700e-03,9.612317732857427301e-04
1.006090309030903147e-03,9.595278316285128567e-04
1.006389738973897377e-03,9.574025512985451106e-04
1.006689168916891823e-03,9.549147918724962443e-04
1.006988598859886053e-03,9.521234129270297322e-04
1.007288028802880283e-03,9.490872740388036277e-04
1.007587458745874513e-03,9.458652347844773937e-04
1.007886888688868960e-03,9.425161547407083246e-04
1.008186318631863190e-03,9.390988934841613045e-04
1.008485748574857637e-03,9.356723105914907003e-04
1.008785178517851867e-03,9.322952656393615044e-04
1.009084608460846097e-03,9.290266182044307946e-04
1.009384038403840327e-03,9.259252278633583588e-04
1.009683468346834773e-03,9.230499541928018168e-04
1.009982898289829003e-03,9.204596567694249684e-04
1.010282328232823450e-03,9.182131951698840238e-04
1.010581758175817463e-03,9.163694289708431079e-04
1.010881188118811910e-03,9.149872177489565880e-04
1.011180618061806140e-03,9.140269556751135557e-04
1.011480048004800587e-03,9.131235082360563814e-04
1.011779477947794817e-03,9.122389443084684456e-04
1.012078907890789263e-03,9.113764796377355447e-04
1.012378337833783276e-03,9.105393299692474867e-04
1.012677767776777723e-03,9.097307110483887670e-04
1.012977197719771953e-03,9.089538386205487600e-04
1.013276627662766400e-03,9.082119284311136959e-04
1.013576057605760630e-03,9.075081962254721900e-04
1.013875487548754860e-03,9.068458577490110147e-04
1.014174917491749090e-03,9.062281287471173757e-04
1.014474347434743537e-03,9.056582249651785876e-04
1.014773777377737767e-03,9.051393621485826152e-04
1.015073207320732213e-03,9.046747560427162308e-04
1.015372637263726443e-03,9.042676223929675076e-04
1.015672067206720673e-03,9.039211769447234347e-04
1.015971497149714903e-03,9.036386354433714350e-04
1.016270927092709350e-03,9.034232136342989312e-04
1.016570357035703580e-03,9.032781272628932377e-04
1.016869786978698027e-03,9.032065920745421025e-04
1.017169216921692257e-03,9.032230667681314783e-04
1.017468646864686486e-03,9.033757650451755290e-04
1.017768076807680716e-03,9.036567491638412830e-04
1.018067506750675163e-03,9.040508443854851361e-04
1.018366936693669393e-03,9.045428759714625082e-04
1.018666366636663840e-03,9.051176691831303370e-04
1.018965796579658070e-03,9.057600492818438254e-04
1.019265226522652300e-03,9.064548415289596945e-04
1.019564656465646530e-03,9.071868711858339061e-04
1.019864086408640977e-03,9.079409635138230728e-04
1.020163516351635206e-03,9.087019437742823976e-04
1.020462946294629653e-03,9.094546372285689266e-04
1.020762376237623883e-03,9.101838691380378628e-04
1.021061806180618113e-03,9.108744647640457104e-04
1.021361236123612343e-03,9.115112493679486481e-04
1.021660666066606790e-03,9.120790482111032884e-04
1.021960096009601020e-03,9.125626865548648343e-04
1.022259525952595467e-03,9.129469896605902236e-04
1.022558955895589696e-03,9.132167827896346592e-04
1.022858385838583926e-03,9.133568912033550790e-04
1.023157815781578156e-03,9.133669943737630003e-04
1.023457245724572603e-03,9.133193337789908845e-04
1.023756675667566833e-03,9.132287390346000965e-04
1.024056105610561280e-03,9.130987776075557031e-04
1.024355535553555293e-03,9.129330169648233132e-04
1.024654965496549740e-03,9.127350245733681020e-04
1.024954395439543970e-03,9.125083679001556782e-04
1.025253825382538200e-03,9.122566144121513256e-04
1.025553255325532646e-03,9.119833315763202193e-04
1.025852685268526876e-03,9.116920868596280767e-04
1.026152115211521106e-03,9.113864477290401812e-04
1.026451545154515336e-03,9.110699816515218166e-04
1.026750975097509783e-03,9.107462560940382664e-04
1.027050405040504013e-03,9.104188385235551396e-04
1.027349834983498460e-03,9.100912964070375028e-04
1.027649264926492690e-03,9.097671972114512902e-04
1.027948694869486920e-03,9.094501084037614601e-04
1.028248124812481150e-03,9.091435974509335131e-04
1.028547554755475596e-03,9.088512318199326243e-04
1.028846984698469826e-03,9.085765789777245109e-04
1.029146414641464273e-03,9.083171551952942896e-04
1.029445844584458503e-03,9.080387369979501990e-04
1.029745274527452733e-03,9.077387107198891386e-04
1.030044704470446963e-03,9.074210912634184242e-04
1.030344134413441410e-03,9.070898935308454800e-04
1.030643564356435640e-03,9.067491324244780554e-04
1.030942994299430086e-03,9.064028228466230325e-04
1.031242424242424316e-03,9.060549796995889197e-04
1.031541854185418546e-03,9.057096178856825991e-04
1.031841284128412776e-03,9.053707523072114949e-04
1.032140714071407223e-03,9.050423978664831398e-04
1.032440144014401453e-03,9.047285694658052831e-04
1.032739573957395900e-03,9.044332820074850237e-04
1.033039003900390130e-03,9.041605503938303281e-04
1.033338433843384360e-03,9.039143895271484035e-04
1.033637863786378589e-03,9.036988143097467825e-04
1.033937293729373036e-03,9.035178396439328893e-04
1.034236723672367266e-03,9.033754804320143651e-04
1.034536153615361713e-03,9.032757515762984170e-04
1.034835583558355726e-03,9.032226679790930114e-04
1.035135013501350173e-03,9.032683727101653961e-04
1.035434443444344403e-03,9.037506784720112513e-04
1.035733873387338850e-03,9.046904515737577571e-04
1.036033303330333080e-03,9.060343003179157240e-04
1.036332733273327526e-03,9.077288330069986731e-04
1.036632163216321539e-03,9.097206579435145957e-04
1.036931593159315986e-03,9.119563834299814582e-04
1.037231023102310216e-03,9.143826177689066016e-04
1.037530453045304663e-03,9.169459692628051731e-04
1.037829882988298893e-03,9.195930462141858148e-04
1.038129312931293123e-03,9.222704569255619394e-04
1.038428742874287353e-03,9.249248096994458750e-04
1.038728172817281799e-03,9.275027128383512513e-04
1.039027602760276029e-03,9.299507746447863848e-04
1.039327032703270476e-03,9.322156034212666399e-04
1.039626462646264706e-03,9.342438074703008754e-04
1.039925892589258936e-03,9.359819950944026122e-04
1.040225322532253166e-03,9.373767745960840704e-04
1.040524752475247613e-03,9.383747542778574698e-04
1.040824182418241843e-03,9.389225424422336210e-04
1.041123612361236290e-03,9.389624593477905986e-04
1.041423042304230519e-03,9.384414679253025998e-04
1.041722472247224749e-03,9.374043505853420872e-04
1.042021902190218979e-03,9.359110786476943595e-04
1.042321332133213426e-03,9.340216234321435228e-04
1.042620762076207656e-03,9.317959562584778033e-04
1.042920192019202103e-03,9.292940484464795722e-04
1.043219621962196333e-03,9.265758713159379231e-04
1.043519051905190563e-03,9.237013961866367452e-04
1.043818481848184793e-03,9.207305943783614458e-04
1.044117911791179239e-03,9.177234372108953719e-04
1.044417341734173469e-03,9.147398960040282676e-04
1.044716771677167916e-03,9.118399420775416368e-04
1.045016201620162146e-03,9.090835467512251153e-04
1.045315631563156376e-03,9.065306813448619416e-04
1.045615061506150606e-03,9.042413171782377398e-04
1.045914491449145053e-03,9.022754255711367246e-04
1.046213921392139283e-03,9.006929778433471218e-04
1.046513351335133729e-03,8.995539453146522788e-04
1.046812781278127959e-03,8.989182993048394459e-04
1.047112211221122189e-03,8.988446433943646837e-04
1.047411641164116419e-03,8.993434554049940279e-04
1.047711071107110866e-03,9.003664593331162395e-04
1.048010501050105096e-03,9.018619073698633856e-04
1.048309930993099326e-03,9.037780517063699181e-04
1.048609360936093556e-03,9.060631445337694219e-04
1.048908790879087786e-03,9.086654380431955901e-04
1.049208220822082233e-03,9.115331844257843928e-04
1.049507650765076463e-03,9.146146358726652947e-04
1.049807080708070909e-03,9.178580445749764342e-04
1.050106510651065139e-03,9.212116627238466256e-04
1.050405940594059369e-03,9.246237425104122725e-04
1.050705370537053599e-03,9.280425361258066346e-04
1.051004800480048046e-03,9.314162957611660069e-04
1.051304230423042276e-03,9.346932736076193123e-04
1.051603660366036723e-03,9.378217218563047975e-04
1.051903090309030953e-03,9.407498926983517105e-04
1.052202520252025182e-03,9.434260383248960213e-04
1.052501950195019412e-03,9.457984109270713147e-04
1.052801380138013859e-03,9.478152626960128016e-04
1.053100810081008089e-03,9.494515936363021437e-04
1.053400240024002536e-03,9.510093936839081200e-04
1.053699669966996766e-03,9.525792117816105336e-04
1.053999099909990996e-03,9.541508102836445066e-04
1.054298529852985226e-03,9.557139515442437516e-04
1.054597959795979673e-03,9.572583979176430653e-04
1.054897389738973902e-03,9.587739117580736667e-04
1.055196819681968349e-03,9.602502554197718705e-04
1.055496249624962579e-03,9.616771912569688956e-04
1.055795679567956809e-03,9.630444816238996472e-04
1.056095109510951039e-03,9.643418888747978378e-04
1.056394539453945486e-03,9.655591753638980475e-04
1.056693969396939716e-03,9.666861034454321457e-04
1.056993399339934163e-03,9.677124354736355797e-04
1.057292829282928392e-03,9.686279338027405442e-04
1.057592259225922622e-03,9.694223607869814022e-04
1.057891689168916852e-03,9.700854787805917581e-04
1.058191119111911299e-03,9.706070501378059748e-04
1.058490549054905529e-03,9.709768372128568976e-04
1.058789978997899976e-03,9.711846023599786729e-04
1.059089408940893989e-03,9.712226709309916377e-04
1.059388838883888436e-03,9.711260233192632943e-04
1.059688268826882666e-03,9.709130371120801252e-04
1.059987698769877112e-03,9.705892405826318332e-04
1.060287128712871342e-03,9.701601620041079045e-04
1.060586558655865572e-03,9.696313296496978252e-04
1.060885988598859802e-03,9.690082717925912982e-04
1.061185418541854249e-03,9.682965167059769422e-04
1.061484848484848479e-03,9.675015926630454359e-04
1.061784278427842926e-03,9.666290279369851813e-04
1.062083708370837156e-03,9.656843508009868571e-04
1.062383138313831386e-03,9.646730895282392988e-04
1.062682568256825616e-03,9.636007723919319925e-04
1.062981998199820062e-03,9.624729276652538822e-04
1.063281428142814292e-03,9.612950836213957550e-04
1.063580858085808739e-03,9.600727685335455792e-04
1.063880288028802969e-03,9.588115106748944672e-04
1.064179717971797199e-03,9.575168383186313630e-04
1.064479147914791429e-03,9.561942797379454273e-04
1.064778577857785876e-03,9.548493632060252789e-04
1.065078007800780106e-03,9.534649720027876156e-04
1.065377437743774552e-03,9.516029052730024624e-04
1.065676867686768782e-03,9.491496372751453492e-04
1.065976297629763012e-03,9.461804468356920612e-04
1.066275727572757242e-03,9.427706127811189257e-04
1.066575157515751689e-03,9.389954139378999930e-04
1.066874587458745919e-03,9.349301291325172285e-04
1.067174017401740366e-03,9.306500371914417551e-04
1.067473447344734596e-03,9.262304169411560801e-04
1.067772877287728826e-03,9.217465472081341456e-04
1.068072307230723056e-03,9.172737068188522788e-04
1.068371737173717502e-03,9.128871745997843134e-04
1.068671167116711732e-03,9.086622293774128650e-04
1.068970597059706179e-03,9.046741499782090567e-04
1.069270027002700409e-03,9.009982152286548536e-04
1.069569456945694639e-03,8.977097039552245231e-04
1.069868886888688869e-03,8.948838949843940672e-04
1.070168316831683316e-03,8.925960671426388373e-04
1.070467746774677546e-03,8.909214992564390640e-04
1.070767176717671776e-03,8.899354701522694481e-04
1.071066606660666222e-03,8.897033930815917337e-04
1.071366036603660235e-03,8.900027011089931082e-04
1.071665466546654682e-03,8.906816304018686653e-04
1.071964896489648912e-03,8.916970254729246568e-04
1.072264326432643359e-03,8.930057308348699364e-04
1.072563756375637589e-03,8.945645910004096715e-04
1.072863186318631819e-03,8.963304504822520655e-04
1.073162616261626049e-03,8.982601537931046709e-04
1.073462046204620495e-03,9.003105454456760163e-04
1.073761476147614725e-03,9.024384699526707271e-04
1.074060906090609172e-03,9.046007718267988496e-04
1.074360336033603402e-03,9.067542955807645754e-04
1.074659765976597632e-03,9.088558857272769752e-04
1.074959195919591862e-03,9.108623867790430597e-04
1.075258625862586309e-03,9.127306432487718993e-04
1.075558055805580539e-03,9.144174996491675773e-04
1.075857485748574986e-03,9.158798004929402485e-04
1.076156915691569215e-03,9.170743902927946467e-04
1.076456345634563445e-03,9.179581135614395173e-04
1.076755775577557675e-03,9.184878148115821960e-04
1.077055205520552122e-03,9.186258270560278922e-04
1.077354635463546352e-03,9.185517424982344269e-04
1.077654065406540799e-03,9.183782010871449500e-04
1.077953495349535029e-03,9.181164603865103442e-04
1.078252925292529259e-03,9.177777779600811668e-04
1.078552355235523489e-03,9.173734113716081918e-04
1.078851785178517935e-03,9.169146181848415430e-04
1.079151215121512165e-03,9.164126559635323195e-04
1.079450645064506612e-03,9.158787822714306451e-04
1.079750075007500842e-03,9.153242546722879444e-04
1.080049504950495072e-03,9.147603307298544494e-04
1.080348934893489302e-03,9.141982680078806090e-04
1.080648364836483749e-03,9.136493240701168720e-04
1.080947794779477979e-03,9.131247564803144463e-04
1.081247224722472425e-03,9.126358228022233470e-04
1.081546654665466655e-03,9.121937805995949987e-04
1.081846084608460885e-03,9.118098874361794167e-04
1.082145514551455115e-03,9.114954008757272666e-04
1.082444944494449562e-03,9.112615784819892142e-04
1.082744374437443792e-03,9.111196778187160335e-04
1.083043804380438239e-03,9.110851795922972601e-04
1.083343234323432252e-03,9.114023361668110350e-04
1.083642664266426699e-03,9.121715694996839884e-04
1.083942094209420929e-03,9.133419284215368297e-04
1.084241524152415375e-03,9.148624617629933040e-04
1.084540954095409605e-03,9.166822183546732535e-04
1.084840384038403835e-03,9.187502470271997727e-04
1.085139813981398065e-03,9.210155966111949807e-04
1.085439243924392512e-03,9.234273159372826225e-04
1.085738673867386742e-03,9.259344538360813476e-04
1.086038103810381189e-03,9.284860591382169612e-04
1.086337533753375419e-03,9.310311806743074622e-04
1.086636963696369649e-03,9.335188672749769210e-04
1.086936393639363879e-03,9.358981677708474566e-04
1.087235823582358325e-03,9.381181309925428142e-04
1.087535253525352555e-03,9.401278057706815346e-04
1.087834683468347002e-03,9.418762409358886643e-04
1.088134113411341232e-03,9.433124853187840452e-04
1.088433543354335462e-03,9.443855877499905552e-04
1.088732973297329692e-03,9.450445970601306384e-04
1.089032403240324139e-03,9.452385746407355408e-04
1.089331833183318369e-03,9.449382237591409748e-04
1.089631263126312815e-03,9.441797922496089754e-04
1.089930693069307045e-03,9.430118685457067112e-04
1.090230123012301275e-03,9.414830410809993996e-04
1.090529552955295505e-03,9.396418982890532333e-04
1.090828982898289952e-03,9.375370286034324539e-04
1.091128412841284182e-03,9.352170204577060731e-04
1.091427842784278629e-03,9.327304622854365977e-04
1.091727272727272859e-03,9.301259425201936900e-04
1.092026702670267089e-03,9.274520495955412662e-04
1.092326132613261318e-03,9.247573719450456276e-04
1.092625562556255765e-03,9.220904980022704735e-04
1.092924992499249995e-03,9.195000162007857915e-04
1.093224422442244225e-03,9.170345149741553894e-04
1.093523852385238672e-03,9.147425827559436170e-04
1.093823282328232685e-03,9.126728079797212208e-04
1.094122712271227132e-03,9.108737790790481055e-04
1.094422142214221362e-03,9.093940844874943670e-04
1.094721572157215808e-03,9.082823126386240301e-04
1.095021002100210038e-03,9.075859466500652267e-04
1.095320432043204485e-03,9.070905432964730675e-04
1.095619861986198498e-03,9.066098395938015529e-04
1.095919291929192945e-03,9.061449997202334662e-04
1.096218721872187175e-03,9.056971878539536508e-04
1.096518151815181622e-03,9.052675681731455403e-04
1.096817581758175852e-03,9.048573048559935446e-04
1.097117011701170082e-03,9.044675620806816394e-04
1.097416441644164312e-03,9.040995040253933671e-04
1.097715871587158758e-03,9.037542948683125951e-04
1.098015301530152988e-03,9.034330987876237331e-04
1.098314731473147435e-03,9.031370799615104318e-04
1.098614161416141665e-03,9.028674025681568838e-04
1.098913591359135895e-03,9.026252307857468484e-04
1.099213021302130125e-03,9.024117287924640846e-04
1.099512451245124572e-03,9.022280607664927852e-04
1.099811881188118802e-03,9.020753908860169260e-04
1.100111311131113248e-03,9.019548833292203747e-04
1.100410741074107478e-03,9.018677022742871072e-04
1.100710171017101708e-03,9.018150118994009909e-04
1.101009600960095938e-03,9.017980142816709940e-04
1.101309030903090385e-03,9.018556200777335351e-04
1.101608460846084615e-03,9.020168543306623715e-04
1.101907890789079062e-03,9.022749700226923800e-04
1.102207320732073292e-03,9.026232201360578954e-04
1.102506750675067522e-03,9.030548576529940112e-04
1.102806180618061752e-03,9.035631355557352789e-04
1.103105610561056198e-03,9.041413068265166837e-04
1.103405040504050428e-03,9.047826244475722351e-04
1.103704470447044875e-03,9.054803414011377855e-04
1.104003900390039105e-03,9.062277106694465855e-04
1.104303330333033335e-03,9.070179852347342708e-04
1.104602760276027565e-03,9.078444180792352844e-04
1.104902190219022012e-03,9.087002621851849368e-04
1.105201620162016242e-03,9.095787705348168037e-04
1.105501050105010688e-03,9.104731961103669545e-04
1.105800480048004918e-03,9.113767918940685313e-04
1.106099909990999148e-03,9.122828108681570614e-04
1.106399339933993378e-03,9.131845060148673131e-04
1.106698769876987825e-03,9.140751303164344884e-04
1.106998199819982055e-03,9.149479367550919463e-04
1.107297629762976502e-03,9.159057513091655497e-04
1.107597059705970515e-03,9.170422490374773462e-04
1.107896489648964962e-03,9.183328712588028448e-04
1.108195919591959192e-03,9.197530551760809770e-04
1.108495349534953638e-03,9.212782379922552275e-04
1.108794779477947868e-03,9.228838569102649613e-04
1.109094209420942098e-03,9.245453491330524708e-04
1.109393639363936328e-03,9.262381518635596145e-04
1.109693069306930775e-03,9.279377023047286847e-04
1.109992499249925005e-03,9.296194376594991548e-04
1.110291929192919452e-03,9.312587951308144013e-04
1.110591359135913682e-03,9.328312119216140060e-04
1.110890789078907911e-03,9.343121252348403696e-04
1.111190219021902141e-03,9.356769722734351339e-04
1.111489648964896588e-03,9.369011902403404828e-04
1.111789078907890818e-03,9.379602163384961064e-04
1.112088508850885265e-03,9.388294877708449476e-04
1.112387938793879495e-03,9.394844417403275640e-04
1.112687368736873725e-03,9.399005154498857057e-04
1.112986798679867955e-03,9.400531461024611230e-04
1.113286228622862402e-03,9.397168580455438503e-04
1.113585658565856631e-03,9.386927638570740327e-04
1.113885088508851078e-03,9.370563449488416479e-04
1.114184518451845308e-03,9.348835426741886404e-04
1.114483948394839538e-03,9.322502983864531601e-04
1.114783378337833768e-03,9.292325534389745496e-04
1.115082808280828215e-03,9.259062491850896578e-04
1.115382238223822445e-03,9.223473269781427061e-04
1.115681668166816892e-03,9.186317281714677244e-04
1.115981098109811121e-03,9.148353941184098016e-04
1.116280528052805351e-03,9.110342661723054613e-04
1.116579957995799581e-03,9.073042856864938291e-04
1.116879387938793811e-03,9.037213940143144645e-04
1.117178817881788258e-03,9.003615325091044331e-04
1.117478247824782488e-03,8.973006425242075227e-04
1.117777677767776935e-03,8.946146654129590644e-04
1.118077107710770948e-03,8.923795425287037132e-04
1.118376537653765395e-03,8.906712152247743064e-04
1.118675967596759625e-03,8.895656248545144151e-04
1.118975397539754071e-03,8.891387127712619722e-04
1.119274827482748301e-03,8.893618698156786559e-04
1.119574257425742531e-03,8.900878378811465357e-04
1.119873687368736761e-03,8.912607558376033903e-04
1.120173117311731208e-03,8.928254528759956878e-04
1.120472547254725438e-03,8.947267581872666437e-04
1.120771977197719885e-03,8.969095009623642440e-04
1.121071407140714115e-03,8.993185103922305117e-04
1.121370837083708345e-03,9.018986156678124571e-04
1.121670267026702575e-03,9.045946459800554640e-04
1.121969696969697021e-03,9.073514305199067596e-04
1.122269126912691251e-03,9.101137984783074994e-04
1.122568556855685698e-03,9.128265790462074042e-04
1.122867986798679928e-03,9.154346014145475210e-04
1.123167416741674158e-03,9.178826947742751855e-04
1.123466846684668388e-03,9.201156883163359983e-04
1.123766276627662835e-03,9.220784112316764277e-04
1.124065706570657065e-03,9.237156927112388219e-04
1.124365136513651511e-03,9.249723619459710583e-04
1.124664566456645741e-03,9.257932481268165694e-04
1.124963996399639971e-03,9.261231804447218234e-04
1.125263426342634201e-03,9.259097646813126701e-04
1.125562856285628648e-03,9.251686832714762663e-04
1.125862286228622878e-03,9.239574760881438331e-04
1.126161716171617325e-03,9.223339032595851902e-04
1.126461146114611555e-03,9.203557249140744941e-04
1.126760576057605785e-03,9.180807011798816728e-04
1.127060006000600014e-03,9.155665921852786061e-04
1.127359435943594461e-03,9.128711580585346800e-04
1.127658865886588691e-03,9.100521589279251351e-04
1.127958295829583138e-03,9.071673549217176228e-04
1.128257725772577368e-03,9.042745061681879259e-04
1.128557155715571598e-03,9.014313727956052135e-04
1.128856585658565828e-03,8.986957149322411485e-04
1.129156015601560275e-03,8.961252927063654422e-04
1.129455445544554505e-03,8.937778662462531184e-04
1.129754875487548951e-03,8.917111956801725874e-04
1.130054305430543181e-03,8.899830411363982225e-04
1.130353735373537411e-03,8.886511627431999518e-04
1.130653165316531641e-03,8.877733206288492213e-04
1.130952595259526088e-03,8.874072749216173686e-04
1.131252025202520318e-03,8.874032043789064185e-04
1.131551455145514765e-03,8.874150516321284909e-04
1.131850885088508778e-03,8.874356082778264406e-04
1.132150315031503224e-03,8.874647683764255550e-04
1.132449744974497454e-03,8.875024259883512300e-04
1.132749174917491901e-03,8.875484751740286447e-04
1.133048604860486131e-03,8.876028099938834117e-04
1.133348034803480361e-03,8.876653245083406018e-04
1.133647464746474591e-03,8.877359127778257190e-04
1.133946894689469038e-03,8.878144688627642679e-04
1.134246324632463268e-03,8.879008868235813189e-04
1.134545754575457715e-03,8.879950607207022679e-04
1.134845184518451944e-03,8.880968846145525109e-04
1.135144614461446174e-03,8.882062525655574437e-04
1.135444044404440404e-03,8.883230586341423537e-04
1.135743474347434851e-03,8.884471968807327452e-04
1.136042904290429081e-03,8.885785613657536889e-04
1.136342334233423528e-03,8.887170461496307974e-04
1.136641764176417758e-03,8.888625452927892499e-04
1.136941194119411988e-03,8.890149528556544421e-04
1.137240624062406218e-03,8.893333655709026149e-04
1.137540054005400664e-03,8.901138503649705987e-04
1.137839483948394894e-03,8.913141895014315124e-04
1.138138913891389341e-03,8.928823227248251695e-04
1.138438343834383571e-03,8.947661897796875888e-04
1.138737773777377801e-03,8.969137304105580417e-04
1.139037203720372031e-03,8.992728843619748240e-04
1.139336633663366261e-03,9.017915913784763397e-04
1.139636063606360708e-03,9.044177912046027275e-04
1.139935493549354938e-03,9.070994235848884885e-04
1.140234923492349384e-03,9.097844282638757130e-04
1.140534353435343614e-03,9.124207449860987935e-04
1.140833783378337844e-03,9.149563134960980856e-04
1.141133213321332074e-03,9.173390735384116682e-04
1.141432643264326521e-03,9.195169648575793548e-04
1.141732073207320751e-03,9.214379271981364052e-04
1.142031503150315198e-03,9.230499003046236089e-04
1.142330933093309211e-03,9.243008239215763340e-04
1.142630363036303658e-03,9.251386377935364542e-04
1.142929792979297888e-03,9.255112816650398798e-04
1.143229222922292334e-03,9.253433735658629427e-04
1.143528652865286564e-03,9.245889298296763132e-04
1.143828082808280794e-03,9.233084379816790992e-04
1.144127512751275024e-03,9.215656343355274139e-04
1.144426942694269471e-03,9.194242552048760694e-04
1.144726372637263701e-03,9.169480369033842148e-04
1.145025802580258148e-03,9.142007157447049276e-04
1.145325232523252378e-03,9.112460280424984410e-04
1.145624662466246607e-03,9.081477101104191334e-04
1.145924092409240837e-03,9.049694982621233350e-04
1.146223522352235284e-03,9.017751288112650990e-04
1.146522952295229514e-03,8.986283380715053091e-04
1.146822382238223961e-03,8.955928623564958502e-04
1.147121812181218191e-03,8.927324379798973891e-04
1.147421242124212421e-03,8.901108012553640876e-04
1.147720672067206651e-03,8.877916884965522757e-04
1.148020102010201098e-03,8.858388360171168740e-04
1.148319531953195327e-03,8.843159801307171400e-04
1.148618961896189774e-03,8.832868571510072353e-04
1.148918391839184004e-03,8.828152033916448994e-04
1.149217821782178234e-03,8.828112950005542053e-04
1.149517251725172464e-03,8.828996858658763863e-04
1.149816681668166911e-03,8.830546531546778913e-04
1.150116111611161141e-03,8.832711633750576575e-04
1.150415541554155588e-03,8.835441830351154890e-04
1.150714971497149818e-03,8.838686786429505397e-04
1.151014401440144047e-03,8.842396167066625054e-04
1.151313831383138277e-03,8.846519637343506484e-04
1.151613261326132724e-03,8.851006862341149898e-04
1.151912691269126954e-03,8.855807507140543581e-04
1.152212121212121401e-03,8.860871236822686660e-04
1.152511551155115631e-03,8.866147716468570673e-04
1.152810981098109861e-03,8.871586611159190412e-04
1.153110411041104091e-03,8.877137585975542833e-04
1.153409840984098537e-03,8.882750305998623813e-04
1.153709270927092767e-03,8.888374436309423804e-04
1.154008700870087214e-03,8.893959641988943019e-04
1.154308130813081444e-03,8.899455588118169742e-04
1.154607560756075674e-03,8.904811939778102016e-04
1.154906990699069904e-03,8.909978362049733548e-04
1.155206420642064351e-03,8.915164723128209817e-04
1.155505850585058581e-03,8.921074349585191281e-04
1.155805280528053028e-03,8.927651113013009747e-04
1.156104710471047041e-03,8.934785099548008935e-04
1.156404140414041487e-03,8.942366395326569427e-04
1.156703570357035717e-03,8.950285086485033860e-04
1.157003000300030164e-03,8.958431259159776311e-04
1.157302430243024394e-03,8.966694999487142669e-04
1.157601860186018624e-03,8.974966393603499423e-04
1.157901290129012854e-03,8.983135527645204387e-04
1.158200720072007301e-03,8.991092487748625134e-04
1.158500150015001531e-03,8.998727360050109720e-04
1.158799579957995977e-03,9.005930230686028971e-04
1.159099009900990207e-03,9.012591185792729860e-04
1.159398439843984437e-03,9.018600311506582128e-04
1.159697869786978667e-03,9.023847693963942505e-04
1.159997299729973114e-03,9.028223419301172059e-04
1.160296729672967344e-03,9.031617573654628604e-04
1.160596159615961791e-03,9.033920243160674293e-04
1.160895589558956021e-03,9.035021513955665854e-04
1.161195019501950251e-03,9.034158159316792863e-04
1.161494449444944481e-03,9.029237044683938044e-04
1.161793879387938710e-03,9.020513845685278068e-04
1.162093309330933157e-03,9.008442936670830927e-04
1.162392739273927387e-03,8.993478691990640633e-04
1.162692169216921834e-03,8.976075485994712165e-04
1.162991599159916064e-03,8.956687693033099293e-04
1.163291029102910294e-03,8.935769687455814587e-04
1.163590459045904524e-03,8.913775843612886879e-04
1.163889888988898971e-03,8.891160535854323319e-04
1.164189318931893201e-03,8.868378138530185265e-04
1.164488748874887647e-03,8.845883025990465770e-04
1.164788178817881877e-03,8.824129572585227279e-04
1.165087608760876107e-03,8.803572152664476940e-04
1.165387038703870337e-03,8.784665140578240333e-04
1.165686468646864784e-03,8.767862910676536533e-04
1.165985898589859014e-03,8.753619837309413888e-04
1.166285328532853461e-03,8.742390294826879547e-04
1.166584758475847474e-03,8.734628657578980774e-04
1.166884188418841920e-03,8.730789299915722550e-04
1.167183618361836150e-03,8.732044215505491711e-04
1.167483048304830597e-03,8.741090283062498975e-04
1.167782478247824827e-03,8.757383626315153480e-04
1.168081908190819057e-03,8.780062070851224563e-04
1.168381338133813287e-03,8.808263442258472886e-04
1.168680768076807734e-03,8.841125566124687302e-04
1.168980198019801964e-03,8.877786268037580770e-04
1.169279627962796411e-03,8.917383373584970331e-04
1.169579057905790640e-03,8.959054708354557018e-04
1.169878487848784870e-03,9.001938097934134020e-04
1.170177917791779100e-03,9.045171367911463084e-04
1.170477347734773547e-03,9.087892343874336316e-04
1.170776777677767777e-03,9.129238851410455833e-04
1.171076207620762224e-03,9.168348716107639759e-04
1.171375637563756454e-03,9.204359763553596717e-04
1.171675067506750684e-03,9.236409819336116643e-04
1.171974497449744914e-03,9.263636709042962370e-04
1.172273927392739360e-03,9.285178258261910823e-04
1.172573357335733590e-03,9.300172292580691225e-04
1.172872787278728037e-03,9.307756637587088090e-04
1.173172217221722267e-03,9.307500209471346970e-04
1.173471647164716497e-03,9.301098176317960714e-04
1.173771077107710727e-03,9.289371449828048551e-04
1.174070507050705174e-03,9.272950627361260453e-04
1.174369936993699404e-03,9.252466306277278918e-04
1.174669366936693850e-03,9.228549083935733317e-04
1.174968796879688080e-03,9.201829557696320242e-04
1.175268226822682310e-03,9.172938324918679907e-04
1.175567656765676540e-03,9.142505982962474209e-04
1.175867086708670987e-03,9.111163129187337941e-04
1.176166516651665217e-03,9.079540360952977453e-04
1.176465946594659664e-03,9.048268275619005853e-04
1.176765376537653894e-03,9.017977470545129491e-04
1.177064806480648124e-03,8.989298543090983159e-04
1.177364236423642354e-03,8.962862090616227672e-04
1.177663666366636800e-03,8.939298710480507578e-04
1.177963096309631030e-03,8.919239000043514051e-04
1.178262526252625477e-03,8.903313556664878628e-04
1.178561956195619490e-03,8.892152977704292482e-04
1.178861386138613937e-03,8.886387860521380647e-04
1.179160816081608167e-03,8.886206869893707857e-04
1.179460246024602614e-03,8.889563631415938263e-04
1.179759675967596844e-03,8.895822417584643574e-04
1.180059105910591290e-03,8.904641087750434338e-04
1.180358535853585304e-03,8.915677501263882072e-04
1.180657965796579750e-03,8.928589517475620093e-04
1.180957395739573980e-03,8.943034995736221003e-04
1.181256825682568427e-03,8.958671795396301856e-04
1.181556255625562657e-03,8.975157775806439590e-04
1.181855685568556887e-03,8.992150796317243669e-04
1.182155115511551117e-03,9.009308716279312715e-04
1.182454545454545564e-03,9.026289395043257278e-04
1.182753975397539794e-03,9.042750691959649959e-04
1.183053405340534240e-03,9.058350466379114316e-04
1.183352835283528470e-03,9.072746577652224037e-04
1.183652265226522700e-03,9.085596885129591837e-04
1.183951695169516930e-03,9.096559248161814170e-04
1.184251125112511160e-03,9.105291526099490744e-04
1.184550555055505607e-03,9.111451578293223432e-04
1.184849984998499837e-03,9.114697264093600017e-04
1.185149414941494284e-03,9.114477018710622630e-04
1.185448844884488514e-03,9.109511633222908177e-04
1.185748274827482743e-03,9.100078166625684114e-04
1.186047704770476973e-03,9.086701039117386827e-04
1.186347134713471420e-03,9.069904670896436439e-04
1.186646564656465650e-03,9.050213482161292107e-04
1.186945994599460097e-03,9.028151893110360942e-04
1.187245424542454327e-03,9.004244323942109688e-04
1.187544854485448557e-03,8.979015194854956302e-04
1.187844284428442787e-03,8.952988926047339337e-04
1.188143714371437233e-03,8.926689937717669160e-04
1.188443144314431463e-03,8.900642650064421188e-04
1.188742574257425910e-03,8.875371483285993861e-04
1.189042004200420140e-03,8.851400857580858260e-04
1.189341434143414370e-03,8.829255193147428002e-04
1.189640864086408600e-03,8.809458910184140559e-04
1.189940294029403047e-03,8.792536428889417138e-04
1.190239723972397277e-03,8.779012169461719063e-04
1.190539153915391724e-03,8.769410552099459952e-04
1.190838583858385737e-03,8.764255997001092454e-04
1.191138013801380183e-03,8.763848837857307053e-04
1.191437443744374413e-03,8.766831714065988299e-04
1.191736873687368860e-03,8.772612414946963670e-04
1.192036303630363090e-03,8.780864019879342950e-04
1.192335733573357320e-03,8.791259608242246769e-04
1.192635163516351550e-03,8.803472259414795754e-04
1.192934593459345997e-03,8.817175052776119208e-04
1.193234023402340227e-03,8.832041067705317158e-04
1.193533453345334673e-03,8.847743383581528663e-04
1.193832883288328903e-03,8.863955079783852669e-04
1.194132313231323133e-03,8.880349235691416309e-04
1.194431743174317363e-03,8.896598930683340210e-04
1.194731173117311810e-03,8.912377244138755842e-04
1.195030603060306040e-03,8.927357255436757814e-04
1.195330033003300487e-03,8.941212043956488437e-04
1.195629462946294717e-03,8.953614689077043403e-04
1.195928892889288947e-03,8.964238270177557434e-04
1.196228322832283177e-03,8.972755866637145737e-04
1.196527752775277623e-03,8.978840557834932195e-04
1.196827182718271853e-03,8.982165423150027675e-04
1.197126612661266300e-03,8.982101597663441237e-04
1.197426042604260530e-03,8.976148286381516140e-04
1.197725472547254760e-03,8.964365324104594905e-04
1.198024902490248990e-03,8.947430877482983550e-04
1.198324332433243437e-03,8.926023113166976167e-04
1.198623762376237667e-03,8.900820197806915638e-04
1.198923192319232113e-03,8.872500298053073286e-04
1.199222622262226343e-03,8.841741580555802834e-04
1.199522052205220573e-03,8.809222211965391869e-04
1.199821482148214803e-03,8.775620358932151831e-04
1.200120912091209250e-03,8.741614188106368137e-04
1.200420342034203480e-03,8.707881866138398848e-04
1.200719771977197927e-03,8.675101559678507698e-04
1.201019201920192157e-03,8.643951435377049495e-04
1.201318631863186387e-03,8.615109659884311825e-04
1.201618061806180617e-03,8.589254399850605043e-04
1.201917491749175063e-03,8.567063821926221073e-04
1.202216921692169293e-03,8.549216092761506049e-04
1.202516351635163740e-03,8.536389379006742136e-04
1.202815781578157753e-03,8.529261847312262458e-04
1.203115211521152200e-03,8.528951229298625770e-04
1.203414641464146430e-03,8.539879482426979661e-04
1.203714071407140877e-03,8.561998848622274149e-04
1.204013501350135107e-03,8.594013200364366764e-04
1.204312931293129336e-03,8.634626410133161654e-04
1.204612361236123566e-03,8.682542350408547788e-04
1.204911791179118013e-03,8.736464893670455338e-04
1.205211221122112243e-03,8.795097912398698462e-04
1.205510651065106690e-03,8.857145279073247446e-04
1.205810081008100920e-03,8.921310866173905608e-04
1.206109510951095150e-03,8.986298546180604202e-04
1.206408940894089380e-03,9.050812191573234366e-04
1.206708370837083827e-03,9.113555674831730607e-04
1.207007800780078056e-03,9.173232868435894074e-04
1.207307230723072286e-03,9.228547644865658190e-04
1.207606660666066733e-03,9.278203876600947704e-04
1.207906090609060963e-03,9.320905436121581112e-04
1.208205520552055193e-03,9.355356195907487500e-04
1.208504950495049423e-03,9.380260028438554753e-04
1.208804380438043870e-03,9.394320806194681600e-04
1.209103810381038100e-03,9.396614555477299105e-04
1.209403240324032546e-03,9.390944834842355213e-04
1.209702670267026776e-03,9.379183597098465861e-04
1.210002100210021006e-03,9.362022716552953917e-04
1.210301530153015236e-03,9.340154067513147668e-04
1.210600960096009683e-03,9.314269524286350466e-04
1.210900390039003913e-03,9.285060961179929630e-04
1.211199819981998360e-03,9.253220252501168997e-04
1.211499249924992590e-03,9.219439272557439138e-04
1.211798679867986820e-03,9.184409895656046657e-04
1.212098109810981050e-03,9.148823996104315506e-04
1.212397539753975496e-03,9.113373448209546868e-04
1.212696969696969726e-03,9.078750126279118903e-04
1.212996399639964173e-03,9.045645904620308944e-04
1.213295829582958403e-03,9.014752657540491898e-04
1.213595259525952633e-03,8.986762259346966781e-04
1.213894689468946863e-03,8.962366584347062964e-04
1.214194119411941310e-03,8.942257506848092473e-04
1.214493549354935540e-03,8.927126901157409616e-04
1.214792979297929986e-03,8.917666641582320999e-04
1.215092409240924000e-03,8.914243288675275387e-04
1.215391839183918446e-03,8.912478419451809594e-04
1.215691269126912676e-03,8.910795476650238160e-04
1.215990699069907123e-03,8.909195541528557635e-04
1.216290129012901353e-03,8.907679695344767820e-04
1.216589558955895583e-03,8.906249019356863098e-04
1.216888988898889813e-03,8.904904594822840016e-04
1.217188418841884260e-03,8.903647503000700547e-04
1.217487848784878490e-03,8.902478825148437986e-04
1.217787278727872936e-03,8.901399642524049968e-04
1.218086708670867166e-03,8.900411036385536294e-04
1.218386138613861396e-03,8.899514087990893513e-04
1.218685568556855626e-03,8.898709878598118177e-04
1.218984998499850073e-03,8.897999489465206833e-04
1.219284428442844303e-03,8.897384001850159284e-04
1.219583858385838750e-03,8.896864497010969911e-04
1.219883288328832980e-03,8.896442056205638516e-04
1.220182718271827210e-03,8.896117760692162733e-04
1.220482148214821439e-03,8.895892691728536942e-04
1.220781578157815886e-03,8.895767930572760947e-04
1.221081008100810116e-03,8.895842046995809747e-04
1.221380438043804563e-03,8.897917457179938851e-04
1.221679867986798793e-03,8.902513190083186740e-04
1.221979297929793023e-03,8.909420964517520032e-04
1.222278727872787253e-03,8.918432499294901006e-04
1.222578157815781700e-03,8.929339513227300615e-04
1.222877587758775930e-03,8.941933725126667044e-04
1.223177017701770376e-03,8.956006853804984258e-04
1.223476447644764606e-03,8.971350618074191768e-04
1.223775877587758836e-03,8.987756736746264864e-04
1.224075307530753066e-03,9.005016928633166910e-04
1.224374737473747513e-03,9.022922912546873196e-04
1.224674167416741743e-03,9.041266407299322150e-04
1.224973597359736190e-03,9.059839131702503157e-04
1.225273027302730420e-03,9.078432804568353559e-04
1.225572457245724649e-03,9.096839144708849731e-04
1.225871887188718879e-03,9.114849870935955037e-04
1.226171317131713326e-03,9.132256702061645852e-04
1.226470747074707556e-03,9.148851356897860602e-04
1.226770177017702003e-03,9.164425554256584337e-04
1.227069606960696016e-03,9.178846469197983254e-04
1.227369036903690463e-03,9.193800004724997756e-04
1.227668466846684693e-03,9.209899059496987105e-04
1.227967896789679140e-03,9.226933802606526475e-04
1.228267326732673369e-03,9.244694403146137916e-04
1.228566756675667599e-03,9.262971030208384674e-04
1.228866186618661829e-03,9.281553852885816988e-04
1.229165616561656276e-03,9.300233040270997021e-04
1.229465046504650506e-03,9.318798761456448991e-04
1.229764476447644736e-03,9.337041185534732893e-04
1.230063906390639183e-03,9.354750481598414144e-04
1.230363336333633413e-03,9.371716818740016960e-04
1.230662766276627643e-03,9.387730366052102421e-04
1.230962196219621873e-03,9.402581292627219681e-04
1.231261626162616319e-03,9.416059767557929819e-04
1.231561056105610549e-03,9.427955959936761389e-04
1.231860486048604996e-03,9.438060038856280892e-04
1.232159915991599226e-03,9.446162173409025555e-04
1.232459345934593456e-03,9.452052532687552121e-04
1.232758775877587686e-03,9.455521285784407575e-04
1.233058205820582133e-03,9.456160629211059687e-04
1.233357635763576363e-03,9.447248016480147646e-04
1.233657065706570809e-03,9.426551387962582660e-04
1.233956495649565039e-03,9.395406095963954908e-04
1.234255925592559269e-03,9.355147492789812284e-04
1.234555355535553499e-03,9.307110930745713523e-04
1.234854785478547946e-03,9.252631762137176162e-04
1.235154215421542176e-03,9.193045339269839168e-04
1.235453645364536623e-03,9.129687014449175625e-04
1.235753075307530853e-03,9.063892139980839679e-04
1.236052505250525083e-03,8.996996068170342361e-04
1.236351935193519313e-03,8.930334151323244575e-04
1.236651365136513759e-03,8.865241741745059521e-04
1.236950795079507989e-03,8.803054191741440260e-04
1.237250225022502436e-03,8.745106853617857709e-04
1.237549654965496449e-03,8.692735079679990949e-04
1.237849084908490896e-03,8.647274222233249097e-04
1.238148514851485126e-03,8.610059633583298224e-04
1.238447944794479573e-03,8.582426666035643942e-04
1.238747374737473803e-03,8.565710671895887269e-04
1.239046804680468249e-03,8.561162665347732837e-04
1.239346234623462262e-03,8.565311946888371029e-04
1.239645664566456709e-03,8.575281196690112250e-04
1.239945094509450939e-03,8.590413735462429324e-04
1.240244524452445386e-03,8.610052883914834105e-04
1.240543954395439616e-03,8.633541962756785320e-04
1.240843384338433846e-03,8.660224292697785067e-04
1.241142814281428076e-03,8.689443194447321345e-04
1.241442244224422523e-03,8.720541988714908179e-04
1.241741674167416752e-03,8.752863996209988033e-04
1.242041104110411199e-03,8.785752537642096613e-04
1.242340534053405429e-03,8.818550933720673132e-04
1.242639963996399659e-03,8.850602505155231612e-04
1.242939393939393889e-03,8.881250572655261140e-04
1.243238823882388336e-03,8.909838456930270316e-04
1.243538253825382566e-03,8.935709478689707027e-04
1.243837683768377013e-03,8.958206958643093968e-04
1.244137113711371243e-03,8.976674217499892037e-04
1.244436543654365472e-03,8.990454575969603328e-04
1.244735973597359702e-03,8.998891354761718014e-04
1.245035403540354149e-03,9.001357834487244474e-04
1.245334833483348379e-03,8.999972557735035419e-04
1.245634263426342826e-03,8.996518948641431907e-04
1.245933693369337056e-03,8.991229383169143221e-04
1.246233123312331286e-03,8.984336237280873220e-04
1.246532553255325516e-03,8.976071886939326850e-04
1.246831983198319962e-03,8.966668708107201468e-04
1.247131413141314192e-03,8.956359076747217197e-04
1.247430843084308639e-03,8.945375368822062719e-04
1.247730273027302869e-03,8.933949960294460327e-04
1.248029702970297099e-03,8.922315227127106292e-04
1.248329132913291329e-03,8.910703545282706644e-04
1.248628562856285776e-03,8.899347290723957655e-04
1.248927992799280006e-03,8.888478839413579448e-04
1.249227422742274453e-03,8.878330567314263958e-04
1.249526852685268682e-03,8.869134850388731310e-04
1.249826282628262912e-03,8.861124064599675606e-04
1.250125712571257142e-03,8.854530585909805044e-04
1.250425142514251589e-03,8.849586790281820234e-04
1.250724572457245819e-03,8.846525053678433708e-04
1.251024002400240266e-03,8.845573951235529168e-04
1.251323432343234279e-03,8.846219960114535836e-04
1.251622862286228726e-03,8.847898295957686834e-04
1.251922292229222956e-03,8.850495944599535416e-04
1.252221722172217186e-03,8.853899891874642426e-04
1.252521152115211632e-03,8.857997123617563284e-04
1.252820582058205862e-03,8.862674625662850161e-04
1.253120012001200092e-03,8.867819383845064983e-04
1.253419441944194322e-03,8.873318383998759920e-04
1.253718871887188769e-03,8.879058611958499068e-04
1.254018301830182999e-03,8.884927053558830260e-04
1.254317731773177446e-03,8.890810694634316506e-04
1.254617161716171676e-03,8.896596521019507807e-04
1.254916591659165906e-03,8.902171518548962839e-04
1.255216021602160135e-03,8.907422673057240276e-04
1.255515451545154582e-03,8.912236970378899876e-04
1.255814881488148812e-03,8.916501396348488389e-04
1.256114311431143259e-03,8.920102936800572077e-04
1.256413741374137489e-03,8.922928577569700943e-04
1.256713171317131719e-03,8.924865304490433660e-04
1.257012601260125949e-03,8.925801071772298959e-04
1.257312031203120396e-03,8.926234105353258357e-04
1.257611461146114626e-03,8.926648512364781596e-04
1.257910891089109072e-03,8.927043905082347134e-04
1.258210321032103302e-03,8.927419895781431259e-04
1.258509750975097532e-03,8.927776096737514598e-04
1.258809180918091762e-03,8.928112120226070186e-04
1.259108610861086209e-03,8.928427578522577564e-04
1.259408040804080439e-03,8.928722083902516276e-04
1.259707470747074886e-03,8.928995248641361524e-04
1.260006900690069116e-03,8.929246685014588514e-04
1.260306330633063346e-03,8.929476005297680040e-04
1.260605760576057575e-03,8.929682821766110222e-04
1.260905190519052022e-03,8.929866746695358602e-04
1.261204620462046252e-03,8.930027392360901468e-04
1.261504050405040699e-03,8.930164371038215110e-04
1.261803480348034712e-03,8.930277295002779069e-04
1.262102910291029159e-03,8.930365776530069634e-04
1.262402340234023389e-03,8.930429427895564178e-04
1.262701770177017836e-03,8.930467861374742243e-04
1.263001200120012065e-03,8.930480665178867038e-04
1.263300630063006295e-03,8.929008235035463528e-04
1.263600060006000525e-03,8.924816278009018496e-04
1.263899489948994972e-03,8.918206459969180502e-04
1.264198919891989202e-03,8.909480446785613284e-04
1.264498349834983649e-03,8.898939904327957812e-04
1.264797779777977879e-03,8.886886498465883244e-04
1.265097209720972109e-03,8.873621895069037056e-04
1.265396639663966339e-03,8.859447760007072145e-04
1.265696069606960785e-03,8.844665759149632732e-04
1.265995499549955015e-03,8.829577558366390145e-04
1.266294929492949462e-03,8.814484823526982102e-04
1.266594359435943692e-03,8.799689220501081014e-04
1.266893789378937922e-03,8.785492415158330020e-04
1.267193219321932152e-03,8.772196073368383100e-04
1.267492649264926599e-03,8.760101861000886645e-04
1.267792079207920829e-03,8.749511443925509814e-04
1.268091509150915275e-03,8.740726488011893577e-04
1.268390939093909505e-03,8.734048659129702756e-04
1.268690369036903735e-03,8.729779623148585911e-04
1.268989798979897965e-03,8.728221045938195938e-04
1.269289228922892412e-03,8.730263942251312173e-04
1.269588658865886642e-03,8.736397747616521338e-04
1.269888088808881089e-03,8.746171364804747675e-04
1.270187518751875319e-03,8.759132817680683782e-04
1.270486948694869549e-03,8.774830130109040685e-04
1.270786378637863779e-03,8.792811325954521823e-04
1.271085808580858225e-03,8.812624429081850150e-04
1.271385238523852455e-03,8.833817463355699831e-04
1.271684668466846902e-03,8.855938452640807913e-04
1.271984098409841132e-03,8.878535420801847476e-04
1.272283528352835362e-03,8.901156391703537139e-04
1.272582958295829592e-03,8.923349389210585760e-04
1.272882388238824039e-03,8.944662437187710872e-04
1.273181818181818269e-03,8.964643559499587723e-04
1.273481248124812715e-03,8.982840780010951194e-04
1.273780678067806945e-03,8.998802122586478701e-04
1.274080108010801175e-03,9.012075611090888862e-04
1.274379537953795405e-03,9.022209269388889452e-04
1.274678967896789852e-03,9.028751121345186077e-04
1.274978397839784082e-03,9.031249190824477838e-04
1.275277827782778312e-03,9.030492563749866223e-04
1.275577257725772542e-03,9.028057666482905462e-04
1.275876687668766772e-03,9.024135290034313592e-04
1.276176117611761219e-03,9.018909273936380391e-04
1.276475547554755448e-03,9.012563457721405394e-04
1.276774977497749895e-03,9.005281680921674043e-04
1.277074407440744125e-03,8.997247783069490211e-04
1.277373837383738355e-03,8.988645603697142591e-04
1.277673267326732585e-03,8.979658982336922047e-04
1.277972697269727032e-03,8.970471758521116187e-04
1.278272127212721262e-03,8.961267771782032137e-04
1.278571557155715709e-03,8.952230861651949917e-04
1.278870987098709939e-03,8.943544867663174485e-04
1.279170417041704168e-03,8.935393629347993449e-04
1.279469846984698398e-03,8.927960986238700925e-04
1.279769276927692845e-03,8.921430777867582354e-04
1.280068706870687075e-03,8.915986843766944862e-04
1.280368136813681522e-03,8.911813023469070637e-04
1.280667566756675752e-03,8.909093156506260299e-04
1.280966996699669982e-03,8.908011082410802542e-04
1.281266426642664212e-03,8.908507923022715306e-04
1.281565856585658658e-03,8.910212824627697327e-04
1.281865286528652888e-03,8.912990711696294538e-04
1.282164716471647335e-03,8.916709593658722318e-04
1.282464146414641565e-03,8.921237479945188457e-04
1.282763576357635795e-03,8.926442379985905081e-04
1.283063006300630025e-03,8.932192303211087571e-04
1.283362436243624472e-03,8.938355259050952389e-04
1.283661866186618702e-03,8.944799256935699735e-04
1.283961296129613149e-03,8.951392306295554747e-04
1.284260726072607378e-03,8.958002416560717626e-04
1.284560156015601608e-03,8.964497597161404834e-04
1.284859585958595838e-03,8.970745857527830667e-04
1.285159015901590285e-03,8.976615207090210503e-04
1.285458445844584515e-03,8.981973655278746712e-04
1.285757875787578962e-03,8.986689211523661179e-04
1.286057305730572975e-03,8.990629885255155187e-04
1.286356735673567422e-03,8.993663685903452790e-04
1.286656165616561652e-03,8.995658622898758524e-04
1.286955595559556098e-03,8.996482705671287770e-04
1.287255025502550328e-03,8.996390104849971312e-04
1.287554455445544558e-03,8.995994366503512430e-04
1.287853885388538788e-03,8.995312450010266997e-04
1.288153315331533235e-03,8.994350112405020969e-04
1.288452745274527465e-03,8.993113110722561390e-04
1.288752175217521912e-03,8.991607201997674215e-04
1.289051605160516142e-03,8.989838143265146487e-04
1.289351035103510372e-03,8.987811691559765247e-04
1.289650465046504602e-03,8.985533603916317537e-04
1.289949894989499048e-03,8.983009637369586062e-04
1.290249324932493278e-03,8.980245548954362200e-04
1.290548754875487725e-03,8.977247095705428656e-04
1.290848184818481955e-03,8.974020034657574640e-04
1.291147614761476185e-03,8.970570122845587194e-04
1.291447044704470415e-03,8.966903117304250107e-04
1.291746474647464862e-03,8.963024775068349336e-04
1.292045904590459092e-03,8.958940853172677344e-04
1.292345334533453538e-03,8.954657108652011414e-04
1.292644764476447768e-03,8.950179298541148347e-04
1.292944194419441998e-03,8.945513179874867594e-04
1.293243624362436228e-03,8.937929185624008625e-04
1.293543054305430675e-03,8.922533135885417138e-04
1.293842484248424905e-03,8.900067149189880939e-04
1.294141914191419352e-03,8.871421990866833890e-04
1.294441344134413582e-03,8.837488426245779238e-04
1.294740774077407812e-03,8.799157220656167108e-04
1.295040204020402042e-03,8.757319139427459549e-04
1.295339633963396488e-03,8.712864947889091506e-04
1.295639063906390718e-03,8.666685411370588996e-04
1.295938493849385165e-03,8.619671295201353353e-04
1.296237923792379395e-03,8.572713364710914932e-04
1.296537353735373625e-03,8.526702385228709762e-04
1.296836783678367855e-03,8.482529122084198807e-04
1.297136213621362302e-03,8.441084340606819182e-04
1.297435643564356532e-03,8.403258806126094735e-04
1.297735073507350761e-03,8.369943283971461494e-04
1.298034503450345208e-03,8.342028539472364163e-04
1.298333933393339221e-03,8.320405337958323337e-04
1.298633363336333668e-03,8.305964444758740352e-04
1.298932793279327898e-03,8.299596625203120625e-04
1.299232223222322345e-03,8.303822501648206681e-04
1.299531653165316575e-03,8.321920485191733156e-04
1.299831083108310805e-03,8.352529607713468987e-04
1.300130513051305035e-03,8.394132169359247442e-04
1.300429942994299481e-03,8.445210470274937568e-04
1.300729372937293711e-03,8.504246810606296740e-04
1.301028802880288158e-03,8.569723490499236290e-04
1.301328232823282388e-03,8.640122810099491908e-04
1.301627662766276618e-03,8.713927069552941315e-04
1.301927092709270848e-03,8.789618569005413443e-04
1.302226522652265295e-03,8.865679608602793603e-04
1.302525952595259525e-03,8.940592488490804474e-04
1.302825382538253971e-03,9.012839508815377989e-04
1.303124812481248201e-03,9.080902969722242247e-04
1.303424242424242431e-03,9.143265171357281475e-04
1.303723672367236661e-03,9.198408413866325690e-04
1.304023102310231108e-03,9.244814997395234182e-04
1.304322532253225338e-03,9.280967222089770829e-04
1.304621962196219785e-03,9.305347388095816605e-04
1.304921392139214015e-03,9.316437795559165749e-04
1.305220822082208245e-03,9.313141463138859552e-04
1.305520252025202475e-03,9.296499776180272784e-04
1.305819681968196921e-03,9.267967869259732989e-04
1.306119111911191151e-03,9.228981488235963627e-04
1.306418541854185598e-03,9.180976378967590579e-04
1.306717971797179828e-03,9.125388287313367661e-04
1.307017401740174058e-03,9.063652959131942438e-04
1.307316831683168288e-03,8.997206140281997170e-04
1.307616261626162735e-03,8.927483576622160990e-04
1.307915691569156965e-03,8.855921014011219157e-04
1.308215121512151411e-03,8.783954198307749846e-04
1.308514551455145641e-03,8.713018875370540485e-04
1.308813981398139871e-03,8.644550791058220208e-04
1.309113411341134101e-03,8.579985691229470189e-04
1.309412841284128548e-03,8.520759321742931488e-04
1.309712271227122778e-03,8.468307428457372017e-04
1.310011701170117225e-03,8.424065757231397056e-04
1.310311131113111238e-03,8.389470053923777770e-04
1.310610561056105685e-03,8.365956064393094502e-04
1.310909990999099915e-03,8.354959534498094566e-04
1.311209420942094361e-03,8.357091711201105038e-04
1.311508850885088591e-03,8.370144815856153187e-04
1.311808280828082821e-03,8.392845958061710384e-04
1.312107710771077051e-03,8.424035467641284710e-04
1.312407140714071498e-03,8.462553674418416775e-04
1.312706570657065728e-03,8.507240908216557197e-04
1.313006000600060175e-03,8.556937498859279109e-04
1.313305430543054405e-03,8.610483776170017953e-04
1.313604860486048635e-03,8.666720069972317590e-04
1.313904290429042864e-03,8.724486710089686100e-04
1.314203720372037311e-03,8.782624026345674934e-04
1.314503150315031541e-03,8.839972348563707606e-04
1.314802580258025988e-03,8.895372006567375681e-04
1.315102010201020218e-03,8.947663330180107011e-04
1.315401440144014448e-03,8.995686649225448708e-04
1.315700870087008678e-03,9.038282293526913192e-04
1.316000300030003125e-03,9.074290592908030228e-04
1.316299729972997355e-03,9.102551877192256941e-04
1.316599159915991801e-03,9.121906476203140443e-04
1.316898589858986031e-03,9.131194719764161713e-04
1.317198019801980261e-03,9.130723577741126518e-04
1.317497449744974491e-03,9.124965097295805383e-04
1.317796879687968938e-03,9.114799045755793503e-04
1.318096309630963168e-03,9.100752788659109303e-04
1.318395739573957615e-03,9.083353691543738680e-04
1.318695169516951845e-03,9.063129119947709814e-04
1.318994599459946074e-03,9.040606439409016194e-04
1.319294029402940304e-03,9.016313015465661062e-04
1.319593459345934751e-03,8.990776213655629233e-04
1.319892889288928981e-03,8.964523399516964065e-04
1.320192319231923428e-03,8.938081938587631942e-04
1.320491749174917658e-03,8.911979196405672970e-04
1.320791179117911671e-03,8.886742538509091478e-04
1.321090609060906118e-03,8.862899330435839752e-04
1.321390039003900348e-03,8.840976937723974164e-04
1.321689468946894794e-03,8.821502725911466516e-04
1.321988898889889024e-03,8.805004060536349327e-04
1.322288328832883254e-03,8.792008307136613913e-04
1.322587758775877484e-03,8.783042831250262436e-04
1.322887188718871931e-03,8.778634998415297055e-04
1.323186618661866161e-03,8.779537089454464037e-04
1.323486048604860608e-03,8.786602588006719398e-04
1.323785478547854838e-03,8.799274223926832963e-04
1.324084908490849068e-03,8.816884265374115570e-04
1.324384338433843298e-03,8.838764980507882391e-04
1.324683768376837744e-03,8.864248637487465946e-04
1.324983198319831974e-03,8.892667504472139125e-04
1.325282628262826421e-03,8.923353849621255048e-04
1.325582058205820651e-03,8.955639941094081184e-04
1.325881488148814881e-03,8.988858047049951136e-04
1.326180918091809111e-03,9.022340435648177909e-04
1.326480348034803558e-03,9.055419375048097278e-04
1.326779777977797788e-03,9.087427133408972372e-04
1.327079207920792234e-03,9.117695978890162818e-04
1.327378637863786464e-03,9.145558179650935000e-04
1.327678067806780694e-03,9.170346003850623606e-04
1.327977497749774924e-03,9.191391719648542725e-04
1.328276927692769371e-03,9.208027595204011867e-04
1.328576357635763601e-03,9.219585898676324522e-04
1.328875787578758048e-03,9.225398898224802368e-04
1.329175217521752278e-03,9.224938889031618306e-04
1.329474647464746508e-03,9.218667091345133981e-04
1.329774077407740738e-03,9.207195652741809438e-04
1.330073507350735184e-03,9.191102064673529809e-04
1.330372937293729414e-03,9.170963818592212753e-04
1.330672367236723861e-03,9.147358405949726056e-04
1.330971797179718091e-03,9.120863318198001472e-04
1.331271227122712321e-03,9.092056046788916544e-04
1.331570657065706551e-03,9.061514083174367247e-04
1.331870087008700998e-03,9.029814918806227872e-04
1.332169516951695228e-03,8.997536045136438846e-04
1.332468946894689674e-03,8.965254953616851692e-04
1.332768376837683904e-03,8.933549135699406837e-04
1.333067806780678134e-03,8.902996082835978571e-04
1.333367236723672364e-03,8.874173286478461787e-04
1.333666666666666811e-03,8.847658238078735110e-04
1.333966096609661041e-03,8.824028429088730295e-04
1.334265526552655488e-03,8.803861350960312960e-04
1.334564956495649501e-03,8.787734495145417025e-04
1.334864386438643948e-03,8.776225353095891846e-04
1.335163816381638177e-03,8.769103517079259716e-04
1.335463246324632624e-03,8.762686010016211167e-04
1.335762676267626854e-03,8.756455153273258246e-04
1.336062106210621084e-03,8.750427767555889148e-04
1.336361536153615314e-03,8.744620673569595323e-04
1.336660966096609761e-03,8.739050692019869303e-04
1.336960396039603991e-03,8.733734643612209043e-04
1.337259825982598438e-03,8.728689349052103823e-04
1.337559255925592668e-03,8.723931629045053766e-04
1.337858685868586897e-03,8.719478304296547069e-04
1.338158115811581127e-03,8.715346195512079517e-04
1.338457545754575574e-03,8.711552123397140390e-04
1.338756975697569804e-03,8.708112908657229811e-04
1.339056405640564251e-03,8.705045371997837062e-04
1.339355835583558481e-03,8.702366334124457927e-04
1.339655265526552711e-03,8.700092615742584939e-04
1.339954695469546941e-03,8.698241037557710633e-04
1.340254125412541387e-03,8.696828420275329709e-04
1.340553555355535617e-03,8.695871584600936869e-04
1.340852985298530064e-03,8.695387351240023563e-04
1.341152415241524294e-03,8.696116826436447967e-04
1.341451845184518524e-03,8.702046627380197012e-04
1.341751275127512754e-03,8.713303863559200427e-04
1.342050705070507201e-03,8.729318186062529549e-04
1.342350135013501431e-03,8.749519245979218854e-04
1.342649564956495878e-03,8.773336694398354858e-04
1.342948994899490107e-03,8.800200182408960108e-04
1.343248424842484337e-03,8.829539361100108112e-04
1.343547854785478567e-03,8.860783881560858281e-04
1.343847284728472797e-03,8.893363394880266773e-04
1.344146714671467244e-03,8.926707552147414683e-04
1.344446144614461474e-03,8.960246004451313719e-04
1.344745574557455921e-03,8.993408402881067744e-04
1.345045004500449934e-03,9.025624398525664612e-04
1.345344434443444381e-03,9.056323642474254807e-04
1.345643864386438611e-03,9.084935785815825100e-04
1.345943294329433057e-03,9.110890479639477185e-04
1.346242724272427287e-03,9.133617375034229274e-04
1.346542154215421517e-03,9.152546123089160294e-04
1.346841584158415747e-03,9.167106374893326404e-04
1.347141014101410194e-03,9.177304905744332461e-04
1.347440444044404424e-03,9.186663169552224334e-04
1.347739873987398871e-03,9.195849275129029448e-04
1.348039303930393101e-03,9.204827940192525024e-04
1.348338733873387331e-03,9.213563882460507797e-04
1.348638163816381561e-03,9.222021819650772336e-04
1.348937593759376007e-03,9.230166469481113209e-04
1.349237023702370237e-03,9.237962549669313057e-04
1.349536453645364684e-03,9.245374777933172954e-04
1.349835883588358914e-03,9.252367871990475542e-04
1.350135313531353144e-03,9.258906549559017558e-04
1.350434743474347374e-03,9.264955528356589231e-04
1.350734173417341821e-03,9.270479526100989468e-04
1.351033603360336051e-03,9.275443260509999826e-04
1.351333033303330497e-03,9.279811449301418125e-04
1.351632463246324727e-03,9.283548810193031344e-04
1.351931893189318957e-03,9.286620060902634052e-04
1.352231323132313187e-03,9.288989919148019732e-04
1.352530753075307634e-03,9.290623102646978614e-04
1.352830183018301864e-03,9.291484329117300931e-04
1.353129612961296311e-03,9.291053764776541213e-04
1.353429042904290541e-03,9.285640118924610780e-04
1.353728472847284771e-03,9.274928725621602510e-04
1.354027902790279000e-03,9.259467982109039234e-04
1.354327332733273447e-03,9.239806285628427525e-04
1.354626762676267677e-03,9.216492033421318404e-04
1.354926192619262124e-03,9.190073622729201096e-04
1.355225622562256354e-03,9.161099450793637466e-04
1.355525052505250584e-03,9.130117914856130832e-04
1.355824482448244814e-03,9.097677412158204028e-04
1.356123912391239261e-03,9.064326339941354950e-04
1.356423342334233490e-03,9.030613095447154138e-04
1.356722772277227937e-03,8.997086075917075636e-04
1.357022202220222167e-03,8.964293678592692152e-04
1.357321632163216397e-03,8.932784300715500498e-04
1.357621062106210627e-03,8.903106339527023507e-04
1.357920492049205074e-03,8.875808192268763415e-04
1.358219921992199304e-03,8.851438256182285339e-04
1.358519351935193751e-03,8.830544928509074165e-04
1.358818781878187764e-03,8.813676606490693927e-04
1.359118211821182210e-03,8.800995985803204734e-04
1.359417641764176440e-03,8.789234806380745750e-04
1.359717071707170887e-03,8.777573395825576628e-04
1.360016501650165117e-03,8.766068494774873106e-04
1.360315931593159347e-03,8.754776843865781644e-04
1.360615361536153577e-03,8.743755183735459546e-04
1.360914791479148024e-03,8.733060255021054359e-04
1.361214221422142254e-03,8.722748798359740733e-04
1.361513651365136700e-03,8.712877554388655374e-04
1.361813081308130930e-03,8.703503263744971847e-04
1.362112511251125160e-03,8.694682667065839867e-04
1.362411941194119390e-03,8.686472504988413485e-04
1.362711371137113837e-03,8.678929518149845670e-04
1.363010801080108067e-03,8.672110447187301313e-04
1.363310231023102514e-03,8.666072032737931214e-04
1.363609660966096744e-03,8.660871015438893761e-04
1.363909090909090974e-03,8.656564135927347341e-04
1.364208520852085204e-03,8.653208134840444923e-04
1.364507950795079650e-03,8.650859752815341641e-04
1.364807380738073880e-03,8.649575730489196968e-04
1.365106810681068327e-03,8.649368452349581564e-04
1.365406240624062557e-03,8.649763848573208645e-04
1.365705670567056787e-03,8.650606913949781228e-04
1.366005100510051017e-03,8.651881896140280626e-04
1.366304530453045247e-03,8.653573042805691408e-04
1.366603960396039694e-03,8.655664601606995971e-04
1.366903390339033924e-03,8.658140820205175630e-04
1.367202820282028370e-03,8.660985946261214952e-04
1.367502250225022600e-03,8.664184227436095252e-04
1.367801680168016830e-03,8.667719911390798929e-04
1.368101110111011060e-03,8.671577245786308381e-04
1.368400540054005507e-03,8.675740478283611428e-04
1.368699969996999737e-03,8.680193856543683964e-04
1.368999399939994184e-03,8.684921628227514892e-04
1.369298829882988197e-03,8.689908040996075769e-04
1.369598259825982644e-03,8.695137342510364173e-04
1.369897689768976873e-03,8.700593780431353829e-04
1.370197119711971320e-03,8.706261602420032556e-04
1.370496549654965550e-03,8.712125056137375164e-04
1.370795979597959780e-03,8.718168389244369473e-04
1.371095409540954010e-03,8.724571261533161856e-04
1.371394839483948457e-03,8.733973938265746908e-04
1.371694269426942687e-03,8.746921879311037777e-04
1.371993699369937134e-03,8.763039131401890482e-04
1.372293129312931364e-03,8.781949741271113333e-04
1.372592559255925593e-03,8.803277755651549340e-04
1.372891989198919823e-03,8.826647221276036088e-04
1.373191419141914270e-03,8.851682184877424173e-04
1.373490849084908500e-03,8.878006693188512152e-04
1.373790279027902947e-03,8.905244792942171219e-04
1.374089708970897177e-03,8.933020530871195594e-04
1.374389138913891407e-03,8.960957953708440209e-04
1.374688568856885637e-03,8.988681108186737231e-04
1.374987998799880084e-03,9.015814041038941592e-04
1.375287428742874313e-03,9.041980798997846427e-04
1.375586858685868760e-03,9.066805428796324015e-04
1.375886288628862990e-03,9.089911977167172913e-04
1.376185718571857220e-03,9.110924490843243717e-04
1.376485148514851450e-03,9.129467016557372928e-04
1.376784578457845897e-03,9.145163601042403554e-04
1.377084008400840127e-03,9.157779675944158291e-04
1.377383438343834574e-03,9.169545405696466521e-04
1.377682868286828803e-03,9.181298172698273930e-04
1.377982298229823033e-03,9.192972453548127650e-04
1.378281728172817263e-03,9.204502724844571557e-04
1.378581158115811710e-03,9.215823463186149532e-04
1.378880588058805940e-03,9.226869145171390273e-04
1.379180018001800387e-03,9.237574247398846333e-04
1.379479447944794617e-03,9.247873246467047496e-04
1.379778877887788847e-03,9.257700618974537641e-04
1.380078307830783077e-03,9.266990841519857393e-04
1.380377737773777523e-03,9.275678390701558220e-04
1.380677167716771753e-03,9.283697743118161233e-04
1.380976597659766200e-03,9.290983375368225489e-04
1.381276027602760213e-03,9.297469764050268846e-04
1.381575457545754660e-03,9.303091385762856866e-04
1.381874887488748890e-03,9.307782717104514996e-04
1.382174317431743337e-03,9.311478234673789284e-04
1.382473747374737567e-03,9.314112415069217103e-04
1.382773177317732013e-03,9.315619734889339079e-04
1.383072607260726027e-03,9.315870235662328377e-04
1.383372037203720473e-03,9.313400130278202613e-04
1.383671467146714703e-03,9.307867170622158813e-04
1.383970897089709150e-03,9.299595177519387121e-04
1.384270327032703380e-03,9.288907971795099363e-04
1.384569756975697610e-03,9.276129374274486765e-04
1.384869186918691840e-03,9.261583205782750313e-04
1.385168616861686287e-03,9.245593287145071476e-04
1.385468046804680517e-03,9.228483439186678343e-04
1.385767476747674963e-03,9.210577482732738288e-04
1.386066906690669193e-03,9.192199238608479402e-04
1.386366336633663423e-03,9.173672527639086405e-04
1.386665766576657653e-03,9.155321170649758115e-04
1.386965196519652100e-03,9.137468988465678168e-04
1.387264626462646330e-03,9.120439801912072486e-04
1.387564056405640777e-03,9.104557431814113864e-04
1.387863486348635007e-03,9.090145698997024971e-04
1.388162916291629237e-03,9.077528424285991613e-04
1.388462346234623467e-03,9.067029428506211521e-04
1.388761776177617696e-03,9.058972532482882428e-04
1.389061206120612143e-03,9.053628681805130996e-04
1.389360636063606373e-03,9.049553942733821023e-04
1.389660066006600820e-03,9.045935617612515340e-04
1.389959495949595050e-03,9.042722440132490783e-04
1.390258925892589280e-03,9.039863143985018765e-04
1.390558355835583510e-03,9.037306462861368532e-04
1.390857785778577957e-03,9.035001130452811500e-04
1.391157215721572186e-03,9.032895880450621251e-04
1.391456645664566633e-03,9.030939446546067031e-04
1.391756075607560863e-03,9.029080562430423507e-04
1.392055505550555093e-03,9.027267961794963177e-04
1.392354935493549323e-03,9.025450378330952036e-04
1.392654365436543770e-03,9.023576545729665834e-04
1.392953795379538000e-03,9.021595197682374901e-04
1.393253225322532447e-03,9.019455067880351737e-04
1.393552655265526460e-03,9.017104890014869924e-04
1.393852085208520906e-03,9.014493397777196540e-04
1.394151515151515136e-03,9.011569324858607335e-04
1.394450945094509583e-03,9.008281404950368304e-04
1.394750375037503813e-03,9.004578371743757366e-04
1.395049804980498043e-03,9.000389002382365271e-04
1.395349234923492273e-03,8.994794309262608327e-04
1.395648664866486720e-03,8.987450924370483062e-04
1.395948094809480950e-03,8.978544210240198059e-04
1.396247524752475397e-03,8.968259529405932630e-04
1.396546954695469626e-03,8.956782244401896445e-04
1.396846384638463856e-03,8.944297717762277489e-04
1.397145814581458086e-03,8.930991312021268084e-04
1.397445244524452533e-03,8.917048389713054047e-04
1.397744674467446763e-03,8.902654313371848298e-04
1.398044104410441210e-03,8.887994445531826899e-04
1.398343534353435440e-03,8.873254148727201685e-04
1.398642964296429670e-03,8.858618785492156306e-04
1.398942394239423900e-03,8.844273718360888504e-04
1.399241824182418346e-03,8.830404309867580844e-04
1.399541254125412576e-03,8.817195922546445163e-04
1.399840684068407023e-03,8.804833918931659689e-04
1.400140114011401253e-03,8.793503661557436259e-04
1.400439543954395483e-03,8.783390512957958522e-04
1.400738973897389713e-03,8.774679835667422052e-04
1.401038403840384160e-03,8.767542115215383371e-04
1.401337833783378390e-03,8.761024746360155172e-04
1.401637263726372836e-03,8.754496795367998092e-04
1.401936693669367066e-03,8.747995898655358624e-04
1.402236123612361296e-03,8.741559692638681094e-04
1.402535553555355526e-03,8.735225813734406571e-04
1.402834983498349973e-03,8.729031898358972875e-04
1.403134413441344203e-03,8.723015582928834088e-04
1.403433843384338650e-03,8.717214503860424776e-04
1.403733273327332880e-03,8.711666297570194685e-04
1.404032703270327110e-03,8.706408600474587053e-04
1.404332133213321340e-03,8.701479048990041869e-04
1.404631563156315786e-03,8.696915279533000203e-04
1.404930993099310016e-03,8.692754928519911802e-04
1.405230423042304463e-03,8.689035632367215567e-04
1.405529852985298476e-03,8.685795027491361245e-04
1.405829282928292923e-03,8.683070750308782317e-04
1.406128712871287153e-03,8.680900437235931780e-04
1.406428142814281600e-03,8.679321724689245286e-04
1.406727572757275830e-03,8.678372249085171495e-04
1.407027002700270060e-03,8.678108901191762840e-04
1.407326432643264289e-03,8.681210129715386838e-04
1.407625862586258736e-03,8.689171701648362982e-04
1.407925292529252966e-03,8.701449275982652302e-04
1.408224722472247413e-03,8.717498511710245097e-04
1.408524152415241643e-03,8.736775067823090470e-04
1.408823582358235873e-03,8.758734603313174383e-04
1.409123012301230103e-03,8.782832777172469791e-04
1.409422442244224550e-03,8.808525248392966994e-04
1.409721872187218780e-03,8.835267675966604253e-04
1.410021302130213226e-03,8.862515718885392467e-04
1.410320732073207456e-03,8.889725036141264474e-04
1.410620162016201686e-03,8.916351286726214914e-04
1.410919591959195916e-03,8.941850129632215654e-04
1.411219021902190146e-03,8.965677223851239649e-04
1.411518451845184593e-03,8.987288228375277200e-04
1.411817881788178823e-03,9.006138802196269819e-04
1.412117311731173270e-03,9.021684604306216479e-04
1.412416741674167499e-03,9.033381293697067367e-04
1.412716171617161729e-03,9.040684529360809530e-04
1.413015601560155959e-03,9.043050476976223235e-04
1.413315031503150406e-03,9.040334177992761285e-04
1.413614461446144636e-03,9.033054510614996462e-04
1.413913891389139083e-03,9.021720385520929633e-04
1.414213321332133313e-03,9.006840713388585516e-04
1.414512751275127543e-03,8.988924404895970400e-04
1.414812181218121773e-03,8.968480370721091657e-04
1.415111611161116219e-03,8.946017521541945816e-04
1.415411041104110449e-03,8.922044768036572777e-04
1.415710471047104896e-03,8.897071020882951721e-04
1.416009900990099126e-03,8.871605190759127967e-04
1.416309330933093356e-03,8.846156188343094794e-04
1.416608760876087586e-03,8.821232924312860657e-04
1.416908190819082033e-03,8.797344309346422087e-04
1.417207620762076263e-03,8.774999254121821149e-04
1.417507050705070709e-03,8.754706669317038111e-04
1.417806480648064723e-03,8.736975465610124798e-04
1.418105910591059169e-03,8.722314553679039791e-04
1.418405340534053399e-03,8.711232844201828411e-04
1.418704770477047846e-03,8.704239247856488271e-04
1.419004200420042076e-03,8.701842273204749185e-04
1.419303630363036306e-03,8.702346316138399006e-04
1.419603060306030536e-03,8.703762467063491052e-04
1.419902490249024983e-03,8.705989437032049787e-04
1.420201920192019213e-03,8.708925937096097507e-04
1.420501350135013659e-03,8.712470678307660844e-04
1.420800780078007889e-03,8.716522371718761009e-04
1.421100210021002119e-03,8.720979728381422465e-04
1.421399639963996349e-03,8.725741459347670760e-04
1.421699069906990796e-03,8.730706275669532527e-04
1.421998499849985026e-03,8.735772888399026808e-04
1.422297929792979473e-03,8.740840008588183488e-04
1.422597359735973703e-03,8.745806347289020524e-04
1.422896789678967933e-03,8.750570615553563466e-04
1.423196219621962163e-03,8.755031524433840029e-04
1.423495649564956609e-03,8.759087784981874677e-04
1.423795079507950839e-03,8.762638108249687537e-04
1.424094509450945286e-03,8.765581205289307409e-04
1.424393939393939516e-03,8.767815787152752251e-04
1.424693369336933746e-03,8.769240564892050865e-04
1.424992799279927976e-03,8.769754249559226630e-04
1.425292229222922423e-03,8.769753277363097690e-04
1.425591659165916653e-03,8.769749359335555746e-04
1.425891089108911099e-03,8.769742793547492766e-04
1.426190519051905329e-03,8.769733585633307949e-04
1.426489948994899559e-03,8.769721741227395071e-04
1.426789378937893789e-03,8.769707265964150076e-04
1.427088808880888236e-03,8.769690165477972161e-04
1.427388238823882466e-03,8.769670445403255103e-04
1.427687668766876913e-03,8.769648111374394846e-04
1.427987098709871143e-03,8.769623169025790588e-04
1.428286528652865373e-03,8.769595623991835020e-04
1.428585958595859602e-03,8.769565481906927340e-04
1.428885388538854049e-03,8.769532748405462408e-04
1.429184818481848279e-03,8.769497429121836168e-04
1.429484248424842726e-03,8.769459529690444566e-04
1.429783678367836739e-03,8.769419055745685714e-04
1.430083108310831186e-03,8.769376012921953388e-04
1.430382538253825416e-03,8.769330406853646787e-04
1.430681968196819863e-03,8.769282243175159685e-04
1.430981398139814093e-03,8.769231527520889111e-04
1.431280828082808322e-03,8.768720458164784353e-04
1.431580258025802552e-03,8.767235375503988756e-04
1.431879687968796999e-03,8.764881973383153134e-04
1.432179117911791229e-03,8.761768023663263696e-04
1.432478547854785676e-03,8.758001298205296895e-04
1.432777977797779906e-03,8.753689568870240021e-04
1.433077407740774136e-03,8.748940607519072781e-04
1.433376837683768366e-03,8.743862186012775961e-04
1.433676267626762812e-03,8.738562076212328181e-04
1.433975697569757042e-03,8.733148049978718902e-04
1.434275127512751272e-03,8.727727879172925661e-04
1.434574557455745719e-03,8.722409335655925992e-04
1.434873987398739949e-03,8.717300191288711525e-04
1.435173417341734179e-03,8.712508217932256544e-04
1.435472847284728409e-03,8.708141187447545088e-04
1.435772277227722856e-03,8.704306871695554693e-04
1.436071707170717086e-03,8.701113042537273736e-04
1.436371137113711532e-03,8.698667471833679754e-04
1.436670567056705762e-03,8.697077931445757869e-04
1.436969996999699992e-03,8.696452193234486703e-04
1.437269426942694222e-03,8.697635237824858766e-04
1.437568856885688669e-03,8.701592007822177982e-04
1.437868286828682899e-03,8.708078353654302847e-04
1.438167716771677346e-03,8.716840378621380780e-04
1.438467146714671576e-03,8.727624186023537518e-04
1.438766576657665806e-03,8.740175879160919396e-04
1.439066006600660036e-03,8.754241561333664075e-04
1.439365436543654482e-03,8.769567335841921144e-04
1.439664866486648712e-03,8.785899305985809832e-04
1.439964296429643159e-03,8.802983575065488403e-04
1.440263726372637172e-03,8.820566246381063074e-04
1.440563156315631619e-03,8.838393423232720298e-04
1.440862586258625849e-03,8.856211208920560874e-04
1.441162016201620296e-03,8.873765706744750651e-04
1.441461446144614526e-03,8.890803020005403441e-04
1.441760876087608972e-03,8.907069252002679672e-04
1.442060306030602986e-03,8.922310506036685565e-04
1.442359735973597432e-03,8.936272885407604318e-04
1.442659165916591662e-03,8.948702493415543234e-04
1.442958595859586109e-03,8.959345433360659493e-04
1.443258025802580339e-03,8.968851356823474537e-04
1.443557455745574569e-03,8.978575097561680013e-04
1.443856885688568799e-03,8.988461972560143854e-04
1.444156315631563246e-03,8.998434595783265637e-04
1.444455745574557476e-03,9.008415581195417833e-04
1.444755175517551922e-03,9.018327542761005438e-04
1.445054605460546152e-03,9.028093094444406344e-04
1.445354035403540382e-03,9.037634850210014706e-04
1.445653465346534612e-03,9.046875424022221427e-04
1.445952895289529059e-03,9.055737429845422829e-04
1.446252325232523289e-03,9.064143481643995720e-04
1.446551755175517736e-03,9.072016193382341845e-04
1.446851185118511966e-03,9.079278179024839095e-04
1.447150615061506196e-03,9.085852052535883794e-04
1.447450045004500425e-03,9.091660427879866843e-04
1.447749474947494872e-03,9.096625919021179146e-04
1.448048904890489102e-03,9.100671139924204015e-04
1.448348334833483549e-03,9.103718704553338857e-04
1.448647764776477779e-03,9.105691226872965902e-04
1.448947194719472009e-03,9.106511320847481472e-04
1.449246624662466239e-03,9.104187705211446878e-04
1.449546054605460686e-03,9.095434131953736030e-04
1.449845484548454915e-03,9.080860687113678732e-04
1.450144914491449362e-03,9.061169236338357516e-04
1.450444344434443592e-03,9.037061645274902617e-04
1.450743774377437822e-03,9.009239779570399819e-04
1.451043204320432052e-03,8.978405504871951170e-04
1.451342634263426499e-03,8.945260686826633778e-04
1.451642064206420729e-03,8.910507191081595228e-04
1.451941494149415176e-03,8.874846883283887692e-04
1.452240924092409406e-03,8.838981629080664175e-04
1.452540354035403635e-03,8.803613294119000702e-04
1.452839783978397865e-03,8.769443744045996069e-04
1.453139213921392312e-03,8.737174844508730637e-04
1.453438643864386542e-03,8.707508461154350905e-04
1.453738073807380989e-03,8.681146459629916637e-04
1.454037503750375002e-03,8.658790705582579753e-04
1.454336933693369449e-03,8.641143064659380498e-04
1.454636363636363679e-03,8.628905402507462121e-04
1.454935793579358125e-03,8.622779584773907153e-04
1.455235223522352355e-03,8.621315442712151498e-04
1.455534653465346585e-03,8.620170920557037415e-04
1.455834083408340815e-03,8.619174397472259596e-04
1.456133513351335262e-03,8.618309086393261681e-04
1.456432943294329492e-03,8.617558200255485143e-04
1.456732373237323722e-03,8.616904951994366034e-04
1.457031803180318169e-03,8.616332554545344741e-04
1.457331233123312399e-03,8.615824220843867074e-04
1.457630663066306629e-03,8.615363163825369083e-04
1.457930093009300859e-03,8.614932596425292242e-04
1.458229522952295305e-03,8.614515731579078022e-04
1.458528952895289535e-03,8.614095782222163560e-04
1.458828382838283982e-03,8.613655961289994663e-04
1.459127812781278212e-03,8.613179481718007385e-04
1.459427242724272442e-03,8.612649556441645364e-04
1.459726672667266672e-03,8.612049398396345737e-04
1.460026102610261119e-03,8.611362220517551061e-04
1.460325532553255349e-03,8.610571235740702807e-04
1.460624962496249795e-03,8.609659657001238111e-04
1.460924392439244025e-03,8.608610697234602782e-04
1.461223822382238255e-03,8.607234914878637323e-04
1.461523252325232485e-03,8.605142106201198095e-04
1.461822682268226932e-03,8.602397316292944218e-04
1.462122112211221162e-03,8.599086382369774224e-04
1.462421542154215609e-03,8.595295141647569300e-04
1.462720972097209839e-03,8.591109431342232317e-04
1.463020402040204069e-03,8.586615088669648796e-04
1.463319831983198299e-03,8.581897950845710768e-04
1.463619261926192745e-03,8.577043855086307006e-04
1.463918691869186975e-03,8.572138638607334962e-04
1.464218121812181422e-03,8.567268138624680156e-04
1.464517551755175435e-03,8.562518192354244377e-04
1.464816981698169882e-03,8.557974637011905557e-04
1.465116411641164112e-03,8.553723309813566567e-04
1.465415841584158559e-03,8.549850047975110761e-04
1.465715271527152789e-03,8.546440688712436673e-04
1.466014701470147018e-03,8.543581069241431994e-04
1.466314131413141248e-03,8.541357026777989837e-04
1.466613561356135695e-03,8.539854398537998978e-04
1.466912991299129925e-03,8.539159021737355781e-04
1.467212421242124372e-03,8.542085950364164794e-04
1.467511851185118602e-03,8.555751262216387387e-04
1.467811281128112832e-03,8.579426406468759281e-04
1.468110711071107062e-03,8.611906775291140433e-04
1.468410141014101509e-03,8.651987760853424407e-04
1.468709570957095738e-03,8.698464755325411527e-04
1.469009000900090185e-03,8.750133150877028969e-04
1.469308430843084415e-03,8.805788339678059708e-04
1.469607860786078645e-03,8.864225713898401648e-04
1.469907290729072875e-03,8.924240665707912573e-04
1.470206720672067322e-03,8.984628587276500145e-04
1.470506150615061552e-03,9.044184870773934329e-04
1.470805580558055999e-03,9.101704908370159648e-04
1.471105010501050228e-03,9.155984092234954741e-04
1.471404440444044458e-03,9.205817814538219679e-04
1.471703870387038688e-03,9.250001467449816585e-04
1.472003300330033135e-03,9.287330443139630350e-04
1.472302730273027365e-03,9.316600133777463467e-04
1.472602160216021812e-03,9.336605931533220343e-04
1.472901590159016042e-03,9.346143228576733828e-04
1.473201020102010272e-03,9.345989488955662059e-04
1.473500450045004502e-03,9.341950921597835713e-04
1.473799879987998948e-03,9.334716229304824324e-04
1.474099309930993178e-03,9.324525089668016025e-04
1.474398739873987625e-03,9.311617180278769675e-04
1.474698169816981855e-03,9.296232178728476656e-04
1.474997599759976085e-03,9.278609762608506671e-04
1.475297029702970315e-03,9.258989609510229419e-04
1.475596459645964762e-03,9.237611397025007011e-04
1.475895889588958992e-03,9.214714802744243842e-04
1.476195319531953438e-03,9.190539504259281423e-04
1.476494749474947668e-03,9.165325179161528486e-04
1.476794179417941898e-03,9.139311505042343889e-04
1.477093609360936128e-03,9.112738159493100586e-04
1.477393039303930575e-03,9.085844820105155265e-04
1.477692469246924805e-03,9.058871164469920996e-04
1.477991899189919252e-03,9.032056870178731701e-04
1.478291329132913265e-03,9.005641614823022131e-04
1.478590759075907712e-03,8.979865075994088262e-04
1.478890189018901942e-03,8.954966931283362677e-04
1.479189618961896388e-03,8.930123380372756827e-04
1.479489048904890618e-03,8.901821548548845536e-04
1.479788478847884848e-03,8.870232689058791392e-04
1.480087908790879078e-03,8.835891326013281923e-04
1.480387338733873308e-03,8.799331983523011160e-04
1.480686768676867755e-03,8.761089185698641693e-04
1.480986198619861985e-03,8.721697456650920680e-04
1.481285628562856432e-03,8.681691320490483605e-04
1.481585058505850662e-03,8.641605301328081964e-04
1.481884488448844892e-03,8.601973923274376177e-04
1.482183918391839121e-03,8.563331710440058109e-04
1.482483348334833568e-03,8.526213186935794686e-04
1.482782778277827798e-03,8.491152876872330897e-04
1.483082208220822245e-03,8.458685304360307649e-04
1.483381638163816475e-03,8.429344993510466677e-04
1.483681068106810705e-03,8.403666468433472741e-04
1.483980498049804935e-03,8.382184253240017703e-04
1.484279927992799382e-03,8.365432872040783670e-04
1.484579357935793612e-03,8.353946848946486358e-04
1.484878787878788058e-03,8.348260708067801366e-04
1.485178217821782288e-03,8.349169701688382780e-04
1.485477647764776518e-03,8.357721272783218136e-04
1.485777077707770748e-03,8.373245506462630378e-04
1.486076507650765195e-03,8.394914673779401044e-04
1.486375937593759425e-03,8.421901045786265054e-04
1.486675367536753872e-03,8.453376893536023460e-04
1.486974797479748102e-03,8.488514488081396001e-04
1.487274227422742331e-03,8.526486100475168554e-04
1.487573657365736561e-03,8.566464001770106394e-04
1.487873087308731008e-03,8.607620463019002984e-04
1.488172517251725238e-03,8.649127755274563971e-04
1.488471947194719685e-03,8.690158149589613176e-04
1.488771377137713698e-03,8.729883917016828055e-04
1.489070807080708145e-03,8.767477328609085555e-04
1.489370237023702375e-03,8.802110655419067469e-04
1.489669666966696822e-03,8.832956168499586777e-04
1.489969096909691051e-03,8.859186138903365386e-04
1.490268526852685281e-03,8.879972837683188088e-04
1.490567956795679511e-03,8.894488535891824496e-04
1.490867386738673958e-03,8.901905504582036631e-04
1.491166816681668188e-03,8.902248623792431096e-04
1.491466246624662635e-03,8.899248597082193811e-04
1.491765676567656865e-03,8.893707647142874489e-04
1.492065106510651095e-03,8.885926051225227339e-04
1.492364536453645325e-03,8.876204086580006571e-04
1.492663966396639771e-03,8.864842030457957718e-04
1.492963396339634001e-03,8.852140160109853422e-04
1.493262826282628448e-03,8.838398752786430545e-04
1.493562256225622678e-03,8.823918085738462810e-04
1.493861686168616908e-03,8.808998436216697921e-04
1.494161116111611138e-03,8.793940081471886836e-04
1.494460546054605585e-03,8.779043298754777257e-04
1.494759975997599815e-03,8.764608365316143993e-04
1.495059405940594261e-03,8.750935558406721737e-04
1.495358835883588491e-03,8.738325155277283131e-04
1.495658265826582721e-03,8.727077433178576961e-04
1.495957695769576951e-03,8.717492669361355268e-04
1.496257125712571398e-03,8.709871141076367925e-04
1.496556555655565628e-03,8.704513125574384318e-04
1.496855985598560075e-03,8.701718900106146732e-04
1.497155415541554305e-03,8.701561516084130744e-04
1.497454845484548535e-03,8.702930890624672100e-04
1.497754275427542765e-03,8.705567699635329048e-04
1.498053705370537211e-03,8.709393113423502747e-04
1.498353135313531441e-03,8.714328302296581348e-04
1.498652565256525888e-03,8.720294436561968178e-04
1.498951995199520118e-03,8.727212686527048135e-04
1.499251425142514348e-03,8.735004222499220209e-04
1.499550855085508578e-03,8.743590214785881224e-04
1.499850285028503025e-03,8.752891833694431255e-04
1.500149714971497471e-03,8.762830249532260621e-04
1.500449144914491485e-03,8.773326632606747713e-04
1.500748574857485931e-03,8.784302153225318627e-04
1.501048004800480161e-03,8.795677981695345250e-04
1.501347434743474608e-03,8.807375288324237415e-04
1.501646864686468621e-03,8.819315243419365924e-04
1.501946294629463068e-03,8.831419017288160127e-04
1.502245724572457515e-03,8.843607780237998416e-04
1.502545154515451528e-03,8.855802702576257013e-04
1.502844584458445758e-03,8.867924954610356594e-04
1.503144014401440205e-03,8.880313154096634029e-04
1.503443444344434651e-03,8.895474506937751328e-04
1.503742874287428664e-03,8.913503970743706260e-04
1.504042304230423111e-03,8.933995658639566195e-04
1.504341734173417341e-03,8.956543683750302007e-04
1.504641164116411788e-03,8.980742159200965887e-04
1.504940594059405801e-03,9.006185198116516783e-04
1.505240024002400248e-03,9.032466913622044834e-04
1.505539453945394695e-03,9.059181418842527419e-04
1.505838883888388924e-03,9.085922826902962518e-04
1.506138313831383154e-03,9.112285250928386059e-04
1.506437743774377384e-03,9.137862804043809031e-04
1.506737173717371831e-03,9.162249599374270616e-04
1.507036603660366278e-03,9.185039750044763371e-04
1.507336033603360291e-03,9.205827369180274436e-04
1.507635463546354738e-03,9.224206569905878767e-04
1.507934893489348968e-03,9.239771465346551579e-04
1.508234323432343415e-03,9.252116168627329881e-04
1.508533753375337428e-03,9.260834792873206232e-04
1.508833183318331874e-03,9.265521451209218729e-04
1.509132613261326321e-03,9.264857550498779848e-04
1.509432043204320551e-03,9.252121836429876619e-04
1.509731473147314781e-03,9.227196858367118712e-04
1.510030903090309011e-03,9.191503913829591164e-04
1.510330333033303458e-03,9.146464300336348656e-04
1.510629762976297905e-03,9.093499315406501160e-04
1.510929192919291918e-03,9.034030256559230209e-04
1.511228622862286364e-03,8.969478421313449535e-04
1.511528052805280594e-03,8.901265107188384039e-04
1.511827482748275041e-03,8.830811611703021178e-04
1.512126912691269054e-03,8.759539232376604284e-04
1.512426342634263501e-03,8.688869266728014564e-04
1.512725772577257948e-03,8.620223012276445477e-04
1.513025202520252178e-03,8.555021766541033015e-04
1.513324632463246191e-03,8.494686827040853544e-04
1.513624062406240638e-03,8.440639491294869585e-04
1.513923492349235084e-03,8.394301056822263754e-04
1.514222922292229531e-03,8.357092821142125426e-04
1.514522352235223544e-03,8.330436081773573247e-04
1.514821782178217774e-03,8.315752136235626119e-04
1.515121212121212221e-03,8.313536710052746260e-04
1.515420642064206668e-03,8.316269363564291568e-04
1.515720072007200681e-03,8.321734643090629479e-04
1.516019501950195128e-03,8.329615326256208097e-04
1.516318931893189358e-03,8.339594190685439747e-04
1.516618361836183804e-03,8.351354014002773619e-04
1.516917791779177817e-03,8.364577573832610111e-04
1.517217221722172264e-03,8.378947647799421181e-04
1.517516651665166711e-03,8.394147013527613731e-04
1.517816081608160941e-03,8.409858448641610931e-04
1.518115511551155171e-03,8.425764730765852211e-04
1.518414941494149401e-03,8.441548637524768327e-04
1.518714371437143848e-03,8.456892946542800878e-04
1.519013801380138294e-03,8.471480435444369780e-04
1.519313231323132308e-03,8.484993881853885190e-04
1.519612661266126754e-03,8.497116063395815811e-04
1.519912091209120984e-03,8.507529757694566380e-04
1.520211521152115431e-03,8.515917742374581748e-04
1.520510951095109444e-03,8.521962795060275325e-04
1.520810381038103891e-03,8.525347693376097383e-04
1.521109810981098338e-03,8.525870595498744996e-04
1.521409240924092568e-03,8.524616627125523654e-04
1.521708670867086798e-03,8.522050175415105382e-04
1.522008100810081027e-03,8.518322932130144819e-04
1.522307530753075474e-03,8.513586589033291180e-04
1.522606960696069921e-03,8.507992837887204526e-04
1.522906390639063934e-03,8.501693370454545999e-04
1.523205820582058381e-03,8.494839878497955060e-04
1.523505250525052611e-03,8.487584053780098271e-04
1.523804680468047058e-03,8.480077588063622681e-04
1.524104110411041071e-03,8.472472173111197024e-04
1.524403540354035518e-03,8.464919500685456422e-04
1.524702970297029964e-03,8.457571262549064186e-04
1.525002400240023977e-03,8.450579150464685796e-04
1.525301830183018207e-03,8.444094856194960712e-04
1.525601260126012654e-03,8.438270071502545740e-04
1.525900690069007101e-03,8.433256488150098771e-04
1.526200120012001114e-03,8.429205797900282031e-04
1.526499549954995561e-03,8.426269692515737150e-04
1.526798979897989791e-03,8.424599863759126353e-04
1.527098409840984237e-03,8.424774580548192310e-04
1.527397839783978251e-03,8.432312714727936307e-04
1.527697269726972697e-03,8.448124992270278962e-04
1.527996699669967144e-03,8.471259309511446284e-04
1.528296129612961374e-03,8.500763562787643684e-04
1.528595559555955604e-03,8.535685648435122107e-04
1.528894989498949834e-03,8.575073462790111902e-04
1.529194419441944281e-03,8.617974902188877025e-04
1.529493849384938728e-03,8.663437862967621802e-04
1.529793279327932741e-03,8.710510241462509360e-04
1.530092709270927187e-03,8.758239934009904486e-04
1.530392139213921417e-03,8.805674836945938866e-04
1.530691569156915864e-03,8.851862846606912234e-04
1.530990999099909877e-03,8.895851859328958444e-04
1.531290429042904324e-03,8.936689771448436863e-04
1.531589858985898771e-03,8.973424479301512786e-04
1.531889288928893001e-03,9.005103879224394875e-04
1.532188718871887231e-03,9.030775867553344919e-04
1.532488148814881461e-03,9.049488340624594349e-04
1.532787578757875907e-03,9.060289194774383270e-04
1.533087008700870354e-03,9.062419023635578030e-04
1.533386438643864367e-03,9.058544745096638656e-04
1.533685868586858814e-03,9.050169638919832891e-04
1.533985298529853044e-03,9.037768098203751614e-04
1.534284728472847491e-03,9.021814516046961852e-04
1.534584158415841504e-03,9.002783285548080503e-04
1.534883588358835951e-03,8.981148799805635562e-04
1.535183018301830397e-03,8.957385451918233087e-04
1.535482448244824627e-03,8.931967634984474798e-04
1.535781878187818640e-03,8.905369742102943985e-04
1.536081308130813087e-03,8.878066166372163221e-04
1.536380738073807534e-03,8.850531300890751574e-04
1.536680168016801981e-03,8.823239538757293417e-04
1.536979597959795994e-03,8.796665273070405650e-04
1.537279027902790224e-03,8.771282896928613015e-04
1.537578457845784671e-03,8.747566803430497718e-04
1.537877887788779117e-03,8.725991385674662561e-04
1.538177317731773130e-03,8.707031036759711436e-04
1.538476747674767577e-03,8.691160149784174505e-04
1.538776177617761807e-03,8.678853117846668666e-04
1.539075607560756254e-03,8.670446737347496050e-04
1.539375037503750267e-03,8.663325031737151901e-04
1.539674467446744714e-03,8.656348579121884469e-04
1.539973897389739161e-03,8.649541888041165734e-04
1.540273327332733391e-03,8.642929467034463336e-04
1.540572757275727621e-03,8.636535824641229740e-04
1.540872187218721850e-03,8.630385469400929334e-04
1.541171617161716297e-03,8.624502909853021086e-04
1.541471047104710744e-03,8.618912654536966134e-04
1.541770477047704757e-03,8.613639211992234288e-04
1.542069906990699204e-03,8.608707090758273674e-04
1.542369336933693434e-03,8.604140799374556271e-04
1.542668766876687881e-03,8.599964846380534541e-04
1.542968196819681894e-03,8.596203740315681548e-04
1.543267626762676340e-03,8.592881989719445418e-04
1.543567056705670787e-03,8.590024103131294877e-04
1.543866486648665017e-03,8.587654589090691062e-04
1.544165916591659247e-03,8.585797956137094025e-04
1.544465346534653477e-03,8.584478712809963819e-04
1.544764776477647924e-03,8.583721367648762665e-04
1.545064206420642371e-03,8.583726550180210925e-04
1.545363636363636384e-03,8.589429296352795807e-04
1.545663066306630831e-03,8.602450263299422830e-04
1.545962496249625060e-03,8.621958270374518226e-04
1.546261926192619507e-03,8.647122136932552678e-04
1.546561356135613520e-03,8.677110682327914470e-04
1.546860786078607967e-03,8.711092725915135001e-04
1.547160216021602414e-03,8.748237087048620986e-04
1.547459645964596427e-03,8.787712585082756373e-04
1.547759075907590657e-03,8.828688039372072560e-04
1.548058505850585104e-03,8.870332269271018547e-04
1.548357935793579550e-03,8.911814094134007554e-04
1.548657365736573564e-03,8.952302333315430034e-04
1.548956795679568010e-03,8.990965806169846659e-04
1.549256225622562240e-03,9.026973332051619692e-04
1.549555655565556687e-03,9.059493730315243670e-04
1.549855085508550700e-03,9.087695820315102539e-04
1.550154515451545147e-03,9.110748421405720108e-04
1.550453945394539594e-03,9.127820352941499842e-04
1.550753375337534041e-03,9.138080434276884233e-04
1.551052805280528054e-03,9.140608548483546061e-04
1.551352235223522284e-03,9.131401200941512055e-04
1.551651665166516730e-03,9.109679628394480849e-04
1.551951095109511177e-03,9.076859037250951728e-04
1.552250525052505190e-03,9.034354633919490117e-04
1.552549954995499637e-03,8.983581624808468450e-04
1.552849384938493867e-03,8.925955216326483593e-04
1.553148814881488314e-03,8.862890614881949181e-04
1.553448244824482327e-03,8.795803026883500025e-04
1.553747674767476774e-03,8.726107658739439173e-04
1.554047104710471220e-03,8.655219716858359152e-04
1.554346534653465450e-03,8.584554407648805870e-04
1.554645964596459680e-03,8.515526937519225488e-04
1.554945394539453910e-03,8.449552512878110789e-04
1.555244824482448357e-03,8.388046340133914437e-04
1.555544254425442804e-03,8.332423625695183425e-04
1.555843684368436817e-03,8.284099575970478840e-04
1.556143114311431264e-03,8.244489397368155769e-04
1.556442544254425494e-03,8.215008296296805656e-04
1.556741974197419940e-03,8.197071479164882253e-04
1.557041404140413953e-03,8.192025392090003608e-04
1.557340834083408400e-03,8.196373752699446895e-04
1.557640264026402847e-03,8.207001717733285791e-04
1.557939693969397077e-03,8.223202185170124011e-04
1.558239123912391090e-03,8.244268052988560930e-04
1.558538553855385537e-03,8.269492219167266399e-04
1.558837983798379984e-03,8.298167581684822445e-04
1.559137413741374430e-03,8.329587038519843624e-04
1.559436843684368443e-03,8.363043487650893533e-04
1.559736273627362890e-03,8.397829827056683223e-04
1.560035703570357120e-03,8.433238954715751353e-04
1.560335133513351567e-03,8.468563768606763437e-04
1.560634563456345580e-03,8.503097166708260303e-04
1.560933993399340027e-03,8.536132046998953001e-04
1.561233423342334474e-03,8.566961307457404045e-04
1.561532853285328704e-03,8.594877846062209557e-04
1.561832283228322717e-03,8.619174560791988430e-04
1.562131713171317163e-03,8.639144349625406177e-04
1.562431143114311610e-03,8.654080110541036153e-04
1.562730573057306057e-03,8.663274741517492912e-04
1.563030003000300070e-03,8.666037697204889223e-04
1.563329432943294300e-03,8.663827908867784448e-04
1.563628862886288747e-03,8.658215158547096597e-04
1.563928292829283194e-03,8.649580993940791029e-04
1.564227722772277207e-03,8.638306962746856955e-04
1.564527152715271653e-03,8.624774612663229376e-04
1.564826582658265883e-03,8.609365491387904008e-04
1.565126012601260330e-03,8.592461146618824526e-04
1.565425442544254343e-03,8.574443126053999656e-04
1.565724872487248790e-03,8.555692977391342715e-04
1.566024302430243237e-03,8.536592248328849419e-04
1.566323732373237467e-03,8.517522486564502475e-04
1.566623162316231697e-03,8.498865239796253145e-04
1.566922592259225927e-03,8.481002055722072211e-04
1.567222022202220373e-03,8.464314482039915271e-04
1.567521452145214820e-03,8.449184066447763949e-04
1.567820882088208833e-03,8.435992356643603118e-04
1.568120312031203280e-03,8.425120900325365611e-04
1.568419741974197510e-03,8.416951245191043891e-04
1.568719171917191957e-03,8.411864938938592474e-04
1.569018601860185970e-03,8.410248651583314807e-04
1.569318031803180417e-03,8.413772126078110543e-04
1.569617461746174863e-03,8.423105209804205651e-04
1.569916891689169093e-03,8.437599285465150921e-04
1.570216321632163323e-03,8.456605735764516655e-04
1.570515751575157553e-03,8.479475943405868823e-04
1.570815181518152000e-03,8.505561291092792906e-04
1.571114611461146013e-03,8.534213161528794158e-04
1.571414041404140460e-03,8.564782937417523114e-04
1.571713471347134907e-03,8.596622001462503456e-04
1.572012901290129137e-03,8.629081736367272965e-04
1.572312331233123150e-03,8.661513524835400858e-04
1.572611761176117597e-03,8.693268749570520326e-04
1.572911191119112043e-03,8.723698793276149629e-04
1.573210621062106490e-03,8.752155038655852568e-04
1.573510051005100503e-03,8.777988868413157163e-04
1.573809480948094733e-03,8.800551665251692265e-04
1.574108910891089180e-03,8.819194811875010831e-04
1.574408340834083627e-03,8.833269690986662566e-04
1.574707770777077640e-03,8.842127685290203680e-04
1.575007200720072087e-03,8.845121470960811425e-04
1.575306630663066317e-03,8.844088619109955309e-04
1.575606060606060763e-03,8.841206693110293009e-04
1.575905490549054776e-03,8.836654203765166408e-04
1.576204920492049223e-03,8.830609661877897873e-04
1.576504350435043670e-03,8.823251578251827118e-04
1.576803780378037900e-03,8.814758463690296024e-04
1.577103210321032130e-03,8.805308828996635633e-04
1.577402640264026360e-03,8.795081184974180236e-04
1.577702070207020807e-03,8.784254042426254371e-04
1.578001500150015253e-03,8.773005912156204254e-04
1.578300930093009266e-03,8.761515304967380444e-04
1.578600360036003713e-03,8.749960731663081453e-04
1.578899789978997943e-03,8.738520703046671933e-04
1.579199219921992390e-03,8.727373729921466660e-04
1.579498649864986403e-03,8.716698323090825949e-04
1.579798079807980850e-03,8.706672993358054819e-04
1.580097509750975297e-03,8.697476251526501658e-04
1.580396939693969527e-03,8.689286608399510517e-04
1.580696369636963756e-03,8.682282574780404846e-04
1.580995799579957986e-03,8.676642661472522191e-04
1.581295229522952433e-03,8.671947672298689971e-04
1.581594659465946880e-03,8.667603112289631222e-04
1.581894089408940893e-03,8.663572633478251002e-04
1.582193519351935340e-03,8.659820001845606498e-04
1.582492949294929570e-03,8.656308983372775498e-04
1.582792379237924017e-03,8.653003344040828201e-04
1.583091809180918030e-03,8.649866849830838058e-04
1.583391239123912476e-03,8.646863266723867677e-04
1.583690669066906923e-03,8.643956360700993762e-04
1.583990099009901153e-03,8.641109897743289763e-04
1.584289528952895166e-03,8.638287643831824795e-04
1.584588958895889613e-03,8.635453364947663635e-04
1.584888388838884060e-03,8.632570827071882986e-04
1.585187818781878507e-03,8.629603796185550879e-04
1.585487248724872520e-03,8.626516038269745100e-04
1.585786678667866750e-03,8.623271319305529344e-04
1.586086108610861196e-03,8.619833405273972723e-04
1.586385538553855643e-03,8.616166062156148690e-04
1.586684968496849656e-03,8.612233055933136115e-04
1.586984398439844103e-03,8.607998152585992187e-04
1.587283828382838333e-03,8.603476793323544970e-04
1.587583258325832780e-03,8.598724809643371741e-04
1.587882688268826793e-03,8.593751759128912459e-04
1.588182118211821240e-03,8.588567063884475911e-04
1.588481548154815686e-03,8.583180146014386062e-04
1.588780978097809916e-03,8.577600427622971216e-04
1.589080408040804146e-03,8.571837330814547750e-04
1.589379837983798376e-03,8.565900277693437462e-04
1.589679267926792823e-03,8.559798690363954561e-04
1.589978697869787270e-03,8.553541990930426265e-04
1.590278127812781283e-03,8.547139601497180878e-04
1.590577557755775730e-03,8.540600944168522850e-04
1.590876987698769960e-03,8.533935441048784822e-04
1.591176417641764406e-03,8.527152514242279917e-04
1.591475847584758420e-03,8.520261585853344029e-04
1.591775277527752866e-03,8.513272077986277272e-04
1.592074707470747313e-03,8.506193412745411200e-04
1.592374137413741543e-03,8.499035012235070866e-04
1.592673567356735773e-03,8.491806298559571560e-04
1.592972997299730003e-03,8.484516693823236167e-04
1.593272427242724450e-03,8.476983368911219065e-04
1.593571857185718463e-03,8.468972787092062058e-04
1.593871287128712910e-03,8.460537500424314145e-04
1.594170717071707356e-03,8.451732010853067788e-04
1.594470147014701586e-03,8.442610820323413279e-04
1.594769576957695599e-03,8.433228430780434406e-04
1.595069006900690046e-03,8.423639344169192187e-04
1.595368436843684493e-03,8.413898062434780169e-04
1.595667866786678940e-03,8.404059087522284307e-04
1.595967296729672953e-03,8.394176921376798146e-04
1.596266726672667183e-03,8.384306065943383790e-04
1.596566156615661630e-03,8.374501023167125026e-04
1.596865586558656076e-03,8.364816294993108895e-04
1.597165016501650089e-03,8.355306383366432194e-04
1.597464446444644536e-03,8.346025790232150521e-04
1.597763876387638766e-03,8.337029017535366095e-04
1.598063306330633213e-03,8.328370567221148610e-04
1.598362736273627226e-03,8.320104941234599200e-04
1.598662166216621673e-03,8.312286641520774547e-04
1.598961596159616120e-03,8.304970170024770365e-04
1.599261026102610350e-03,8.298009397806480536e-04
1.599560456045604579e-03,8.291110865757128504e-04
1.599859885988598809e-03,8.284282180486178754e-04
1.600159315931593256e-03,8.277535174513587536e-04
1.600458745874587703e-03,8.270881680359324110e-04
1.600758175817581716e-03,8.264333530543354484e-04
1.601057605760576163e-03,8.257902557585626233e-04
1.601357035703570393e-03,8.251600594006112954e-04
1.601656465646564840e-03,8.245439472324766561e-04
1.601955895589558853e-03,8.239431025061563904e-04
1.602255325532553299e-03,8.233587084736449305e-04
1.602554755475547746e-03,8.227919483869392024e-04
1.602854185418541976e-03,8.222440054980358071e-04
1.603153615361536206e-03,8.217160630589304777e-04
1.603453045304530436e-03,8.212093043216194899e-04
1.603752475247524883e-03,8.207249125380985770e-04
1.604051905190519330e-03,8.202640709603644482e-04
1.604351335133513343e-03,8.198279628404135959e-04
1.604650765076507789e-03,8.194177714302411028e-04
1.604950195019502019e-03,8.190346799818442203e-04
1.605249624962496466e-03,8.186675319206154376e-04
1.605549054905490479e-03,8.182955999991197490e-04
1.605848484848484926e-03,8.179209416123241119e-04
1.606147914791479373e-03,8.175461117030634068e-04
1.606447344734473603e-03,8.171736652141721891e-04
1.606746774677467616e-03,8.168061570884846889e-04
1.607046204620462063e-03,8.164461422688343772e-04
1.607345634563456509e-03,8.160961756980562431e-04
1.607645064506450956e-03,8.157588123189846250e-04
1.607944494449444969e-03,8.154366070744539698e-04
1.608243924392439199e-03,8.151321149072978571e-04
1.608543354335433646e-03,8.148478907603511675e-04
1.608842784278428093e-03,8.145864895764478057e-04
1.609142214221422106e-03,8.143504662984227607e-04
1.609441644164416553e-03,8.141423758691093953e-04
1.609741074107410999e-03,8.139647732313425900e-04
1.610040504050405229e-03,8.138202133279566833e-04
1.610339933993399242e-03,8.137112511017856884e-04
1.610639363936393689e-03,8.136404414956639438e-04
1.610938793879388136e-03,8.136103394524257879e-04
1.611238223822382583e-03,8.138118344065927616e-04
1.611537653765376596e-03,8.146051939678017112e-04
1.611837083708370826e-03,8.159377558757214752e-04
1.612136513651365273e-03,8.177439512328246122e-04
1.612435943594359719e-03,8.199582111415817292e-04
1.612735373537353733e-03,8.225149667044599636e-04
1.613034803480348179e-03,8.253486490239383792e-04
1.613334233423342409e-03,8.283936892024823789e-04
1.613633663366336856e-03,8.315845183425676652e-04
1.613933093309330869e-03,8.348555675466587736e-04
1.614232523252325316e-03,8.381412679172362858e-04
1.614531953195319763e-03,8.413760505567670139e-04
1.614831383138313993e-03,8.444943465677200471e-04
1.615130813081308223e-03,8.474305870525690280e-04
1.615430243024302452e-03,8.501192031137856479e-04
1.615729672967296899e-03,8.524946258538426821e-04
1.616029102910290912e-03,8.544912863752067260e-04
1.616328532853285359e-03,8.560436157803552170e-04
1.616627962796279806e-03,8.570860451717561600e-04
1.616927392739274036e-03,8.575530056518805956e-04
1.617226822682268049e-03,8.575251547329243223e-04
1.617526252625262496e-03,8.573277570215802551e-04
1.617825682568256943e-03,8.569917649297865937e-04
1.618125112511251389e-03,8.565339543449528156e-04
1.618424542454245402e-03,8.559711011544885069e-04
1.618723972397239849e-03,8.553199812458015189e-04
1.619023402340234079e-03,8.545973705063021966e-04
1.619322832283228526e-03,8.538200448233987166e-04
1.619622262226222539e-03,8.530047800845019660e-04
1.619921692169216986e-03,8.521683521770188202e-04
1.620221122112211433e-03,8.513275369883594075e-04
1.620520552055205663e-03,8.504991104059337476e-04
1.620819981998199676e-03,8.496998483171507759e-04
1.621119411941194122e-03,8.489465266094179102e-04
1.621418841884188569e-03,8.482559211701456037e-04
1.621718271827183016e-03,8.476448078867430090e-04
1.622017701770177029e-03,8.471299626466200373e-04
1.622317131713171259e-03,8.467281613371845398e-04
1.622616561656165706e-03,8.464561798458459943e-04
1.622915991599160153e-03,8.463307940600138784e-04
1.623215421542154166e-03,8.464149305579380831e-04
1.623514851485148612e-03,8.468246010645747758e-04
1.623814281428142842e-03,8.475316801974326674e-04
1.624113711371137289e-03,8.485003338615023250e-04
1.624413141314131302e-03,8.496947279617713886e-04
1.624712571257125749e-03,8.510790284032332441e-04
1.625012001200120196e-03,8.526174010908760736e-04
1.625311431143114426e-03,8.542740119296883842e-04
1.625610861086108656e-03,8.560130268246612852e-04
1.625910291029102886e-03,8.577986116807845849e-04
1.626209720972097332e-03,8.595949324030495008e-04
1.626509150915091779e-03,8.613661548964446487e-04
1.626808580858085792e-03,8.630764450659571263e-04
1.627108010801080239e-03,8.646899688165821628e-04
1.627407440744074469e-03,8.661708920533057717e-04
1.627706870687068916e-03,8.674833806811200381e-04
1.628006300630062929e-03,8.685916006050121681e-04
1.628305730573057376e-03,8.694597177299752226e-04
1.628605160516051822e-03,8.700518979609972751e-04
1.628904590459046052e-03,8.703323072030681338e-04
1.629204020402040282e-03,8.701629856715904169e-04
1.629503450345034512e-03,8.692483244467421330e-04
1.629802880288028959e-03,8.676464149540409837e-04
1.630102310231023406e-03,8.654396840377751726e-04
1.630401740174017419e-03,8.627105585422362643e-04
1.630701170117011866e-03,8.595414653117042225e-04
1.631000600060006096e-03,8.560148311904725634e-04
1.631300030003000542e-03,8.522130830228237443e-04
1.631599459945994555e-03,8.482186476530537752e-04
1.631898889888989002e-03,8.441139519254386081e-04
1.632198319831983449e-03,8.399814226842714339e-04
1.632497749774977679e-03,8.359034867738427332e-04
1.632797179717971692e-03,8.319625710384397337e-04
1.633096609660966139e-03,8.282411023223414234e-04
1.633396039603960586e-03,8.248215074698414268e-04
1.633695469546955032e-03,8.217862133252270803e-04
1.633994899489949046e-03,8.192176467327892979e-04
1.634294329432943275e-03,8.171982345368096695e-04
1.634593759375937722e-03,8.158104035815766158e-04
1.634893189318932169e-03,8.151365807113795329e-04
1.635192619261926182e-03,8.153186966688037978e-04
1.635492049204920629e-03,8.165599440336024969e-04
1.635791479147914859e-03,8.187674503878142589e-04
1.636090909090909306e-03,8.218258518755463269e-04
1.636390339033903319e-03,8.256197846408949931e-04
1.636689768976897765e-03,8.300338848279751984e-04
1.636989198919892212e-03,8.349527885808857288e-04
1.637288628862886442e-03,8.402611320437264547e-04
1.637588058805880672e-03,8.458435513606047274e-04
1.637887488748874902e-03,8.515846826756244287e-04
1.638186918691869349e-03,8.573691621328938858e-04
1.638486348634863362e-03,8.630816258765046205e-04
1.638785778577857809e-03,8.686067100505768862e-04
1.639085208520852256e-03,8.738290507992061079e-04
1.639384638463846485e-03,8.786332842664930235e-04
1.639684068406840715e-03,8.829040465965453093e-04
1.639983498349834945e-03,8.865259739334670642e-04
1.640282928292829392e-03,8.893837024213639047e-04
1.640582358235823839e-03,8.913618682043367852e-04
1.640881788178817852e-03,8.923451074264888289e-04
1.641181218121812299e-03,8.922863632798804087e-04
1.641480648064806529e-03,8.914306830679545428e-04
1.641780078007800975e-03,8.898841161950587489e-04
1.642079507950794989e-03,8.877287759025506058e-04
1.642378937893789435e-03,8.850467754317777177e-04
1.642678367836783882e-03,8.819202280240965794e-04
1.642977797779778112e-03,8.784312469208635770e-04
1.643277227722772125e-03,8.746619453634330368e-04
1.643576657665766572e-03,8.706944365931503947e-04
1.643876087608761019e-03,8.666108338513744220e-04
1.644175517551755466e-03,8.624932503794591199e-04
1.644474947494749479e-03,8.584237994187641271e-04
1.644774377437743709e-03,8.544845942106341205e-04
1.645073807380738155e-03,8.507577479964231011e-04
1.645373237323732602e-03,8.473253740174877804e-04
1.645672667266726615e-03,8.442695855151861710e-04
1.645972097209721062e-03,8.416724957308630581e-04
1.646271527152715292e-03,8.396162179058780806e-04
1.646570957095709739e-03,8.381828652815824206e-04
1.646870387038703752e-03,8.374545510993319222e-04
1.647169816981698199e-03,8.374563799408320372e-04
1.647469246924692645e-03,8.379524452872110646e-04
1.647768676867686875e-03,8.388644278158944017e-04
1.648068106810681105e-03,8.401431176456799913e-04
1.648367536753675335e-03,8.417393048953658845e-04
1.648666966696669782e-03,8.436037796837513253e-04
1.648966396639664229e-03,8.456873321296330638e-04
1.649265826582658242e-03,8.479407523518055732e-04
1.649565256525652689e-03,8.503148304690730849e-04
1.649864686468646919e-03,8.527603566002286625e-04
1.650164116411641365e-03,8.552281208640735016e-04
1.650463546354635378e-03,8.576689133794003408e-04
1.650762976297629825e-03,8.600335242650136280e-04
1.651062406240624272e-03,8.622727436397081618e-04
1.651361836183618502e-03,8.643373616222798251e-04
1.651661266126612732e-03,8.661781683315286206e-04
1.651960696069606962e-03,8.677459538862520574e-04
1.652260126012601409e-03,8.689915084052489457e-04
1.652559555955595855e-03,8.698656220073159272e-04
1.652858985898589868e-03,8.703190848112504025e-04
1.653158415841584315e-03,8.703001653743171716e-04
1.653457845784578545e-03,8.697859076151560811e-04
1.653757275727572992e-03,8.688233464729856227e-04
1.654056705670567005e-03,8.674652857689156820e-04
1.654356135613561452e-03,8.657645293240498561e-04
1.654655565556555899e-03,8.637738809594970547e-04
1.654954995499550129e-03,8.615461444963664044e-04
1.655254425442544142e-03,8.591341237557659476e-04
1.655553855385538588e-03,8.565906225587974383e-04
1.655853285328533035e-03,8.539684447265716294e-04
1.656152715271527482e-03,8.513203940801960211e-04
1.656452145214521495e-03,8.486992744407818000e-04
1.656751575157515725e-03,8.461578896294305032e-04
1.657051005100510172e-03,8.437490434672498480e-04
1.657350435043504619e-03,8.415255397753489608e-04
1.657649864986498632e-03,8.395401823748380524e-04
1.657949294929493078e-03,8.378457750868187684e-04
1.658248724872487308e-03,8.364951217324024038e-04
1.658548154815481755e-03,8.355410261326943989e-04
1.658847584758475768e-03,8.350362921088036634e-04
1.659147014701470215e-03,8.349914076993048603e-04
1.659446444644464662e-03,8.351716276134505800e-04
1.659745874587458892e-03,8.355215958581118599e-04
1.660045304530453122e-03,8.360286094444046093e-04
1.660344734473447352e-03,8.366799653834446288e-04
1.660644164416441798e-03,8.374629606863486951e-04
1.660943594359436245e-03,8.383648923642321752e-04
1.661243024302430258e-03,8.393730574282093522e-04
1.661542454245424705e-03,8.404747528893992794e-04
1.661841884188418935e-03,8.416572757589152638e-04
1.662141314131413165e-03,8.429079230478741906e-04
1.662440744074407395e-03,8.442139917673919689e-04
1.662740174017401842e-03,8.455627789285854838e-04
1.663039603960396288e-03,8.469415815425696686e-04
1.663339033903390302e-03,8.483376966204583727e-04
1.663638463846384748e-03,8.497384211733717335e-04
1.663937893789378978e-03,8.511310522124222993e-04
1.664237323732373425e-03,8.525028867487283646e-04
1.664536753675367438e-03,8.538412217934025859e-04
1.664836183618361885e-03,8.551333543575648840e-04
1.665135613561356332e-03,8.563941780605783399e-04
1.665435043504350562e-03,8.578073004699546169e-04
1.665734473447344575e-03,8.593870614791847837e-04
1.666033903390339022e-03,8.611068382062844837e-04
1.666333333333333468e-03,8.629400077692627466e-04
1.666632763276327915e-03,8.648599472861318548e-04
1.666932193219321928e-03,8.668400338748999704e-04
1.667231623162316158e-03,8.688536446535836044e-04
1.667531053105310605e-03,8.708741567401942800e-04
1.667830483048305052e-03,8.728749472527424363e-04
1.668129912991299065e-03,8.748293933092367780e-04
1.668429342934293512e-03,8.767108720276947913e-04
1.668728772877287958e-03,8.784927605261253977e-04
1.669028202820282188e-03,8.801484359225390363e-04
1.669327632763276201e-03,8.816512753349478810e-04
1.669627062706270648e-03,8.829746558813665993e-04
1.669926492649265095e-03,8.840919546798047630e-04
1.670225922592259542e-03,8.849765488482740040e-04
1.670525352535253555e-03,8.856018155047850867e-04
1.670824782478247785e-03,8.859411317673517028e-04
1.671124212421242232e-03,8.859401835659962707e-04
1.671423642364236678e-03,8.853615429123524267e-04
1.671723072307230691e-03,8.842032886957139999e-04
1.672022502250225138e-03,8.825234318198222705e-04
1.672321932193219368e-03,8.803799831884250244e-04
1.672621362136213815e-03,8.778309537052639755e-04
1.672920792079207828e-03,8.749343542740895116e-04
1.673220222022202275e-03,8.717481957986380342e-04
1.673519651965196722e-03,8.683304891826580879e-04
1.673819081908190952e-03,8.647392453298973500e-04
1.674118511851185181e-03,8.610324751440977514e-04
1.674417941794179411e-03,8.572681895290041503e-04
1.674717371737173858e-03,8.535043993883582609e-04
1.675016801680168305e-03,8.497991156259077604e-04
1.675316231623162318e-03,8.462103491454023860e-04
1.675615661566156765e-03,8.427961108505763708e-04
1.675915091509150995e-03,8.396144116451819458e-04
1.676214521452145442e-03,8.367232624329594155e-04
1.676513951395139455e-03,8.341806741176591676e-04
1.676813381338133901e-03,8.320446576030184711e-04
1.677112811281128348e-03,8.303358518953730082e-04
1.677412241224122578e-03,8.287101708330247814e-04
1.677711671167116808e-03,8.270784609781817046e-04
1.678011101110111038e-03,8.254507317732000119e-04
1.678310531053105485e-03,8.238369926604355038e-04
1.678609960996099932e-03,8.222472530822453902e-04
1.678909390939093945e-03,8.206915224809886158e-04
1.679208820882088391e-03,8.191798102990171864e-04
1.679508250825082621e-03,8.177221259786905888e-04
1.679807680768077068e-03,8.163284789623635393e-04
1.680107110711071081e-03,8.150088786923951993e-04
1.680406540654065528e-03,8.137733346111385505e-04
1.680705970597059975e-03,8.126318561609515616e-04
1.681005400540054205e-03,8.115944527841917680e-04
1.681304830483048218e-03,8.106711339232152954e-04
1.681604260426042665e-03,8.098719090203767516e-04
1.681903690369037111e-03,8.092067875180341055e-04
1.682203120312031558e-03,8.086857788585435913e-04
1.682502550255025571e-03,8.083188924842623106e-04
1.682801980198019801e-03,8.081161378375458469e-04
1.683101410141014248e-03,8.081103302435064910e-04
1.683400840084008695e-03,8.085789070016951132e-04
1.683700270027002708e-03,8.095553149954079009e-04
1.683999699969997155e-03,8.109810507532112106e-04
1.684299129912991385e-03,8.127976108036658693e-04
1.684598559855985615e-03,8.149464916753363904e-04
1.684897989798979845e-03,8.173691898967862029e-04
1.685197419741974291e-03,8.200072019965807960e-04
1.685496849684968738e-03,8.228020245032821893e-04
1.685796279627962751e-03,8.256951539454491498e-04
1.686095709570957198e-03,8.286280868516538887e-04
1.686395139513951428e-03,8.315423197504534384e-04
1.686694569456945875e-03,8.343793491704153478e-04
1.686993999399939888e-03,8.370806716400972999e-04
1.687293429342934335e-03,8.395877836880705301e-04
1.687592859285928781e-03,8.418421818428944558e-04
1.687892289228923011e-03,8.437853626331312052e-04
1.688191719171917241e-03,8.453588225873460505e-04
1.688491149114911471e-03,8.465040582341024208e-04
1.688790579057905918e-03,8.471625661019642874e-04
1.689090009000900365e-03,8.472957968425514404e-04
1.689389438943894378e-03,8.471796101283845431e-04
1.689688868886888825e-03,8.469309050182782794e-04
1.689988298829883055e-03,8.465645425091036748e-04
1.690287728772877501e-03,8.460953835977312121e-04
1.690587158715871514e-03,8.455382892810327840e-04
1.690886588658865961e-03,8.449081205558778979e-04
1.691186018601860408e-03,8.442197384191382293e-04
1.691485448544854638e-03,8.434880038676849118e-04
1.691784878487848651e-03,8.427277778983892961e-04
1.692084308430843098e-03,8.419539215081204555e-04
1.692383738373837545e-03,8.411812956937503912e-04
1.692683168316831991e-03,8.404247614521499115e-04
1.692982598259826004e-03,8.396991797801912341e-04
1.693282028202820234e-03,8.390194116747435411e-04
1.693581458145814681e-03,8.384003181326776409e-04
1.693880888088809128e-03,8.378567601508653175e-04
1.694180318031803141e-03,8.374035987261778131e-04
1.694479747974797588e-03,8.370556948554848517e-04
1.694779177917791818e-03,8.368279095356582174e-04
1.695078607860786265e-03,8.367301137008746094e-04
1.695378037803780278e-03,8.366727942395833914e-04
1.695677467746774724e-03,8.366179676011285642e-04
1.695976897689769171e-03,8.365656864217594366e-04
1.696276327632763401e-03,8.365160033377257512e-04
1.696575757575757631e-03,8.364689709852762747e-04
1.696875187518751861e-03,8.364246420006608580e-04
1.697174617461746308e-03,8.363830690201283762e-04
1.697474047404740755e-03,8.363443046799282467e-04
1.697773477347734768e-03,8.363084016163102119e-04
1.698072907290729214e-03,8.362754124655231470e-04
1.698372337233723444e-03,8.362453898638166861e-04
1.698671767176717891e-03,8.362183864474399212e-04
1.698971197119711904e-03,8.361944548526424863e-04
1.699270627062706351e-03,8.361736477156733651e-04
1.699570057005700798e-03,8.361560176727820832e-04
1.699869486948695028e-03,8.361416173602179494e-04
1.700168916891689258e-03,8.361304994142303810e-04
1.700468346834683488e-03,8.361227164710685784e-04
1.700767776777677934e-03,8.361183211669820673e-04
1.701067206720672381e-03,8.361214792267468270e-04
1.701366636663666394e-03,8.362384666554000846e-04
1.701666066606660841e-03,8.365045933670030602e-04
1.701965496549655071e-03,8.369045178758429803e-04
1.702264926492649518e-03,8.374228986962083728e-04
1.702564356435643531e-03,8.380443943423855971e-04
1.702863786378637978e-03,8.387536633286644819e-04
1.703163216321632424e-03,8.395353641693321456e-04
1.703462646264626654e-03,8.403741553786754897e-04
1.703762076207620667e-03,8.412546954709821745e-04
1.704061506150615114e-03,8.421616429605424626e-04
1.704360936093609561e-03,8.430796563616423881e-04
1.704660366036604008e-03,8.439933941885700451e-04
1.704959795979598021e-03,8.448875149556119013e-04
1.705259225922592251e-03,8.457466771770577856e-04
1.705558655865586698e-03,8.465555393671954669e-04
1.705858085808581144e-03,8.472987600403118465e-04
1.706157515751575158e-03,8.479609977106943681e-04
1.706456945694569604e-03,8.485269108926323184e-04
1.706756375637563834e-03,8.489811581004123820e-04
1.707055805580558064e-03,8.493107943317403964e-04
1.707355235523552294e-03,8.495937176673872644e-04
1.707654665466546741e-03,8.498728576225741916e-04
1.707954095409541188e-03,8.501470329187316415e-04
1.708253525352535201e-03,8.504150622772898606e-04
1.708552955295529648e-03,8.506757644196803964e-04
1.708852385238523878e-03,8.509279580673331702e-04
1.709151815181518324e-03,8.511704619416795127e-04
1.709451245124512337e-03,8.514020947641494537e-04
1.709750675067506784e-03,8.516216752561743238e-04
1.710050105010501231e-03,8.518280221391845864e-04
1.710349534953495461e-03,8.520199541346104881e-04
1.710648964896489691e-03,8.521962899638832510e-04
1.710948394839483921e-03,8.523558483484333387e-04
1.711247824782478368e-03,8.524974480096916482e-04
1.711547254725472814e-03,8.526199076690885344e-04
1.711846684668466827e-03,8.527220460480547859e-04
1.712146114611461274e-03,8.528026818680211913e-04
1.712445544554455504e-03,8.528606338504184309e-04
1.712744974497449951e-03,8.528947207166770765e-04
1.713044404440443964e-03,8.529036087878879560e-04
1.713343834383438411e-03,8.528780271717681469e-04
1.713643264326432858e-03,8.528141309126042405e-04
1.713942694269427088e-03,8.527134269624586128e-04
1.714242124212421101e-03,8.525774222733940736e-04
1.714541554155415547e-03,8.524076237974723483e-04
1.714840984098409994e-03,8.522055384867562467e-04
1.715140414041404441e-03,8.519726732933082533e-04
1.715439843984398454e-03,8.517105351691911779e-04
1.715739273927392684e-03,8.514206310664668544e-04
1.716038703870387131e-03,8.511044679371976588e-04
1.716338133813381578e-03,8.507635527334461841e-04
1.716637563756375591e-03,8.503993924072754569e-04
1.716936993699370037e-03,8.500134939107467690e-04
1.717236423642364267e-03,8.496073641959235806e-04
1.717535853585358714e-03,8.491825102148675090e-04
1.717835283528352727e-03,8.487404389196420143e-04
1.718134713471347174e-03,8.482826572623082800e-04
1.718434143414341621e-03,8.478106721949293326e-04
1.718733573357335851e-03,8.473259906695679820e-04
1.719033003300330081e-03,8.468282903821102749e-04
1.719332433243324311e-03,8.461452238982078867e-04
1.719631863186318757e-03,8.451855131836574948e-04
1.719931293129313204e-03,8.439811078059078053e-04
1.720230723072307217e-03,8.425639573324090418e-04
1.720530153015301664e-03,8.409660113306061157e-04
1.720829582958295894e-03,8.392192193679500097e-04
1.721129012901290341e-03,8.373555310118870445e-04
1.721428442844284354e-03,8.354068958298692870e-04
1.721727872787278801e-03,8.334052633893398055e-04
1.722027302730273247e-03,8.313825832577494742e-04
1.722326732673267477e-03,8.293708050025480833e-04
1.722626162616261707e-03,8.274018781911828208e-04
1.722925592559255937e-03,8.255077523911017422e-04
1.723225022502250384e-03,8.237203771697519271e-04
1.723524452445244831e-03,8.220717020945833824e-04
1.723823882388238844e-03,8.205936767330462237e-04
1.724123312331233291e-03,8.193182506525846032e-04
1.724422742274227521e-03,8.182773734206499373e-04
1.724722172217221967e-03,8.175029946046890889e-04
1.725021602160215980e-03,8.170262350632373147e-04
1.725321032103210427e-03,8.166925122963773504e-04
1.725620462046204874e-03,8.163698956302254230e-04
1.725919891989199104e-03,8.160590391600494988e-04
1.726219321932193117e-03,8.157605969811171105e-04
1.726518751875187564e-03,8.154752231886954654e-04
1.726818181818182011e-03,8.152035718780528553e-04
1.727117611761176457e-03,8.149462971444570297e-04
1.727417041704170471e-03,8.147040530831758465e-04
1.727716471647164917e-03,8.144774937894765131e-04
1.728015901590159147e-03,8.142672733586274296e-04
1.728315331533153594e-03,8.140740458858959118e-04
1.728614761476147607e-03,8.138984654665499261e-04
1.728914191419142054e-03,8.137411861958571135e-04
1.729213621362136501e-03,8.136028621690851153e-04
1.729513051305130514e-03,8.134841474815020061e-04
1.729812481248124744e-03,8.133856962283751019e-04
1.730111911191119190e-03,8.133081625049725857e-04
1.730411341134113637e-03,8.132522004065618820e-04
1.730710771077107650e-03,8.132184640284110654e-04
1.731010201020102097e-03,8.132077167838316521e-04
1.731309630963096327e-03,8.133183509822028770e-04
1.731609060906090774e-03,8.136263493717217849e-04
1.731908490849084787e-03,8.141175039866663634e-04
1.732207920792079234e-03,8.147776068613162264e-04
1.732507350735073681e-03,8.155924500299495785e-04
1.732806780678067910e-03,8.165478255268440819e-04
1.733106210621062140e-03,8.176295253862789171e-04
1.733405640564056370e-03,8.188233416425325052e-04
1.733705070507050817e-03,8.201150663298845686e-04
1.734004500450045264e-03,8.214904914826126614e-04
1.734303930393039277e-03,8.229354091349932532e-04
1.734603360336033724e-03,8.244356113213092106e-04
1.734902790279027954e-03,8.259768900758354855e-04
1.735202220222022401e-03,8.275450374328532097e-04
1.735501650165016414e-03,8.291258454266374435e-04
1.735801080108010860e-03,8.307051060914712702e-04
1.736100510051005307e-03,8.322686114616308344e-04
1.736399939993999537e-03,8.338021535713937985e-04
1.736699369936993767e-03,8.352915244550397763e-04
1.736998799879987997e-03,8.367225161468471893e-04
1.737298229822982444e-03,8.382320411755407943e-04
1.737597659765976891e-03,8.399485216532511693e-04
1.737897089708970904e-03,8.418412981435801018e-04
1.738196519651965350e-03,8.438797087188774915e-04
1.738495949594959580e-03,8.460330914514834801e-04
1.738795379537954027e-03,8.482707844137457988e-04
1.739094809480948040e-03,8.505621256780043727e-04
1.739394239423942487e-03,8.528764533166101856e-04
1.739693669366936934e-03,8.551831054019045720e-04
1.739993099309931164e-03,8.574514200062302756e-04
1.740292529252925177e-03,8.596507352019324257e-04
1.740591959195919624e-03,8.617503890613598377e-04
1.740891389138914070e-03,8.637197196568543881e-04
1.741190819081908517e-03,8.655280650607599050e-04
1.741490249024902530e-03,8.671447633454193492e-04
1.741789678967896760e-03,8.685391525831807772e-04
1.742089108910891207e-03,8.696805708463884507e-04
1.742388538853885654e-03,8.705383562073855473e-04
1.742687968796879667e-03,8.710818467385163287e-04
1.742987398739874114e-03,8.712803805121269000e-04
1.743286828682868344e-03,8.708602981638389898e-04
1.743586258625862790e-03,8.695847164235165003e-04
1.743885688568856803e-03,8.675475994660565267e-04
1.744185118511851250e-03,8.648434174153441650e-04
1.744484548454845697e-03,8.615666403952738353e-04
1.744783978397839927e-03,8.578117385297396322e-04
1.745083408340834157e-03,8.536731819426308801e-04
1.745382838283828387e-03,8.492454407578386381e-04
1.745682268226822834e-03,8.446229850992509293e-04
1.745981698169817280e-03,8.399002850907624990e-04
1.746281128112811293e-03,8.351718108562714536e-04
1.746580558055805740e-03,8.305320325196557333e-04
1.746879987998799970e-03,8.260754202048165885e-04
1.747179417941794417e-03,8.218964440356391152e-04
1.747478847884788430e-03,8.180895741360234797e-04
1.747778277827782877e-03,8.147492806298497906e-04
1.748077707770777324e-03,8.119700336410156120e-04
1.748377137713771554e-03,8.098463032934136293e-04
1.748676567656765784e-03,8.084725597109328416e-04
1.748975997599760013e-03,8.079432730174647415e-04
1.749275427542754460e-03,8.083723408265199115e-04
1.749574857485748907e-03,8.097581737067347006e-04
1.749874287428742920e-03,8.119963397998142046e-04
1.750173717371737367e-03,8.149820463070945632e-04
1.750473147314731597e-03,8.186105004298999902e-04
1.750772577257726044e-03,8.227769093695657581e-04
1.751072007200720057e-03,8.273764803274119605e-04
1.751371437143714503e-03,8.323044205047821099e-04
1.751670867086708950e-03,8.374559371029993357e-04
1.751970297029702963e-03,8.427262373233855748e-04
1.752269726972697193e-03,8.480105283672823881e-04
1.752569156915691640e-03,8.532040174360194101e-04
1.752868586858686087e-03,8.582019117309229147e-04
1.753168016801680100e-03,8.628994184533155974e-04
1.753467446744674547e-03,8.671917448045412960e-04
1.753766876687668777e-03,8.709740979859198875e-04
1.754066306630663223e-03,8.741416851987868610e-04
1.754365736573657237e-03,8.765897136444658882e-04
1.754665166516651683e-03,8.782133905242938679e-04
1.754964596459646130e-03,8.789079230395965316e-04
1.755264026402640360e-03,8.789858997869857927e-04
1.755563456345634590e-03,8.790531215209123391e-04
1.755862886288628820e-03,8.791168377141670136e-04
1.756162316231623267e-03,8.791770373058952186e-04
1.756461746174617714e-03,8.792337092352423564e-04
1.756761176117611727e-03,8.792868424413535040e-04
1.757060606060606173e-03,8.793364258633743890e-04
1.757360036003600403e-03,8.793824484404499800e-04
1.757659465946594850e-03,8.794248991117255710e-04
1.757958895889588863e-03,8.794637668163467811e-04
1.758258325832583310e-03,8.794990404934586873e-04
1.758557755775577757e-03,8.795307090822068003e-04
1.758857185718571987e-03,8.795587615217360889e-04
1.759156615661566217e-03,8.795831867511923891e-04
1.759456045604560447e-03,8.796039737097205609e-04
1.759755475547554893e-03,8.796211113364660068e-04
1.760054905490549340e-03,8.796345885705743458e-04
1.760354335433543353e-03,8.796443943511906552e-04
1.760653765376537800e-03,8.796505176174601202e-04
1.760953195319532030e-03,8.796529473085283601e-04
1.761252625262526477e-03,8.795377733863856459e-04
1.761552055205520490e-03,8.791216071604091497e-04
1.761851485148514937e-03,8.784336488062307160e-04
1.762150915091509383e-03,8.775071436411622508e-04
1.762450345034503613e-03,8.763753369825164194e-04
1.762749774977497626e-03,8.750714741476050195e-04
1.763049204920492073e-03,8.736288004537365965e-04
1.763348634863486520e-03,8.720805612182244660e-04
1.763648064806480967e-03,8.704600017583803175e-04
1.763947494749474980e-03,8.688003673915180086e-04
1.764246924692469210e-03,8.671349034349456510e-04
1.764546354635463657e-03,8.654968552059747171e-04
1.764845784578458103e-03,8.639194680219179807e-04
1.765145214521452116e-03,8.624359872000891911e-04
1.765444644464446563e-03,8.610796580577955925e-04
1.765744074407440793e-03,8.598837259123516931e-04
1.766043504350435240e-03,8.588814360810672309e-04
1.766342934293429253e-03,8.581060338812559552e-04
1.766642364236423700e-03,8.575907646302270617e-04
1.766941794179418147e-03,8.573688736452933241e-04
1.767241224122412377e-03,8.574183296106894191e-04
1.767540654065406606e-03,8.576328998360088643e-04
1.767840084008400836e-03,8.579920797333039648e-04
1.768139513951395283e-03,8.584782628059748743e-04
1.768438943894389730e-03,8.590738425574213129e-04
1.768738373837383743e-03,8.597612124910419167e-04
1.769037803780378190e-03,8.605227661102384656e-04
1.769337233723372420e-03,8.613408969184091621e-04
1.769636663666366867e-03,8.621979984189552439e-04
1.769936093609360880e-03,8.630764641152742630e-04
1.770235523552355326e-03,8.639586875107687584e-04
1.770534953495349773e-03,8.648270621088372575e-04
1.770834383438344003e-03,8.656639814128788300e-04
1.771133813381338233e-03,8.664518389262942802e-04
1.771433243324332463e-03,8.671730281524828946e-04
1.771732673267326910e-03,8.678099425948453691e-04
1.772032103210321357e-03,8.683449757567806649e-04
1.772331533153315370e-03,8.687605211416880684e-04
1.772630963096309816e-03,8.690389722529688176e-04
1.772930393039304046e-03,8.691627225940218738e-04
1.773229822982298493e-03,8.689938325656598392e-04
1.773529252925292506e-03,8.682781455721371323e-04
1.773828682868286953e-03,8.670642935845675366e-04
1.774128112811281400e-03,8.654126492397529700e-04
1.774427542754275630e-03,8.633835851744964349e-04
1.774726972697269643e-03,8.610374740255997408e-04
1.775026402640264090e-03,8.584346884298585173e-04
1.775325832583258536e-03,8.556356010240772844e-04
1.775625262526252550e-03,8.527005844450616465e-04
1.775924692469246996e-03,8.496900113296040891e-04
1.776224122412241226e-03,8.466642543145123847e-04
1.776523552355235673e-03,8.436836860365834641e-04
1.776822982298229686e-03,8.408086791326245578e-04
1.777122412241224133e-03,8.380996062394286935e-04
1.777421842184218580e-03,8.356168399938012584e-04
1.777721272127212810e-03,8.334207530325451465e-04
1.778020702070207040e-03,8.315717179924594568e-04
1.778320132013201270e-03,8.301301075103453483e-04
1.778619561956195716e-03,8.291562942230034381e-04
1.778918991899190163e-03,8.287106507672361861e-04
1.779218421842184176e-03,8.288272954627108006e-04
1.779517851785178623e-03,8.294451922951644358e-04
1.779817281728172853e-03,8.305168854697096009e-04
1.780116711671167300e-03,8.319972434893491359e-04
1.780416141614161313e-03,8.338411348570803515e-04
1.780715571557155760e-03,8.360034280759098824e-04
1.781015001500150206e-03,8.384389916488363403e-04
1.781314431443144436e-03,8.411026940788587708e-04
1.781613861386138666e-03,8.439494038689800137e-04
1.781913291329132896e-03,8.469339895222013914e-04
1.782212721272127343e-03,8.500113195415260692e-04
1.782512151215121790e-03,8.531362624299533093e-04
1.782811581158115803e-03,8.562636866904793382e-04
1.783111011101110250e-03,8.593484608261145853e-04
1.783410441044104480e-03,8.623454533398532173e-04
1.783709870987098926e-03,8.652095327347010013e-04
1.784009300930092939e-03,8.678955675136528630e-04
1.784308730873087386e-03,8.703584261797177139e-04
1.784608160816081833e-03,8.725529772358927563e-04
1.784907590759076063e-03,8.744340891851774692e-04
1.785207020702070076e-03,8.760586069990354335e-04
1.785506450645064523e-03,8.777012799471198929e-04
1.785805880588058970e-03,8.793692996148134988e-04
1.786105310531053416e-03,8.810500547759214044e-04
1.786404740474047429e-03,8.827309342042460524e-04
1.786704170417041659e-03,8.843993266735960656e-04
1.787003600360036106e-03,8.860426209577768140e-04
1.787303030303030553e-03,8.876482058305918245e-04
1.787602460246024566e-03,8.892034700658439737e-04
1.787901890189019013e-03,8.906958024373427514e-04
1.788201320132013460e-03,8.921125917188910343e-04
1.788500750075007690e-03,8.934412266842927828e-04
1.788800180018001703e-03,8.946690961073532587e-04
1.789099609960996149e-03,8.957835887618802173e-04
1.789399039903990596e-03,8.967720934216767519e-04
1.789698469846985043e-03,8.976219988605479072e-04
1.789997899789979056e-03,8.983206938522977523e-04
1.790297329732973286e-03,8.988555671707331753e-04
1.790596759675967733e-03,8.992140075896586787e-04
1.790896189618962180e-03,8.993834038828788739e-04
1.791195619561956193e-03,8.992422479418251324e-04
1.791495049504950639e-03,8.984463768586173479e-04
1.791794479447944869e-03,8.970367649213339912e-04
1.792093909390939316e-03,8.950867758109368839e-04
1.792393339333933329e-03,8.926697732083948948e-04
1.792692769276927776e-03,8.898591207946648582e-04
1.792992199219922223e-03,8.867281822507139082e-04
1.793291629162916453e-03,8.833503212575090704e-04
1.793591059105910683e-03,8.797989014960117329e-04
1.793890489048904913e-03,8.761472866471857772e-04
1.794189918991899359e-03,8.724688403919926994e-04
1.794489348934893806e-03,8.688369264113990917e-04
1.794788778877887819e-03,8.653249083863741482e-04
1.795088208820882266e-03,8.620061499978712337e-04
1.795387638763876496e-03,8.589540149268622528e-04
1.795687068706870943e-03,8.562418668543065334e-04
1.795986498649864956e-03,8.539430694611734865e-04
1.796285928592859403e-03,8.521309864284202715e-04
1.796585358535853849e-03,8.508789814370151068e-04
1.796884788478848079e-03,8.502604181679216571e-04
1.797184218421842309e-03,8.502140094495699938e-04
1.797483648364836539e-03,8.502553443918303309e-04
1.797783078307830986e-03,8.503297307986777947e-04
1.798082508250824999e-03,8.504332357546883891e-04
1.798381938193819446e-03,8.505619263444388770e-04
1.798681368136813893e-03,8.507118696525054792e-04
1.798980798079808123e-03,8.508791327634646334e-04
1.799280228022802136e-03,8.510597827618924518e-04
1.799579657965796583e-03,8.512498867323659143e-04
1.799879087908791029e-03,8.514455117594611332e-04
1.800178517851785476e-03,8.516427249277543294e-04
1.800477947794779489e-03,8.518375933218218319e-04
1.800777377737773719e-03,8.520261840262404037e-04
1.801076807680768166e-03,8.522045641255863741e-04
1.801376237623762613e-03,8.523688007044359638e-04
1.801675667566756626e-03,8.525149608473655020e-04
1.801975097509751073e-03,8.526391116389516432e-04
1.802274527452745303e-03,8.527373201637706082e-04
1.802573957395739749e-03,8.528056535063988346e-04
1.802873387338733762e-03,8.528401787514126517e-04
1.803172817281728209e-03,8.527850216914902937e-04
1.803472247224722656e-03,8.524206928595472969e-04
1.803771677167716886e-03,8.517539505326462068e-04
1.804071107110711116e-03,8.508206176980827491e-04
1.804370537053705346e-03,8.496565173431528664e-04
1.804669966996699793e-03,8.482974724551514169e-04
1.804969396939694239e-03,8.467793060213751020e-04
1.805268826882688252e-03,8.451378410291227918e-04
1.805568256825682699e-03,8.434089004656853327e-04
1.805867686768676929e-03,8.416283073183623538e-04
1.806167116711671376e-03,8.398318845744475207e-04
1.806466546654665389e-03,8.380554552212404621e-04
1.806765976597659836e-03,8.363348422460322416e-04
1.807065406540654283e-03,8.347058686361211871e-04
1.807364836483648513e-03,8.332043573788045420e-04
1.807664266426642742e-03,8.318661314613769479e-04
1.807963696369636972e-03,8.307270138711345640e-04
1.808263126312631419e-03,8.298228275953724656e-04
1.808562556255625866e-03,8.291893956213876793e-04
1.808861986198619879e-03,8.288625409364766897e-04
1.809161416141614326e-03,8.288358387976641276e-04
1.809460846084608556e-03,8.289116096603872707e-04
1.809760276027603003e-03,8.290559943203798130e-04
1.810059705970597016e-03,8.292645949171073517e-04
1.810359135913591462e-03,8.295330135900363510e-04
1.810658565856585909e-03,8.298568524786320826e-04
1.810957995799580139e-03,8.302317137223603604e-04
1.811257425742574152e-03,8.306531994606868897e-04
1.811556855685568599e-03,8.311169118330783518e-04
1.811856285628563046e-03,8.316184529789999100e-04
1.812155715571557493e-03,8.321534250379177032e-04
1.812455145514551506e-03,8.327174301492962444e-04
1.812754575457545736e-03,8.333060704526030820e-04
1.813054005400540182e-03,8.339149480873037047e-04
1.813353435343534629e-03,8.345396651928636009e-04
1.813652865286528642e-03,8.351758239087478256e-04
1.813952295229523089e-03,8.358190263744238188e-04
1.814251725172517319e-03,8.364648747293562019e-04
1.814551155115511766e-03,8.371089711130116559e-04
1.814850585058505779e-03,8.377469176648544768e-04
1.815150015001500226e-03,8.383968041032924560e-04
1.815449444944494672e-03,8.391827606702036407e-04
1.815748874887488902e-03,8.401077444022453421e-04
1.816048304830483132e-03,8.411517568772587270e-04
1.816347734773477362e-03,8.422947996730847453e-04
1.816647164716471809e-03,8.435168743675653226e-04
1.816946594659466256e-03,8.447979825385403246e-04
1.817246024602460269e-03,8.461181257638485326e-04
1.817545454545454716e-03,8.474573056213349082e-04
1.817844884488448946e-03,8.487955236888371485e-04
1.818144314431443392e-03,8.501127815441983718e-04
1.818443744374437405e-03,8.513890807652563838e-04
1.818743174317431852e-03,8.526044229298557122e-04
1.819042604260426299e-03,8.537388096158355722e-04
1.819342034203420529e-03,8.547722424010357209e-04
1.819641464146414759e-03,8.556847228632983009e-04
1.819940894089408989e-03,8.564562525804638284e-04
1.820240324032403436e-03,8.570668331303736868e-04
1.820539753975397449e-03,8.574964660908677419e-04
1.820839183918391896e-03,8.577251530397878108e-04
1.821138613861386342e-03,8.577579849891694454e-04
1.821438043804380572e-03,8.577574113831919504e-04
1.821737473747374585e-03,8.577563009504635431e-04
1.822036903690369032e-03,8.577547164328855247e-04
1.822336333633363479e-03,8.577527205723597383e-04
1.822635763576357926e-03,8.577503761107875936e-04
1.822935193519351939e-03,8.577477457900708254e-04
1.823234623462346169e-03,8.577448923521107348e-04
1.823534053405340616e-03,8.577418785388090565e-04
1.823833483348335062e-03,8.577387670920674171e-04
1.824132913291329075e-03,8.577356207537874429e-04
1.824432343234323522e-03,8.577325022658703266e-04
1.824731773177317752e-03,8.577294743702181283e-04
1.825031203120312199e-03,8.577265998087320407e-04
1.825330633063306212e-03,8.577239413233139070e-04
1.825630063006300659e-03,8.577215616558651369e-04
1.825929492949295106e-03,8.577195235482873567e-04
1.826228922892289335e-03,8.577178897424820843e-04
1.826528352835283565e-03,8.577167229803510547e-04
1.826827782778277795e-03,8.577160860037957857e-04
1.827127212721272242e-03,8.577216202031193127e-04
1.827426642664266689e-03,8.577772392729669966e-04
1.827726072607260702e-03,8.578871965918087985e-04
1.828025502550255149e-03,8.580451694859250657e-04
1.828324932493249379e-03,8.582448352815953869e-04
1.828624362436243826e-03,8.584798713051003264e-04
1.828923792379237839e-03,8.587439548827190388e-04
1.829223222322232285e-03,8.590307633407326306e-04
1.829522652265226732e-03,8.593339740054204735e-04
1.829822082208220962e-03,8.596472642030625897e-04
1.830121512151215192e-03,8.599643112599391096e-04
1.830420942094209422e-03,8.602787925023299472e-04
1.830720372037203869e-03,8.605843852565155582e-04
1.831019801980198316e-03,8.608747668487756396e-04
1.831319231923192329e-03,8.611436146053897799e-04
1.831618661866186775e-03,8.613846058526389770e-04
1.831918091809181005e-03,8.615914179168023858e-04
1.832217521752175452e-03,8.617577281241605705e-04
1.832516951695169465e-03,8.618772138009931196e-04
1.832816381638163912e-03,8.619435522735807058e-04
1.833115811581158359e-03,8.618393729323826609e-04
1.833415241524152589e-03,8.605161134329179784e-04
1.833714671467146602e-03,8.578410148564110521e-04
1.834014101410141049e-03,8.539706802671480704e-04
1.834313531353135495e-03,8.490617127294264972e-04
1.834612961296129942e-03,8.432707153075401103e-04
1.834912391239123955e-03,8.367542910657927704e-04
1.835211821182118185e-03,8.296690430684651365e-04
1.835511251125112632e-03,8.221715743798495768e-04
1.835810681068107079e-03,8.144184880642452900e-04
1.836110111011101092e-03,8.065663871859575463e-04
1.836409540954095539e-03,7.987718748092576806e-04
1.836708970897089769e-03,7.911915539984561672e-04
1.837008400840084215e-03,7.839820278178363756e-04
1.837307830783078228e-03,7.772998993317069370e-04
1.837607260726072675e-03,7.713017716043424387e-04
1.837906690669067122e-03,7.661442477000471752e-04
1.838206120612061569e-03,7.619839306831150327e-04
1.838505550555055582e-03,7.589774236178435836e-04
1.838804980498049812e-03,7.572813295685186909e-04
1.839104410441044259e-03,7.570197754366342260e-04
1.839403840384038705e-03,7.578822413496871758e-04
1.839703270327032718e-03,7.596707629087121657e-04
1.840002700270027165e-03,7.622823214613978424e-04
1.840302130213021395e-03,7.656138983554223358e-04
1.840601560156015842e-03,7.695624749384738592e-04
1.840900990099009855e-03,7.740250325582260973e-04
1.841200420042004302e-03,7.788985525623755030e-04
1.841499849984998749e-03,7.840800162985987970e-04
1.841799279927992979e-03,7.894664051145749767e-04
1.842098709870987209e-03,7.949547003579911708e-04
1.842398139813981438e-03,8.004418833765306052e-04
1.842697569756975885e-03,8.058249355178800834e-04
1.842996999699969898e-03,8.110008381297115557e-04
1.843296429642964345e-03,8.158665725597231012e-04
1.843595859585958792e-03,8.203191201555902479e-04
1.843895289528953022e-03,8.242554622649931858e-04
1.844194719471947035e-03,8.275725802356165501e-04
1.844494149414941482e-03,8.301674554151497465e-04
1.844793579357935929e-03,8.319370691512709051e-04
1.845093009300930375e-03,8.328259908394339750e-04
1.845392439243924388e-03,8.334648697190690219e-04
1.845691869186918618e-03,8.340790778892581345e-04
1.845991299129913065e-03,8.346676762442413596e-04
1.846290729072907512e-03,8.352297256782586360e-04
1.846590159015901525e-03,8.357642870855494684e-04
1.846889588958895972e-03,8.362704213603558553e-04
1.847189018901890419e-03,8.367471893969170849e-04
1.847488448844884648e-03,8.371936520894732040e-04
1.847787878787878662e-03,8.376088703322646933e-04
1.848087308730873108e-03,8.379919050195325757e-04
1.848386738673867555e-03,8.383418170455166811e-04
1.848686168616862002e-03,8.386576673044571651e-04
1.848985598559856015e-03,8.389385166905941830e-04
1.849285028502850245e-03,8.391834260981683238e-04
1.849584458445844692e-03,8.393914564214201767e-04
1.849883888388839139e-03,8.395616685545896803e-04
1.850183318331833152e-03,8.396931233919170982e-04
1.850482748274827598e-03,8.397848818276429112e-04
1.850782178217821828e-03,8.398360047560072747e-04
1.851081608160816275e-03,8.398407613399890004e-04
1.851381038103810288e-03,8.397115830030206811e-04
1.851680468046804735e-03,8.394250765925647360e-04
1.851979897989799182e-03,8.389931162650438251e-04
1.852279327932793412e-03,8.384275761768806082e-04
1.852578757875787642e-03,8.377403304844972028e-04
1.852878187818781872e-03,8.369432533443159437e-04
1.853177617761776318e-03,8.360482189127582979e-04
1.853477047704770765e-03,8.350671013462474673e-04
1.853776477647764778e-03,8.340117748012069792e-04
1.854075907590759225e-03,8.328941134340565660e-04
1.854375337533753455e-03,8.317259914012205138e-04
1.854674767476747902e-03,8.305192828591197477e-04
1.854974197419741915e-03,8.292858619641789875e-04
1.855273627362736362e-03,8.280376028728172067e-04
1.855573057305730808e-03,8.267863797414585830e-04
1.855872487248725038e-03,8.255440667265259930e-04
1.856171917191719268e-03,8.243225379844412292e-04
1.856471347134713498e-03,8.231336676716264093e-04
1.856770777077707945e-03,8.219893299445031089e-04
1.857070207020702392e-03,8.208951437608962877e-04
1.857369636963696405e-03,8.197108234705103918e-04
1.857669066906690852e-03,8.183903286369002480e-04
1.857968496849685082e-03,8.169552477281954474e-04
1.858267926792679528e-03,8.154271692125203766e-04
1.858567356735673541e-03,8.138276815580051688e-04
1.858866786678667988e-03,8.121783732327713919e-04
1.859166216621662435e-03,8.105008327049482032e-04
1.859465646564656665e-03,8.088166484426632420e-04
1.859765076507650678e-03,8.071474089140431721e-04
1.860064506450645125e-03,8.055147025872110792e-04
1.860363936393639572e-03,8.039401179302957954e-04
1.860663366336634018e-03,8.024452434114238758e-04
1.860962796279628031e-03,8.010516674987241525e-04
1.861262226222622261e-03,7.997809786603198197e-04
1.861561656165616708e-03,7.986547653643375410e-04
1.861861086108611155e-03,7.976946160789053896e-04
1.862160516051605168e-03,7.969221192721504627e-04
1.862459945994599615e-03,7.963588634121972556e-04
1.862759375937593845e-03,7.960264369671739499e-04
1.863058805880588292e-03,7.959631209574459998e-04
1.863358235823582305e-03,7.967274999202488646e-04
1.863657665766576751e-03,7.984994698673795284e-04
1.863957095709571198e-03,8.011648257105516251e-04
1.864256525652565428e-03,8.046093623614760781e-04
1.864555955595559658e-03,8.087188747318686897e-04
1.864855385538553888e-03,8.133791577334437443e-04
1.865154815481548335e-03,8.184760062779189958e-04
1.865454245424542348e-03,8.238952152769973445e-04
1.865753675367536795e-03,8.295225796424082537e-04
1.866053105310531241e-03,8.352438942858582014e-04
1.866352535253525471e-03,8.409449541190567017e-04
1.866651965196519701e-03,8.465115540537223758e-04
1.866951395139513931e-03,8.518294890015690743e-04
1.867250825082508378e-03,8.567845538743144428e-04
1.867550255025502825e-03,8.612625435836684289e-04
1.867849684968496838e-03,8.651492530413396791e-04
1.868149114911491285e-03,8.683304771590536451e-04
1.868448544854485515e-03,8.706920108485165883e-04
1.868747974797479961e-03,8.721196490214461541e-04
1.869047404740473975e-03,8.725043066963530675e-04
1.869346834683468421e-03,8.720326801505917875e-04
1.869646264626462868e-03,8.709016365788851879e-04
1.869945694569457098e-03,8.691855962223170350e-04
1.870245124512451111e-03,8.669589793219712034e-04
1.870544554455445558e-03,8.642962061189248457e-04
1.870843984398440005e-03,8.612716968542634627e-04
1.871143414341434452e-03,8.579598717690697365e-04
1.871442844284428465e-03,8.544351511044315532e-04
1.871742274227422695e-03,8.507719551014238969e-04
1.872041704170417141e-03,8.470447040011290160e-04
1.872341134113411588e-03,8.433278180446323029e-04
1.872640564056405601e-03,8.396957174730215355e-04
1.872939993999400048e-03,8.362228225273686619e-04
1.873239423942394278e-03,8.329835534487641706e-04
1.873538853885388725e-03,8.300523304782858646e-04
1.873838283828382738e-03,8.275035738570220636e-04
1.874137713771377185e-03,8.254117038260480772e-04
1.874437143714371631e-03,8.238511406264505989e-04
1.874736573657365861e-03,8.228963044993125274e-04
1.875036003600360091e-03,8.226182792238070571e-04
1.875335433543354321e-03,8.227903065053440018e-04
1.875634863486348768e-03,8.232183179806633029e-04
1.875934293429343215e-03,8.238735474944455361e-04
1.876233723372337228e-03,8.247272288913694337e-04
1.876533153315331675e-03,8.257505960161175230e-04
1.876832583258325905e-03,8.269148827133683197e-04
1.877132013201320351e-03,8.281913228278032666e-04
1.877431443144314364e-03,8.295511502041002291e-04
1.877730873087308811e-03,8.309655986869432520e-04
1.878030303030303258e-03,8.324059021210104175e-04
1.878329732973297488e-03,8.338432943509811084e-04
1.878629162916291718e-03,8.352490092215365510e-04
1.878928592859285948e-03,8.365942805773569956e-04
1.879228022802280395e-03,8.378503422631235599e-04
1.879527452745274841e-03,8.389884281235155186e-04
1.879826882688268854e-03,8.399797720032118210e-04
1.880126312631263301e-03,8.407956077468953194e-04
1.880425742574257531e-03,8.414071691992445296e-04
1.880725172517251978e-03,8.417856902049405694e-04
1.881024602460245991e-03,8.419027675645392216e-04
1.881324032403240438e-03,8.418006670175325404e-04
1.881623462346234885e-03,8.415362533689214799e-04
1.881922892289229115e-03,8.411276887978070931e-04
1.882222322232223128e-03,8.405931354832908665e-04
1.882521752175217574e-03,8.399507556044722269e-04
1.882821182118212021e-03,8.392187113404529861e-04
1.883120612061206468e-03,8.384151648703338719e-04
1.883420042004200481e-03,8.375582783732172382e-04
1.883719471947194711e-03,8.366662140282022948e-04
1.884018901890189158e-03,8.357571340143895525e-04
1.884318331833183605e-03,8.348492005108808234e-04
1.884617761776177618e-03,8.339605756967783529e-04
1.884917191719172064e-03,8.331094217511803750e-04
1.885216621662166294e-03,8.323139008531897859e-04
1.885516051605160741e-03,8.315921751819061207e-04
1.885815481548154754e-03,8.309624069164320585e-04
1.886114911491149201e-03,8.304427582358665924e-04
1.886414341434143648e-03,8.300513913193117510e-04
1.886713771377137878e-03,8.298064683458682622e-04
1.887013201320132108e-03,8.297266931159083406e-04
1.887312631263126338e-03,8.301156294223496117e-04
1.887612061206120784e-03,8.311679973938699206e-04
1.887911491149115231e-03,8.328098766551482153e-04
1.888210921092109244e-03,8.349673468308604083e-04
1.888510351035103691e-03,8.375664875456917359e-04
1.888809780978097921e-03,8.405333784243163757e-04
1.889109210921092151e-03,8.437940990914153359e-04
1.889408640864086381e-03,8.472747291716678899e-04
1.889708070807080828e-03,8.509013482897560213e-04
1.890007500750075274e-03,8.546000360703562932e-04
1.890306930693069288e-03,8.582968721381425579e-04
1.890606360636063734e-03,8.619179361178047139e-04
1.890905790579057964e-03,8.653893076340141198e-04
1.891205220522052411e-03,8.686370663114550365e-04
1.891504650465046424e-03,8.715872917747996898e-04
1.891804080408040871e-03,8.741660636487361353e-04
1.892103510351035318e-03,8.762994615579387673e-04
1.892402940294029548e-03,8.779135651270859918e-04
1.892702370237023561e-03,8.789344539808579496e-04
1.893001800180018008e-03,8.792882099388961165e-04
1.893301230123012454e-03,8.789852630054007573e-04
1.893600660066006901e-03,8.781250847439922048e-04
1.893900090009000914e-03,8.767695002647624570e-04
1.894199519951995144e-03,8.749803346777989578e-04
1.894498949894989591e-03,8.728194130931903440e-04
1.894798379837984038e-03,8.703485606210277460e-04
1.895097809780978051e-03,8.676296023714046794e-04
1.895397239723972498e-03,8.647243634544030588e-04
1.895696669666966728e-03,8.616946689801188936e-04
1.895996099609961174e-03,8.586023440586374594e-04
1.896295529552955187e-03,8.555092138000549825e-04
1.896594959495949634e-03,8.524771033144525100e-04
1.896894389438944081e-03,8.495678377119240997e-04
1.897193819381938528e-03,8.468432421025595810e-04
1.897493249324932541e-03,8.443651415964521442e-04
1.897792679267926771e-03,8.421953613036856556e-04
1.898092109210921218e-03,8.403957263343507034e-04
1.898391539153915664e-03,8.390280617985386349e-04
1.898690969096909677e-03,8.381541928063401467e-04
1.898990399039904124e-03,8.378359444678423577e-04
1.899289828982898354e-03,8.379879425869162868e-04
1.899589258925892801e-03,8.384435967226147026e-04
1.899888688868886814e-03,8.391692286613749519e-04
1.900188118811881261e-03,8.401313053792468840e-04
1.900487548754875708e-03,8.412962938522770958e-04
1.900786978697869938e-03,8.426306610565122927e-04
1.901086408640864167e-03,8.441008739680011313e-04
1.901385838583858397e-03,8.456733995627909676e-04
1.901685268526852844e-03,8.473147048169312173e-04
1.901984698469847291e-03,8.489912567064682603e-04
1.902284128412841304e-03,8.506695222074471758e-04
1.902583558355835751e-03,8.523159682959207404e-04
1.902882988298829981e-03,8.538970619479329489e-04
1.903182418241824428e-03,8.553792701395338677e-04
1.903481848184818441e-03,8.567290598467680336e-04
1.903781278127812887e-03,8.579128980456872475e-04
1.904080708070807334e-03,8.588972517123370223e-04
1.904380138013801564e-03,8.596485878227644968e-04
1.904679567956795577e-03,8.601333733530180025e-04
1.904978997899790024e-03,8.603180752791459796e-04
1.905278427842784471e-03,8.600097728697963856e-04
1.905577857785778918e-03,8.590330767073725907e-04
1.905877287728772931e-03,8.574606387785294135e-04
1.906176717671767377e-03,8.553661058419504207e-04
1.906476147614761607e-03,8.528231246563275272e-04
1.906775577557756054e-03,8.499053419803453838e-04
1.907075007500750067e-03,8.466864045726985076e-04
1.907374437443744514e-03,8.432399591920655864e-04
1.907673867386738961e-03,8.396396525971395108e-04
1.907973297329733191e-03,8.359591315466108948e-04
1.908272727272727204e-03,8.322720427991679671e-04
1.908572157215721651e-03,8.286520331134907165e-04
1.908871587158716097e-03,8.251727492482726842e-04
1.909171017101710544e-03,8.219078379622019905e-04
1.909470447044704557e-03,8.189309460139709840e-04
1.909769876987698787e-03,8.163157201622607377e-04
1.910069306930693234e-03,8.141358071657601309e-04
1.910368736873687681e-03,8.124648537831595605e-04
1.910668166816681694e-03,8.113765067731481227e-04
1.910967596759676141e-03,8.109444128944107936e-04
1.911267026702670371e-03,8.111154262110160809e-04
1.911566456645664601e-03,8.117043240324486658e-04
1.911865886588658831e-03,8.126679919832178892e-04
1.912165316531653277e-03,8.139649580739831327e-04
1.912464746474647724e-03,8.155537503154026936e-04
1.912764176417641737e-03,8.173928967181321587e-04
1.913063606360636184e-03,8.194409252928355715e-04
1.913363036303630414e-03,8.216563640501672178e-04
1.913662466246624861e-03,8.239977410007890812e-04
1.913961896189618874e-03,8.264235841553545800e-04
1.914261326132613321e-03,8.288924215245292758e-04
1.914560756075607767e-03,8.313627811189683216e-04
1.914860186018601997e-03,8.337931909493284969e-04
1.915159615961596227e-03,8.361421790262703758e-04
1.915459045904590457e-03,8.383682733604524723e-04
1.915758475847584904e-03,8.404300019625349271e-04
1.916057905790579351e-03,8.422858928431747362e-04
1.916357335733573364e-03,8.438944740130282455e-04
1.916656765676567811e-03,8.452142734827586311e-04
1.916956195619562041e-03,8.462038192630215883e-04
1.917255625562556487e-03,8.469607759303394122e-04
1.917555055505550500e-03,8.477042542967313642e-04
1.917854485448544947e-03,8.484351277048276466e-04
1.918153915391539394e-03,8.491503207422879942e-04
1.918453345334533624e-03,8.498467579967732260e-04
1.918752775277527637e-03,8.505213640559440525e-04
1.919052205220522084e-03,8.511710635074634613e-04
1.919351635163516531e-03,8.517927809389912956e-04
1.919651065106510977e-03,8.523834409381886995e-04
1.919950495049504990e-03,8.529399680927159501e-04
1.920249924992499220e-03,8.534592869902354927e-04
1.920549354935493667e-03,8.539383222184079294e-04
1.920848784878488114e-03,8.543739983648944046e-04
1.921148214821482127e-03,8.547632400173554119e-04
1.921447644764476574e-03,8.551029717634528547e-04
1.921747074707470804e-03,8.553901181908473350e-04
1.922046504650465251e-03,8.556216038872002140e-04
1.922345934593459264e-03,8.557943534401720939e-04
1.922645364536453710e-03,8.559052914374247695e-04
1.922944794479448157e-03,8.559513424666188430e-04
1.923244224422442387e-03,8.557185804205922263e-04
1.923543654365436617e-03,8.548329897046139754e-04
1.923843084308430847e-03,8.533555208068246186e-04
1.924142514251425294e-03,8.513583240173710695e-04
1.924441944194419741e-03,8.489135496264032773e-04
1.924741374137413754e-03,8.460933479240743352e-04
1.925040804080408200e-03,8.429698692005247601e-04
1.925340234023402430e-03,8.396152637459097052e-04
1.925639663966396877e-03,8.361016818503732651e-04
1.925939093909390890e-03,8.325012738040718941e-04
1.926238523852385337e-03,8.288861898971438321e-04
1.926537953795379784e-03,8.253285804197431482e-04
1.926837383738374014e-03,8.219005956620209843e-04
1.927136813681368244e-03,8.186743859141237117e-04
1.927436243624362474e-03,8.157221014661998702e-04
1.927735673567356920e-03,8.131158926083963730e-04
1.928035103510351367e-03,8.109279096308643622e-04
1.928334533453345380e-03,8.092303028237547626e-04
1.928633963396339827e-03,8.080952224772114520e-04
1.928933393339334057e-03,8.075948188813861141e-04
1.929232823282328504e-03,8.076039876503911035e-04
1.929532253225322517e-03,8.077161204210384733e-04
1.929831683168316964e-03,8.079125796672728807e-04
1.930131113111311410e-03,8.081902511098977126e-04
1.930430543054305640e-03,8.085460204697163559e-04
1.930729972997299653e-03,8.089767734675321975e-04
1.931029402940294100e-03,8.094793958241498170e-04
1.931328832883288547e-03,8.100507732603719506e-04
1.931628262826282994e-03,8.106877914970025273e-04
1.931927692769277007e-03,8.113873362548439582e-04
1.932227122712271237e-03,8.121462932547010398e-04
1.932526552655265684e-03,8.129615482173775925e-04
1.932825982598260130e-03,8.138299868636766779e-04
1.933125412541254144e-03,8.147484949144004904e-04
1.933424842484248590e-03,8.157139580903551273e-04
1.933724272427242820e-03,8.167232621123422407e-04
1.934023702370237050e-03,8.177732927011658682e-04
1.934323132313231280e-03,8.188609355776298301e-04
1.934622562256225727e-03,8.199830764625382724e-04
1.934921992199220174e-03,8.211366010766941483e-04
1.935221422142214187e-03,8.225597561779991740e-04
1.935520852085208634e-03,8.248124873870730459e-04
1.935820282028202863e-03,8.278267723487768787e-04
1.936119711971197310e-03,8.315035461325364762e-04
1.936419141914191323e-03,8.357437438077646320e-04
1.936718571857185770e-03,8.404483004438948477e-04
1.937018001800180217e-03,8.455181511103425189e-04
1.937317431743174447e-03,8.508542308765251012e-04
1.937616861686168677e-03,8.563574748118673143e-04
1.937916291629162907e-03,8.619288179857906252e-04
1.938215721572157354e-03,8.674691954677204043e-04
1.938515151515151800e-03,8.728795423270739985e-04
1.938814581458145813e-03,8.780607936332651773e-04
1.939114011401140260e-03,8.829138844557301528e-04
1.939413441344134490e-03,8.873397498638794416e-04
1.939712871287128937e-03,8.912393249271410162e-04
1.940012301230122950e-03,8.945135447149278867e-04
1.940311731173117397e-03,8.970633442966713866e-04
1.940611161116111844e-03,8.987896587417869114e-04
1.940910591059106073e-03,8.995934231196961450e-04
1.941210021002100087e-03,8.994173833853897444e-04
1.941509450945094533e-03,8.983754466539287716e-04
1.941808880888088980e-03,8.965647680319214574e-04
1.942108310831083427e-03,8.940777706499261016e-04
1.942407740774077440e-03,8.910068776385062081e-04
1.942707170717071670e-03,8.874445121282137881e-04
1.943006600660066117e-03,8.834830972496060574e-04
1.943306030603060564e-03,8.792150561332440261e-04
1.943605460546054577e-03,8.747328119096928244e-04
1.943904890489049023e-03,8.701287877094975249e-04
1.944204320432043253e-03,8.654954066632265103e-04
1.944503750375037700e-03,8.609250919014314668e-04
1.944803180318031713e-03,8.565102665546802350e-04
1.945102610261026160e-03,8.523433537535185381e-04
1.945402040204020607e-03,8.485167766285112894e-04
1.945701470147014837e-03,8.451229583102192822e-04
1.946000900090009067e-03,8.422543219291976722e-04
1.946300330033003297e-03,8.400032906160049759e-04
1.946599759975997743e-03,8.384622875011986257e-04
1.946899189918992190e-03,8.377237357153385477e-04
1.947198619861986203e-03,8.376969593285711960e-04
1.947498049804980650e-03,8.378243946088255760e-04
1.947797479747974880e-03,8.380491878806949416e-04
1.948096909690969327e-03,8.383596874742393207e-04
1.948396339633963340e-03,8.387442417195177654e-04
1.948695769576957787e-03,8.391911989465910627e-04
1.948995199519952233e-03,8.396889074855183729e-04
1.949294629462946463e-03,8.402257156663590736e-04
1.949594059405940693e-03,8.407899718191734094e-04
1.949893489348934923e-03,8.413700242740207577e-04
1.950192919291929370e-03,8.419542213609616885e-04
1.950492349234923817e-03,8.425309114100551456e-04
1.950791779177917830e-03,8.430884427513602895e-04
1.951091209120912277e-03,8.436151637149384491e-04
1.951390639063906507e-03,8.440994226308482428e-04
1.951690069006900953e-03,8.445295678291498071e-04
1.951989498949894966e-03,8.448939476399023023e-04
1.952288928892889413e-03,8.451809103931664071e-04
1.952588358835883860e-03,8.453788044190013902e-04
1.952887788778878090e-03,8.454759780474667375e-04
1.953187218721872103e-03,8.454832502684448119e-04
1.953486648664866550e-03,8.454785272731542680e-04
1.953786078607860997e-03,8.454696385459965205e-04
1.954085508550855443e-03,8.454566148510887346e-04
1.954384938493849456e-03,8.454394869525484009e-04
1.954684368436843903e-03,8.454182856144926844e-04
1.954983798379838350e-03,8.453930416010391842e-04
1.955283228322832797e-03,8.453637856763049569e-04
1.955582658265826810e-03,8.453305486044076014e-04
1.955882088208821257e-03,8.452933611494643914e-04
1.956181518151815270e-03,8.452522540755926005e-04
1.956480948094809283e-03,8.452072581469097191e-04
1.956780378037803730e-03,8.451584041275329124e-04
1.957079807980798176e-03,8.451057227815795625e-04
1.957379237923792623e-03,8.450492448731672683e-04
1.957678667866786636e-03,8.449890011664130864e-04
1.957978097809781083e-03,8.449250224254345075e-04
1.958277527752775530e-03,8.448573394143486966e-04
1.958576957695769977e-03,8.447859828972732526e-04
1.958876387638763990e-03,8.447109836383254492e-04
1.959175817581758003e-03,8.445583112978308563e-04
1.959475247524752450e-03,8.440277152788423559e-04
1.959774677467746896e-03,8.431258218423847437e-04
1.960074107410740910e-03,8.418971294450290025e-04
1.960373537353735356e-03,8.403861365433401521e-04
1.960672967296729803e-03,8.386373415938888501e-04
1.960972397239724250e-03,8.366952430532439110e-04
1.961271827182718263e-03,8.346043393779769681e-04
1.961571257125712710e-03,8.324091290246510896e-04
1.961870687068707157e-03,8.301541104498379089e-04
1.962170117011701603e-03,8.278837821101064573e-04
1.962469546954695616e-03,8.256426424620285850e-04
1.962768976897689630e-03,8.234751899621697456e-04
1.963068406840684076e-03,8.214259230670957175e-04
1.963367836783678523e-03,8.195393402333785680e-04
1.963667266726672536e-03,8.178599399175892799e-04
1.963966696669666983e-03,8.164322205762920056e-04
1.964266126612661430e-03,8.153006806660581616e-04
1.964565556555655877e-03,8.145098186434564539e-04
1.964864986498649890e-03,8.141041329650560224e-04
1.965164416441644336e-03,8.141148530809456246e-04
1.965463846384638783e-03,8.144903963929389428e-04
1.965763276327632796e-03,8.151931694843356094e-04
1.966062706270627243e-03,8.161919609930497503e-04
1.966362136213621256e-03,8.174555595569902872e-04
1.966661566156615703e-03,8.189527538140728641e-04
1.966960996099610150e-03,8.206523324022077038e-04
1.967260426042604163e-03,8.225230839593038364e-04
1.967559855985598610e-03,8.245337971232785321e-04
1.967859285928593056e-03,8.266532605320413632e-04
1.968158715871587503e-03,8.288502628235038536e-04
1.968458145814581516e-03,8.310935926355749251e-04
1.968757575757575963e-03,8.333520386061728236e-04
1.969057005700570410e-03,8.355943893732061456e-04
1.969356435643564423e-03,8.377894335745838129e-04
1.969655865586558870e-03,8.399059598482238546e-04
1.969955295529552883e-03,8.419127568320324819e-04
1.970254725472547330e-03,8.437786131639270736e-04
1.970554155415541776e-03,8.454723174818167680e-04
1.970853585358535789e-03,8.469626584236112461e-04
1.971153015301530236e-03,8.482581331681615655e-04
1.971452445244524683e-03,8.495631339801690924e-04
1.971751875187519130e-03,8.509018712543680663e-04
1.972051305130513143e-03,8.522629900660853288e-04
1.972350735073507590e-03,8.536351354906536850e-04
1.972650165016502036e-03,8.550069526034001933e-04
1.972949594959496050e-03,8.563670864796518040e-04
1.973249024902490063e-03,8.577041821947392619e-04
1.973548454845484509e-03,8.590068848239937457e-04
1.973847884788478956e-03,8.602638394427419887e-04
1.974147314731473403e-03,8.614636911263131094e-04
1.974446744674467416e-03,8.625950849500342750e-04
1.974746174617461863e-03,8.636466659892376397e-04
1.975045604560456310e-03,8.646070793192508043e-04
1.975345034503450756e-03,8.654649700154022369e-04
1.975644464446444769e-03,8.662089831530201886e-04
1.975943894389439216e-03,8.668277638074357297e-04
1.976243324332433229e-03,8.673099570539759186e-04
1.976542754275427676e-03,8.676442079679710668e-04
1.976842184218421689e-03,8.678191616247492085e-04
1.977141614161416136e-03,8.677460482617516601e-04
1.977441044104410583e-03,8.669308997506228794e-04
1.977740474047405030e-03,8.653612476389909488e-04
1.978039903990399043e-03,8.631253783136930494e-04
1.978339333933393489e-03,8.603115781615559539e-04
1.978638763876387936e-03,8.570081335694159762e-04
1.978938193819382383e-03,8.533033309241066112e-04
1.979237623762376396e-03,8.492854566124673167e-04
1.979537053705370843e-03,8.450427970213197698e-04
1.979836483648364856e-03,8.406636385375092831e-04
1.980135913591359303e-03,8.362362675478567748e-04
1.980435343534353316e-03,8.318489704392080996e-04
1.980734773477347763e-03,8.275900335983838504e-04
1.981034203420342209e-03,8.235477434122240271e-04
1.981333633363336223e-03,8.198103862675672204e-04
1.981633063306330669e-03,8.164662485512358663e-04
1.981932493249325116e-03,8.136036166500690975e-04
1.982231923192319563e-03,8.113107769509004088e-04
1.982531353135313576e-03,8.096760158405650297e-04
1.982830783078308023e-03,8.087876197058916847e-04
1.983130213021302470e-03,8.087521915743889865e-04
1.983429642964296483e-03,8.097342695765916230e-04
1.983729072907290496e-03,8.116648710288212540e-04
1.984028502850284943e-03,8.144334990940185412e-04
1.984327932793279389e-03,8.179296569351172073e-04
1.984627362736273836e-03,8.220428477150527099e-04
1.984926792679267849e-03,8.266625745967537842e-04
1.985226222622262296e-03,8.316783407431695488e-04
1.985525652565256743e-03,8.369796493172293895e-04
1.985825082508251190e-03,8.424560034818688722e-04
1.986124512451245203e-03,8.479969064000157566e-04
1.986423942394239649e-03,8.534918612346217631e-04
1.986723372337233662e-03,8.588303711486070620e-04
1.987022802280228109e-03,8.639019393049228316e-04
1.987322232223222122e-03,8.685960688664904348e-04
1.987621662166216569e-03,8.728022629962592068e-04
1.987921092109211016e-03,8.764100248571577746e-04
1.988220522052205463e-03,8.793088576121218126e-04
1.988519951995199476e-03,8.813882644240843929e-04
1.988819381938193923e-03,8.825377484559878034e-04
1.989118811881188369e-03,8.826377242878489073e-04
1.989418241824182816e-03,8.815689561753208871e-04
1.989717671767176829e-03,8.794212816927420712e-04
1.990017101710171276e-03,8.763198314103928669e-04
1.990316531653165289e-03,8.723897358985678845e-04
1.990615961596159736e-03,8.677561257275424357e-04
1.990915391539153749e-03,8.625441314676157928e-04
1.991214821482148196e-03,8.568788836890593643e-04
1.991514251425142643e-03,8.508855129621665679e-04
1.991813681368137089e-03,8.446891498572242077e-04
1.992113111311131102e-03,8.384149249445274361e-04
1.992412541254125549e-03,8.321879687943446258e-04
1.992711971197119996e-03,8.261334119769712546e-04
1.993011401140114443e-03,8.203763850626939096e-04
1.993310831083108456e-03,8.150420186218063339e-04
1.993610261026102903e-03,8.102554432245792854e-04
1.993909690969096916e-03,8.061417894413129039e-04
1.994209120912091363e-03,8.028261878422816335e-04
1.994508550855085376e-03,8.004337689977808435e-04
1.994807980798079822e-03,7.990896634780902908e-04
1.995107410741074269e-03,7.988660907721429130e-04
1.995406840684068716e-03,7.992354415490356438e-04
1.995706270627062729e-03,7.999952029687418167e-04
1.996005700570057176e-03,8.011002946400190994e-04
1.996305130513051623e-03,8.025056361716215820e-04
1.996604560456046069e-03,8.041661471723045469e-04
1.996903990399040082e-03,8.060367472508201325e-04
1.997203420342034096e-03,8.080723560159257897e-04
1.997502850285028542e-03,8.102278930763802704e-04
1.997802280228022989e-03,8.124582780409356046e-04
1.998101710171017002e-03,8.147184305183437138e-04
1.998401140114011449e-03,8.169632701173664942e-04
1.998700570057005896e-03,8.191477164467556504e-04
1.999000000000000343e-03,8.212266891152662481e-04
1.999299429942994356e-03,8.231551077316506424e-04
1.999598859885988802e-03,8.248878919046699707e-04
1.999898289828983249e-03,8.263799612430759375e-04
2.000197719771977262e-03,8.275862353556226328e-04
2.000497149714971709e-03,8.284616338510683749e-04
2.000796579657965722e-03,8.289610763381660610e-04
2.001096009600960169e-03,8.290497742621077666e-04
2.001395439543954616e-03,8.288469829143887144e-04
2.001694869486948629e-03,8.284193012333234936e-04
2.001994299429943076e-03,8.277925834468428598e-04
2.002293729372937522e-03,8.269926837828797369e-04
2.002593159315931536e-03,8.260454564693680245e-04
2.002892589258925982e-03,8.249767557342370687e-04
2.003192019201920429e-03,8.238124358054206607e-04
2.003491449144914876e-03,8.225783509108510741e-04
2.003790879087908889e-03,8.213003552784624252e-04
2.004090309030903336e-03,8.200043031361833011e-04
2.004389738973897349e-03,8.187160487119498785e-04
2.004689168916891796e-03,8.174614462336904190e-04
2.004988598859885809e-03,8.162663499293410993e-04
2.005288028802880256e-03,8.151566140268306148e-04
2.005587458745874702e-03,8.141580927540930821e-04
2.005886888688869149e-03,8.132966403390607746e-04
2.006186318631863162e-03,8.125981110096668330e-04
2.006485748574857609e-03,8.120883589938417959e-04
2.006785178517852056e-03,8.117932385195189126e-04
2.007084608460846503e-03,8.117429944575588977e-04
2.007384038403840516e-03,8.120234185426037201e-04
2.007683468346834529e-03,8.126308174528823524e-04
2.007982898289828975e-03,8.135277647776172983e-04
2.008282328232823422e-03,8.146768341060283509e-04
2.008581758175817435e-03,8.160405990273343277e-04
2.008881188118811882e-03,8.175816331307597922e-04
2.009180618061806329e-03,8.192625100055239955e-04
2.009480048004800776e-03,8.210458032408472729e-04
2.009779477947794789e-03,8.228940864259477912e-04
2.010078907890789236e-03,8.247699331500518488e-04
2.010378337833783682e-03,8.266359170023771788e-04
2.010677767776778129e-03,8.284546115721449838e-04
2.010977197719772142e-03,8.301885904485731054e-04
2.011276627662766155e-03,8.318004272208854568e-04
2.011576057605760602e-03,8.332526954783047585e-04
2.011875487548755049e-03,8.345079688100492856e-04
2.012174917491749062e-03,8.355288208053385061e-04
2.012474347434743509e-03,8.362778250533961164e-04
2.012773777377737956e-03,8.367175551434412589e-04
2.013073207320732402e-03,8.368136036269152155e-04
2.013372637263726415e-03,8.366135186818571701e-04
2.013672067206720862e-03,8.361641277978023147e-04
2.013971497149715309e-03,8.354892571870824181e-04
2.014270927092709322e-03,8.346127330620312004e-04
2.014570357035703769e-03,8.335583816349776114e-04
2.014869786978697782e-03,8.323500291182566726e-04
2.015169216921692229e-03,8.310115017241967916e-04
2.015468646864686676e-03,8.295666256651314718e-04
2.015768076807680689e-03,8.280392271533950840e-04
2.016067506750675135e-03,8.264531324013148434e-04
2.016366936693669582e-03,8.248321676212250122e-04
2.016666366636664029e-03,8.232001590254572508e-04
2.016965796579658042e-03,8.215809328263461468e-04
2.017265226522652489e-03,8.199983152362185900e-04
2.017564656465646936e-03,8.184761324674089513e-04
2.017864086408640949e-03,8.170382107322512761e-04
2.018163516351634962e-03,8.157083762430749480e-04
2.018462946294629409e-03,8.145104552122103261e-04
2.018762376237623855e-03,8.134682738519911308e-04
2.019061806180618302e-03,8.126009608996554367e-04
2.019361236123612315e-03,8.117816676065507967e-04
2.019660666066606762e-03,8.109489137030218009e-04
2.019960096009601209e-03,8.101087929781466100e-04
2.020259525952595656e-03,8.092673992210018671e-04
2.020558955895589669e-03,8.084308262206656246e-04
2.020858385838584115e-03,8.076051677662123571e-04
2.021157815781578562e-03,8.067965176467200086e-04
2.021457245724572575e-03,8.060109696512667401e-04
2.021756675667566588e-03,8.052546175689278933e-04
2.022056105610561035e-03,8.045335551887792440e-04
2.022355535553555482e-03,8.038538762998989531e-04
2.022654965496549929e-03,8.032216746913636634e-04
2.022954395439543942e-03,8.026430441522512107e-04
2.023253825382538389e-03,8.021240784716365032e-04
2.023553255325532835e-03,8.016708714385971596e-04
2.023852685268527282e-03,8.012895168422104735e-04
2.024152115211521295e-03,8.009861084715531963e-04
2.024451545154515742e-03,8.007667401157013204e-04
2.024750975097509755e-03,8.006375055637324645e-04
2.025050405040504202e-03,8.006047390564526543e-04
2.025349834983498215e-03,8.006825088737712891e-04
2.025649264926492662e-03,8.008715515997541371e-04
2.025948694869487109e-03,8.011652720483348729e-04
2.026248124812481122e-03,8.015570750334466291e-04
2.026547554755475569e-03,8.020403653690241644e-04
2.026846984698470015e-03,8.026085478690009366e-04
2.027146414641464462e-03,8.032550273473106203e-04
2.027445844584458475e-03,8.039732086178859143e-04
2.027745274527452922e-03,8.047564964946623363e-04
2.028044704470447369e-03,8.055982957915730188e-04
2.028344134413441382e-03,8.064920113225501185e-04
2.028643564356435829e-03,8.074310479015301290e-04
2.028942994299429842e-03,8.084088103424441228e-04
2.029242424242424288e-03,8.094187034592284849e-04
2.029541854185418735e-03,8.104541320658158058e-04
2.029841284128412748e-03,8.115085009761382421e-04
2.030140714071407195e-03,8.125752150041323958e-04
2.030440144014401642e-03,8.136476789637306405e-04
2.030739573957396089e-03,8.147192976688667591e-04
2.031039003900390102e-03,8.157856112591974160e-04
2.031338433843384549e-03,8.169905249848395321e-04
2.031637863786378995e-03,8.184067951255458466e-04
2.031937293729373008e-03,8.200096966501151064e-04
2.032236723672367022e-03,8.217745045273505038e-04
2.032536153615361468e-03,8.236764937260562065e-04
2.032835583558355915e-03,8.256909392150307446e-04
2.033135013501350362e-03,8.277931159630754670e-04
2.033434443444344375e-03,8.299582989389879279e-04
2.033733873387338822e-03,8.321617631115760900e-04
2.034033303330333269e-03,8.343787834496377244e-04
2.034332733273327715e-03,8.365846349219739631e-04
2.034632163216321728e-03,8.387545924973830109e-04
2.034931593159316175e-03,8.408639311446721798e-04
2.035231023102310188e-03,8.428879258326366390e-04
2.035530453045304635e-03,8.448018515300833751e-04
2.035829882988298648e-03,8.465809832058080993e-04
2.036129312931293095e-03,8.482005958286171479e-04
2.036428742874287542e-03,8.496359643673090508e-04
2.036728172817281989e-03,8.508623637906848319e-04
2.037027602760276002e-03,8.518561572277494939e-04
2.037327032703270448e-03,8.527461474411473282e-04
2.037626462646264895e-03,8.536306951763785638e-04
2.037925892589259342e-03,8.545054271657831924e-04
2.038225322532253355e-03,8.553659701416999050e-04
2.038524752475247802e-03,8.562079508364715125e-04
2.038824182418241815e-03,8.570269959824352961e-04
2.039123612361236262e-03,8.578187323119339583e-04
2.039423042304230275e-03,8.585787865573052142e-04
2.039722472247224722e-03,8.593027854508912241e-04
2.040021902190219168e-03,8.599863557250310040e-04
2.040321332133213615e-03,8.606251241120645460e-04
2.040620762076207628e-03,8.612147173443312998e-04
2.040920192019202075e-03,8.617507621541726668e-04
2.041219621962196522e-03,8.622288852739280968e-04
2.041519051905190969e-03,8.626447134359375817e-04
2.041818481848184982e-03,8.629938733725405712e-04
2.042117911791179428e-03,8.632719918160782499e-04
2.042417341734173442e-03,8.634746954988899593e-04
2.042716771677167888e-03,8.635976111533162332e-04
2.043016201620161901e-03,8.636363231745048264e-04
2.043315631563156348e-03,8.635725996882759846e-04
2.043615061506150795e-03,8.633986975602306367e-04
2.043914491449145242e-03,8.631214888870993203e-04
2.044213921392139255e-03,8.627478457656132232e-04
2.044513351335133702e-03,8.622846402925015818e-04
2.044812781278128148e-03,8.617387445644953672e-04
2.045112211221122595e-03,8.611170306783252253e-04
2.045411641164116608e-03,8.604263707307224524e-04
2.045711071107110621e-03,8.596736368184167186e-04
2.046010501050105068e-03,8.588657010381374772e-04
2.046309930993099515e-03,8.580094354866159160e-04
2.046609360936093528e-03,8.571117122605840903e-04
2.046908790879087975e-03,8.561794034567698271e-04
2.047208220822082422e-03,8.552193811719048565e-04
2.047507650765076435e-03,8.542385175027211253e-04
2.047807080708070882e-03,8.532436845459460267e-04
2.048106510651065328e-03,8.522417543983119414e-04
2.048405940594059775e-03,8.512395991565488646e-04
2.048705370537053788e-03,8.502440909173889600e-04
2.049004800480048235e-03,8.492620657994005839e-04
2.049304230423042248e-03,8.481601147204064980e-04
2.049603660366036695e-03,8.468296329496749920e-04
2.049903090309030708e-03,8.453013992591001903e-04
2.050202520252025155e-03,8.436061924205685196e-04
2.050501950195019601e-03,8.417747912059726952e-04
2.050801380138014048e-03,8.398379743872035888e-04
2.051100810081008061e-03,8.378265207361547829e-04
2.051400240024002508e-03,8.357712090247109695e-04
2.051699669966996955e-03,8.337028180247660564e-04
2.051999099909991402e-03,8.316521265082104817e-04
2.052298529852985415e-03,8.296499132469379364e-04
2.052597959795979862e-03,8.277269570128333292e-04
2.052897389738973875e-03,8.259140365777926278e-04
2.053196819681968321e-03,8.242419307137017169e-04
2.053496249624962335e-03,8.227414181924554799e-04
2.053795679567956781e-03,8.214432777859407772e-04
2.054095109510951228e-03,8.203782882660502155e-04
2.054394539453945675e-03,8.195772284046747751e-04
2.054693969396939688e-03,8.190708769737055448e-04
2.054993399339934135e-03,8.188900127450318787e-04
2.055292829282928582e-03,8.192058244072706816e-04
2.055592259225923028e-03,8.201377239746326020e-04
2.055891689168917041e-03,8.216176388645634286e-04
2.056191119111911055e-03,8.235774171403755515e-04
2.056490549054905501e-03,8.259489068653842877e-04
2.056789978997899948e-03,8.286639561028986663e-04
2.057089408940893961e-03,8.316544129162252224e-04
2.057388838883888408e-03,8.348521253686842607e-04
2.057688268826882855e-03,8.381889415235830752e-04
2.057987698769877302e-03,8.415967094442327549e-04
2.058287128712871315e-03,8.450072771939397265e-04
2.058586558655865761e-03,8.483524928360253788e-04
2.058885988598860208e-03,8.515642044337961387e-04
2.059185418541854221e-03,8.545742600505589750e-04
2.059484848484848668e-03,8.573145077496343008e-04
2.059784278427842681e-03,8.597167955943252901e-04
2.060083708370837128e-03,8.617129716479507298e-04
2.060383138313831575e-03,8.632348839738180225e-04
2.060682568256825588e-03,8.642143806352376063e-04
2.060981998199820035e-03,8.645833096955234977e-04
2.061281428142814481e-03,8.643294856507106709e-04
2.061580858085808928e-03,8.635353314397639993e-04
2.061880288028802941e-03,8.622604956523284266e-04
2.062179717971797388e-03,8.605644747801942948e-04
2.062479147914791835e-03,8.585067653151578007e-04
2.062778577857785848e-03,8.561468637490167672e-04
2.063078007800780295e-03,8.535442665735589341e-04
2.063377437743774308e-03,8.507584702805859192e-04
2.063676867686768755e-03,8.478489713618841614e-04
2.063976297629763201e-03,8.448752663092520257e-04
2.064275727572757214e-03,8.418968516144879856e-04
2.064575157515751661e-03,8.389732237693781547e-04
2.064874587458746108e-03,8.361638792657211149e-04
2.065174017401740555e-03,8.335283145953112198e-04
2.065473447344734568e-03,8.311260262499464008e-04
2.065772877287729015e-03,8.290165107214137472e-04
2.066072307230723461e-03,8.272592645015117326e-04
2.066371737173717475e-03,8.259137840820361199e-04
2.066671167116711488e-03,8.250395659547784437e-04
2.066970597059705934e-03,8.246961066115328408e-04
2.067270027002700381e-03,8.249030337033069499e-04
2.067569456945694828e-03,8.255942699606876175e-04
2.067868886888688841e-03,8.267164354209473624e-04
2.068168316831683288e-03,8.282164419042997196e-04
2.068467746774677735e-03,8.300412012309536704e-04
2.068767176717672181e-03,8.321376252211200395e-04
2.069066606660666195e-03,8.344526256950055313e-04
2.069366036603660641e-03,8.369331144728272588e-04
2.069665466546655088e-03,8.395260033747926854e-04
2.069964896489649101e-03,8.421782042211081905e-04
2.070264326432643114e-03,8.448366288319882848e-04
2.070563756375637561e-03,8.474481890276471538e-04
2.070863186318632008e-03,8.499597966282916106e-04
2.071162616261626021e-03,8.523183634541286850e-04
2.071462046204620468e-03,8.544708013253755983e-04
2.071761476147614914e-03,8.563640220622393802e-04
2.072060906090609361e-03,8.579449374849304217e-04
2.072360336033603374e-03,8.591604594136577041e-04
2.072659765976597821e-03,8.599574996686353045e-04
2.072959195919592268e-03,8.602829700700714453e-04
2.073258625862586281e-03,8.599801610416910394e-04
2.073558055805580728e-03,8.589042009869293174e-04
2.073857485748574741e-03,8.571368605518329053e-04
2.074156915691569188e-03,8.547629164435567974e-04
2.074456345634563634e-03,8.518671453692635773e-04
2.074755775577557648e-03,8.485343240361183223e-04
2.075055205520552094e-03,8.448492291512716898e-04
2.075354635463546541e-03,8.408966374218883235e-04
2.075654065406540988e-03,8.367613255551286386e-04
2.075953495349535001e-03,8.325280702581591219e-04
2.076252925292529448e-03,8.282816482381273951e-04
2.076552355235523895e-03,8.241068362021999449e-04
2.076851785178517908e-03,8.200884108575428244e-04
2.077151215121511921e-03,8.163111489113095099e-04
2.077450645064506368e-03,8.128598270706555379e-04
2.077750075007500814e-03,8.098192220427466361e-04
2.078049504950495261e-03,8.072741105347430030e-04
2.078348934893489274e-03,8.053092692538073305e-04
2.078648364836483721e-03,8.040094749070940709e-04
2.078947794779478168e-03,8.034595042017668920e-04
2.079247224722472615e-03,8.035055061487878523e-04
2.079546654665466628e-03,8.037259735735766087e-04
2.079846084608461074e-03,8.040957171416422992e-04
2.080145514551455521e-03,8.045996823196964291e-04
2.080444944494449534e-03,8.052228145744502871e-04
2.080744374437443547e-03,8.059500593726163543e-04
2.081043804380437994e-03,8.067663621809078710e-04
2.081343234323432441e-03,8.076566684660359090e-04
2.081642664266426888e-03,8.086059236947122988e-04
2.081942094209420901e-03,8.095990733336475703e-04
2.082241524152415348e-03,8.106210628495565899e-04
2.082540954095409794e-03,8.116568377091498872e-04
2.082840384038404241e-03,8.126913433791391845e-04
2.083139813981398254e-03,8.137095253262354453e-04
2.083439243924392701e-03,8.146963290171532106e-04
2.083738673867386714e-03,8.156366999186017092e-04
2.084038103810381161e-03,8.165155834972956991e-04
2.084337533753375174e-03,8.173179252199445173e-04
2.084636963696369621e-03,8.180286705532623798e-04
2.084936393639364068e-03,8.186327649639603583e-04
2.085235823582358514e-03,8.191428930088143819e-04
2.085535253525352527e-03,8.196139310507383115e-04
2.085834683468346974e-03,8.200519378350381704e-04
2.086134113411341421e-03,8.204610988163569835e-04
2.086433543354335868e-03,8.208455994493381010e-04
2.086732973297329881e-03,8.212096251886247646e-04
2.087032403240324328e-03,8.215573614888613003e-04
2.087331833183318341e-03,8.218929938046904077e-04
2.087631263126312788e-03,8.222207075907565213e-04
2.087930693069306801e-03,8.225446883017022322e-04
2.088230123012301247e-03,8.228691213921720832e-04
2.088529552955295694e-03,8.231981923168089910e-04
2.088828982898290141e-03,8.235360865302565224e-04
2.089128412841284154e-03,8.238869894871579192e-04
2.089427842784278601e-03,8.242550866421575074e-04
2.089727272727273048e-03,8.246445634498983119e-04
2.090026702670267494e-03,8.250596053650240081e-04
2.090326132613261507e-03,8.255043978421774042e-04
2.090625562556255954e-03,8.259831263360031513e-04
2.090924992499249967e-03,8.264999763011436238e-04
2.091224422442244414e-03,8.270904067420415751e-04
2.091523852385238427e-03,8.278234838201206777e-04
2.091823282328232874e-03,8.286841987825788267e-04
2.092122712271227321e-03,8.296538096452042536e-04
2.092422142214221768e-03,8.307135744237863825e-04
2.092721572157215781e-03,8.318447511341132278e-04
2.093021002100210227e-03,8.330285977919771410e-04
2.093320432043204674e-03,8.342463724131657030e-04
2.093619861986198687e-03,8.354793330134669283e-04
2.093919291929193134e-03,8.367087376086736021e-04
2.094218721872187147e-03,8.379158442145715705e-04
2.094518151815181594e-03,8.390819108469538355e-04
2.094817581758175607e-03,8.401881955216063515e-04
2.095117011701170054e-03,8.412159562543215785e-04
2.095416441644164501e-03,8.421464510608876394e-04
2.095715871587158947e-03,8.429609379570935247e-04
2.096015301530152961e-03,8.436406749587277909e-04
2.096314731473147407e-03,8.441669200815819221e-04
2.096614161416141854e-03,8.445209313414441497e-04
2.096913591359136301e-03,8.446839667541037894e-04
2.097213021302130314e-03,8.446297291510261856e-04
2.097512451245124761e-03,8.443373030671220882e-04
2.097811881188118774e-03,8.438248491567184283e-04
2.098111311131113221e-03,8.431123080894024338e-04
2.098410741074107234e-03,8.422196205347648023e-04
2.098710171017101681e-03,8.411667271623917861e-04
2.099009600960096127e-03,8.399735686418734323e-04
2.099309030903090574e-03,8.386600856427983783e-04
2.099608460846084587e-03,8.372462188347577555e-04
2.099907890789079034e-03,8.357519088873357560e-04
2.100207320732073481e-03,8.341970964701237281e-04
2.100506750675067928e-03,8.326017222527100923e-04
2.100806180618061941e-03,8.309857269046859798e-04
2.101105610561056387e-03,8.293690510956355831e-04
2.101405040504050400e-03,8.277716354951524186e-04
2.101704470447044847e-03,8.262134207728203533e-04
2.102003900390038860e-03,8.247143475982327953e-04
2.102303330333033307e-03,8.232943566409740453e-04
2.102602760276027754e-03,8.219733885706352345e-04
2.102902190219022201e-03,8.207713840568051089e-04
2.103201620162016214e-03,8.196571178361779925e-04
2.103501050105010661e-03,8.184849334832884626e-04
2.103800480048005107e-03,8.172561984301964649e-04
2.104099909990999554e-03,8.159842032613767639e-04
2.104399339933993567e-03,8.146822385613056421e-04
2.104698769876987580e-03,8.133635949144561294e-04
2.104998199819982027e-03,8.120415629053006051e-04
2.105297629762976474e-03,8.107294331183156769e-04
2.105597059705970487e-03,8.094404961379778442e-04
2.105896489648964934e-03,8.081880425487579685e-04
2.106195919591959381e-03,8.069853629351324406e-04
2.106495349534953827e-03,8.058457478815760251e-04
2.106794779477947840e-03,8.047824879725648962e-04
2.107094209420942287e-03,8.038088737925703489e-04
2.107393639363936734e-03,8.029381959260685573e-04
2.107693069306930747e-03,8.021837449575352618e-04
2.107992499249925194e-03,8.015588114714429502e-04
2.108291929192919207e-03,8.010766860522680133e-04
2.108591359135913654e-03,8.007506592844835895e-04
2.108890789078908101e-03,8.005940217525649855e-04
2.109190219021902114e-03,8.007445070961260927e-04
2.109489648964896560e-03,8.016240566407631732e-04
2.109789078907891007e-03,8.031935180965246723e-04
2.110088508850885454e-03,8.053706000701629612e-04
2.110387938793879467e-03,8.080730111684262910e-04
2.110687368736873914e-03,8.112184599980749476e-04
2.110986798679868361e-03,8.147246551658577241e-04
2.111286228622862374e-03,8.185093052785215708e-04
2.111585658565856820e-03,8.224901189428298091e-04
2.111885088508850834e-03,8.265848047655236430e-04
2.112184518451845280e-03,8.307110713533675866e-04
2.112483948394839727e-03,8.347866273131080480e-04
2.112783378337833740e-03,8.387291812514919773e-04
2.113082808280828187e-03,8.424564417752833465e-04
2.113382238223822634e-03,8.458861174912285638e-04
2.113681668166817081e-03,8.489359170060804339e-04
2.113981098109811094e-03,8.515235489265875332e-04
2.114280528052805540e-03,8.535667218595101476e-04
2.114579957995799987e-03,8.549831444115966366e-04
2.114879387938794000e-03,8.556905251895989377e-04
2.115178817881788013e-03,8.557415944324760389e-04
2.115478247824782460e-03,8.556519074364708245e-04
2.115777677767776907e-03,8.554855246911626009e-04
2.116077107710770920e-03,8.552474395308709608e-04
2.116376537653765367e-03,8.549426452899144130e-04
2.116675967596759814e-03,8.545761353026125502e-04
2.116975397539754260e-03,8.541529029032844233e-04
2.117274827482748274e-03,8.536779414262500587e-04
2.117574257425742720e-03,8.531562442058275315e-04
2.117873687368737167e-03,8.525928045763363260e-04
2.118173117311731180e-03,8.519926158720970109e-04
2.118472547254725627e-03,8.513606714274267939e-04
2.118771977197719640e-03,8.507019645766467856e-04
2.119071407140714087e-03,8.500214886540743021e-04
2.119370837083708534e-03,8.493242369940293699e-04
2.119670267026702547e-03,8.486152029308326660e-04
2.119969696969696994e-03,8.478993797988009645e-04
2.120269126912691440e-03,8.471817609322547255e-04
2.120568556855685887e-03,8.464673396655129998e-04
2.120867986798679900e-03,8.457611093328963560e-04
2.121167416741674347e-03,8.450496451179574870e-04
2.121466846684668794e-03,8.442519595502743796e-04
2.121766276627662807e-03,8.433663287013283246e-04
2.122065706570657254e-03,8.424026392099123392e-04
2.122365136513651267e-03,8.413707777148246450e-04
2.122664566456645713e-03,8.402806308548580426e-04
2.122963996399640160e-03,8.391420852688093440e-04
2.123263426342634173e-03,8.379650275954760117e-04
2.123562856285628620e-03,8.367593444736500874e-04
2.123862286228623067e-03,8.355349225421289253e-04
2.124161716171617514e-03,8.343016484397081448e-04
2.124461146114611527e-03,8.330694088051849916e-04
2.124760576057605974e-03,8.318480902773517241e-04
2.125060006000600420e-03,8.306475794950052630e-04
2.125359435943594433e-03,8.294777630969433959e-04
2.125658865886588447e-03,8.283485277219595740e-04
2.125958295829582893e-03,8.272697600088476820e-04
2.126257725772577340e-03,8.262513465964053993e-04
2.126557155715571787e-03,8.253031741234280200e-04
2.126856585658565800e-03,8.244351292287122480e-04
2.127156015601560247e-03,8.236434201036125840e-04
2.127455445544554694e-03,8.228598245767449956e-04
2.127754875487549140e-03,8.220762418504489908e-04
2.128054305430543153e-03,8.212958736245440068e-04
2.128353735373537600e-03,8.205219215988457946e-04
2.128653165316532047e-03,8.197575874731737912e-04
2.128952595259526060e-03,8.190060729473468918e-04
2.129252025202520073e-03,8.182705797211822568e-04
2.129551455145514520e-03,8.175543094944968297e-04
2.129850885088508967e-03,8.168604639671097224e-04
2.130150315031503414e-03,8.161922448388390710e-04
2.130449744974497427e-03,8.155528538095039876e-04
2.130749174917491873e-03,8.149454925789206567e-04
2.131048604860486320e-03,8.143733628469080818e-04
2.131348034803480767e-03,8.138396663132843991e-04
2.131647464746474780e-03,8.133476046778683952e-04
2.131946894689469227e-03,8.129003796404766884e-04
2.132246324632463240e-03,8.125011929009283906e-04
2.132545754575457687e-03,8.121532461590409875e-04
2.132845184518451700e-03,8.118597411146331573e-04
2.133144614461446147e-03,8.116197799884095499e-04
2.133444044404440593e-03,8.114081553884551490e-04
2.133743474347435040e-03,8.112180093571101907e-04
2.134042904290429053e-03,8.110469321513702522e-04
2.134342334233423500e-03,8.108925140282295012e-04
2.134641764176417947e-03,8.107523452446829728e-04
2.134941194119412394e-03,8.106240160577259189e-04
2.135240624062406407e-03,8.105051167243532660e-04
2.135540054005400853e-03,8.103932375015595073e-04
2.135839483948394867e-03,8.102859686463398945e-04
2.136138913891389313e-03,8.101809004156890291e-04
2.136438343834383326e-03,8.100756230666022713e-04
2.136737773777377773e-03,8.099677268560741142e-04
2.137037203720372220e-03,8.098548020410998097e-04
2.137336633663366667e-03,8.097344388786738506e-04
2.137636063606360680e-03,8.096042276257917059e-04
2.137935493549355127e-03,8.094617585394479767e-04
2.138234923492349573e-03,8.093046218766373730e-04
2.138534353435343587e-03,8.091304078943553635e-04
2.138833783378338033e-03,8.089367068495963327e-04
2.139133213321332480e-03,8.087182310529528574e-04
2.139432643264326493e-03,8.084533747643328407e-04
2.139732073207320506e-03,8.081421354089683012e-04
2.140031503150314953e-03,8.077893639055765173e-04
2.140330933093309400e-03,8.073999111728763934e-04
2.140630363036303847e-03,8.069786281295858585e-04
2.140929792979297860e-03,8.065303656944239254e-04
2.141229222922292307e-03,8.060599747861073305e-04
2.141528652865286753e-03,8.055723063233549783e-04
2.141828082808281200e-03,8.050722112248851229e-04
2.142127512751275213e-03,8.045645404094162352e-04
2.142426942694269660e-03,8.040541447956655935e-04
2.142726372637263673e-03,8.035458753023523191e-04
2.143025802580258120e-03,8.030445828481935821e-04
2.143325232523252133e-03,8.025551183519086121e-04
2.143624662466246580e-03,8.020823327322141455e-04
2.143924092409241026e-03,8.016310769078294120e-04
2.144223522352235473e-03,8.012062017974721237e-04
2.144522952295229486e-03,8.008125583198615104e-04
2.144822382238223933e-03,8.004549973937140914e-04
2.145121812181218380e-03,8.001337736290243044e-04
2.145421242124212827e-03,7.998118517366755364e-04
2.145720672067206840e-03,7.994822854781399478e-04
2.146020102010201287e-03,7.991477748588680929e-04
2.146319531953195300e-03,7.988110198843128033e-04
2.146618961896189746e-03,7.984747205599245249e-04
2.146918391839183760e-03,7.981415768911560892e-04
2.147217821782178206e-03,7.978142888834580506e-04
2.147517251725172653e-03,7.974955565422826983e-04
2.147816681668167100e-03,7.971880798730815627e-04
2.148116111611161113e-03,7.968945588813067162e-04
2.148415541554155560e-03,7.966176935724091470e-04
2.148714971497150007e-03,7.963601839518406021e-04
2.149014401440144453e-03,7.961247300250532625e-04
2.149313831383138466e-03,7.959140317974986584e-04
2.149613261326132913e-03,7.957307892746278864e-04
2.149912691269126926e-03,7.955777024618933442e-04
2.150212121212121373e-03,7.954574713647460200e-04
2.150511551155115386e-03,7.953727959886380946e-04
2.150810981098109833e-03,7.953263763390208815e-04
2.151110411041104280e-03,7.953477002267864528e-04
2.151409840984098727e-03,7.957135712983096337e-04
2.151709270927092740e-03,7.964614502090056449e-04
2.152008700870087186e-03,7.975471757375752211e-04
2.152308130813081633e-03,7.989265866627159526e-04
2.152607560756076080e-03,8.005555217631261889e-04
2.152906990699070093e-03,8.023898198175020025e-04
2.153206420642064106e-03,8.043853196045438027e-04
2.153505850585058553e-03,8.064978599029538420e-04
2.153805280528053000e-03,8.086832794914274340e-04
2.154104710471047013e-03,8.108974171486600007e-04
2.154404140414041460e-03,8.130961116533563966e-04
2.154703570357035906e-03,8.152352017842122607e-04
2.155003000300030353e-03,8.172705263199256170e-04
2.155302430243024366e-03,8.191579240391926465e-04
2.155601860186018813e-03,8.208532337207171195e-04
2.155901290129013260e-03,8.223122941431948918e-04
2.156200720072007273e-03,8.234909440853227947e-04
2.156500150015001720e-03,8.243450223258027556e-04
2.156799579957995733e-03,8.248303676433311723e-04
2.157099009900990180e-03,8.249194287744877245e-04
2.157398439843984626e-03,8.248045109413118829e-04
2.157697869786978639e-03,8.245637766489207930e-04
2.157997299729973086e-03,8.242117069059974295e-04
2.158296729672967533e-03,8.237627827212258514e-04
2.158596159615961980e-03,8.232314851032897923e-04
2.158895589558955993e-03,8.226322950608741785e-04
2.159195019501950440e-03,8.219796936026609003e-04
2.159494449444944886e-03,8.212881617373348842e-04
2.159793879387938900e-03,8.205721804735807310e-04
2.160093309330933346e-03,8.198462308200803314e-04
2.160392739273927359e-03,8.191247937855194788e-04
2.160692169216921806e-03,8.184223503785798470e-04
2.160991599159915819e-03,8.177533816079475548e-04
2.161291029102910266e-03,8.171323684823041675e-04
2.161590459045904713e-03,8.165737920103345029e-04
2.161889888988899160e-03,8.160921332007226199e-04
2.162189318931893173e-03,8.157018730621527942e-04
2.162488748874887620e-03,8.154174926033075669e-04
2.162788178817882066e-03,8.152534728328714305e-04
2.163087608760876513e-03,8.152232846743209110e-04
2.163387038703870526e-03,8.153184985419871956e-04
2.163686468646864539e-03,8.155271938043958443e-04
2.163985898589858986e-03,8.158414894576737023e-04
2.164285328532853433e-03,8.162535044979466392e-04
2.164584758475847446e-03,8.167553579213403074e-04
2.164884188418841893e-03,8.173391687239819859e-04
2.165183618361836339e-03,8.179970559019974358e-04
2.165483048304830786e-03,8.187211384515129600e-04
2.165782478247824799e-03,8.195035353686533439e-04
2.166081908190819246e-03,8.203363656495470590e-04
2.166381338133813693e-03,8.212117482903195410e-04
2.166680768076807706e-03,8.221218022870952500e-04
2.166980198019802153e-03,8.230586466360031994e-04
2.167279627962796166e-03,8.240144003331669820e-04
2.167579057905790613e-03,8.249811823747153945e-04
2.167878487848785059e-03,8.259511117567734390e-04
2.168177917791779073e-03,8.269163074754657923e-04
2.168477347734773519e-03,8.278688885269215765e-04
2.168776777677767966e-03,8.288009739072653599e-04
2.169076207620762413e-03,8.297116819283156938e-04
2.169375637563756426e-03,8.307382941424375396e-04
2.169675067506750873e-03,8.319195001401115917e-04
2.169974497449745320e-03,8.332325603117334738e-04
2.170273927392739333e-03,8.346547350476971831e-04
2.170573357335733779e-03,8.361632847384040893e-04
2.170872787278727793e-03,8.377354697742464551e-04
2.171172217221722239e-03,8.393485505456252166e-04
2.171471647164716686e-03,8.409797874429351299e-04
2.171771077107710699e-03,8.426064408565705176e-04
2.172070507050705146e-03,8.442057711769326411e-04
2.172369936993699593e-03,8.457550387944159313e-04
2.172669366936694040e-03,8.472315040994167707e-04
2.172968796879688053e-03,8.486124274823304576e-04
2.173268226822682499e-03,8.498750693335571692e-04
2.173567656765676946e-03,8.509966900434918786e-04
2.173867086708670959e-03,8.519545500025298840e-04
2.174166516651664972e-03,8.527259096010695195e-04
2.174465946594659419e-03,8.532880292295084686e-04
2.174765376537653866e-03,8.536181692782419212e-04
2.175064806480648313e-03,8.536974014195633292e-04
2.175364236423642326e-03,8.536189448278286036e-04
2.175663666366636773e-03,8.534354930664670401e-04
2.175963096309631219e-03,8.531526893147603615e-04
2.176262526252625666e-03,8.527761767519907244e-04
2.176561956195619679e-03,8.523115985574407187e-04
2.176861386138614126e-03,8.517645979103907663e-04
2.177160816081608139e-03,8.511408179901244330e-04
2.177460246024602586e-03,8.504459019759218153e-04
2.177759675967596599e-03,8.496854930470666960e-04
2.178059105910591046e-03,8.488652343828391716e-04
2.178358535853585493e-03,8.479907691625216152e-04
2.178657965796579939e-03,8.470677405653964003e-04
2.178957395739573952e-03,8.461017917707466590e-04
2.179256825682568399e-03,8.450985659578515120e-04
2.179556255625562846e-03,8.440637063059942000e-04
2.179855685568557293e-03,8.430028559944567710e-04
2.180155115511551306e-03,8.419216582025225741e-04
2.180454545454545753e-03,8.408257561094704046e-04
2.180753975397539766e-03,8.397207928945854549e-04
2.181053405340534213e-03,8.386055644700398000e-04
2.181352835283528226e-03,8.372173255625205363e-04
2.181652265226522672e-03,8.354545497665057715e-04
2.181951695169517119e-03,8.333658597346118180e-04
2.182251125112511566e-03,8.309998781194520611e-04
2.182550555055505579e-03,8.284052275736445477e-04
2.182849984998500026e-03,8.256305307497958327e-04
2.183149414941494473e-03,8.227244103005230957e-04
2.183448844884488486e-03,8.197354888784448177e-04
2.183748274827482933e-03,8.167123891361662523e-04
2.184047704770477379e-03,8.137037337263054466e-04
2.184347134713471392e-03,8.107581453014806646e-04
2.184646564656465405e-03,8.079242465143013883e-04
2.184945994599459852e-03,8.052506600173770998e-04
2.185245424542454299e-03,8.027860084633266051e-04
2.185544854485448746e-03,8.005789145047632893e-04
2.185844284428442759e-03,7.986780007943037902e-04
2.186143714371437206e-03,7.971318899845565055e-04
2.186443144314431652e-03,7.959892047281382898e-04
2.186742574257426099e-03,7.952985676776629619e-04
2.187042004200420112e-03,7.951061415731785955e-04
2.187341434143414559e-03,7.952884515738421279e-04
2.187640864086409006e-03,7.957331796500263744e-04
2.187940294029403019e-03,7.964107700812280604e-04
2.188239723972397032e-03,7.972916671469454288e-04
2.188539153915391479e-03,7.983463151266782408e-04
2.188838583858385926e-03,7.995451582999230046e-04
2.189138013801380372e-03,8.008586409461777465e-04
2.189437443744374386e-03,8.022572073449382160e-04
2.189736873687368832e-03,8.037113017757060171e-04
2.190036303630363279e-03,8.051913685179774415e-04
2.190335733573357726e-03,8.066678518512499733e-04
2.190635163516351739e-03,8.081111960550194703e-04
2.190934593459346186e-03,8.094918454087880787e-04
2.191234023402340199e-03,8.107802441920495965e-04
2.191533453345334646e-03,8.119468366843057361e-04
2.191832883288328659e-03,8.129620671650509460e-04
2.192132313231323106e-03,8.137963799137860714e-04
2.192431743174317552e-03,8.144202192100072953e-04
2.192731173117311999e-03,8.148040293332124272e-04
2.193030603060306012e-03,8.149188095275391661e-04
2.193330033003300459e-03,8.148077371481117232e-04
2.193629462946294906e-03,8.145262128269494103e-04
2.193928892889289353e-03,8.140933523116476288e-04
2.194228322832283366e-03,8.135282713498026477e-04
2.194527752775277812e-03,8.128500856890082419e-04
2.194827182718271825e-03,8.120779110768616563e-04
2.195126612661266272e-03,8.112308632609561239e-04
2.195426042604260285e-03,8.103280579888893229e-04
2.195725472547254732e-03,8.093886110082541612e-04
2.196024902490249179e-03,8.084316380666473414e-04
2.196324332433243626e-03,8.074762549116640481e-04
2.196623762376237639e-03,8.065415772909013091e-04
2.196923192319232086e-03,8.056467209519515985e-04
2.197222622262226532e-03,8.048108016424117273e-04
2.197522052205220979e-03,8.040529351098772053e-04
2.197821482148214992e-03,8.033922371019441930e-04
2.198120912091209439e-03,8.028478233662061404e-04
2.198420342034203452e-03,8.024388096502601837e-04
2.198719771977197899e-03,8.021843117017002063e-04
2.199019201920191912e-03,8.021038795027479480e-04
2.199318631863186359e-03,8.023243435569404761e-04
2.199618061806180806e-03,8.029095607926280262e-04
2.199917491749175252e-03,8.038227456707950106e-04
2.200216921692169265e-03,8.050271126524233484e-04
2.200516351635163712e-03,8.064858761985009214e-04
2.200815781578158159e-03,8.081622507700102990e-04
2.201115211521152606e-03,8.100194508279355684e-04
2.201414641464146619e-03,8.120206908332581065e-04
2.201714071407140632e-03,8.141291852469642772e-04
2.202013501350135079e-03,8.163081485300420709e-04
2.202312931293129526e-03,8.185207951434724308e-04
2.202612361236123539e-03,8.207303395482362998e-04
2.202911791179117985e-03,8.228999962053242705e-04
2.203211221122112432e-03,8.249929795757171775e-04
2.203510651065106879e-03,8.269725041203993248e-04
2.203810081008100892e-03,8.288017843003524145e-04
2.204109510951095339e-03,8.304440345765655212e-04
2.204408940894089786e-03,8.318624694100203469e-04
2.204708370837083799e-03,8.330203032616995693e-04
2.205007800780078246e-03,8.338808621274781908e-04
2.205307230723072259e-03,8.345859533303683075e-04
2.205606660666066705e-03,8.352830803911917828e-04
2.205906090609061152e-03,8.359691989534946211e-04
2.206205520552055165e-03,8.366412646608230438e-04
2.206504950495049612e-03,8.372962331567263081e-04
2.206804380438044059e-03,8.379310600847506355e-04
2.207103810381038072e-03,8.385427010884421387e-04
2.207403240324032519e-03,8.391281118113501835e-04
2.207702670267026965e-03,8.396842478970205576e-04
2.208002100210021412e-03,8.402080649890008917e-04
2.208301530153015425e-03,8.406965187308372989e-04
2.208600960096009872e-03,8.411465647660787111e-04
2.208900390039003885e-03,8.415551587382708075e-04
2.209199819981998332e-03,8.419192562909620864e-04
2.209499249924992345e-03,8.422358130676986607e-04
2.209798679867986792e-03,8.425017847120287035e-04
2.210098109810981239e-03,8.427141268674988696e-04
2.210397539753975685e-03,8.428697951776561396e-04
2.210696969696969699e-03,8.429657452860479273e-04
2.210996399639964145e-03,8.429989328362216469e-04
2.211295829582958592e-03,8.428451184816702739e-04
2.211595259525953039e-03,8.423975745562771672e-04
2.211894689468947052e-03,8.416888087004553926e-04
2.212194119411941065e-03,8.407513473629340314e-04
2.212493549354935512e-03,8.396177169924409723e-04
2.212792979297929959e-03,8.383204440377071400e-04
2.213092409240923972e-03,8.368920549474645433e-04
2.213391839183918419e-03,8.353650761704389024e-04
2.213691269126912865e-03,8.337720341553619009e-04
2.213990699069907312e-03,8.321454553509632706e-04
2.214290129012901325e-03,8.305178662059751289e-04
2.214589558955895772e-03,8.289217931691226539e-04
2.214888988898890219e-03,8.273897626891378544e-04
2.215188418841884232e-03,8.259543012147525223e-04
2.215487848784878679e-03,8.246479351946923780e-04
2.215787278727872692e-03,8.235031910776907313e-04
2.216086708670867138e-03,8.225525953124741699e-04
2.216386138613861585e-03,8.218286743477742689e-04
2.216685568556855598e-03,8.213639546323210855e-04
2.216984998499850045e-03,8.211909626148430506e-04
2.217284428442844492e-03,8.212273870647477693e-04
2.217583858385838939e-03,8.213404262681417087e-04
2.217883288328832952e-03,8.215213633806536624e-04
2.218182718271827399e-03,8.217617838843029087e-04
2.218482148214821845e-03,8.220532732611084007e-04
2.218781578157815858e-03,8.223874169930889830e-04
2.219081008100810305e-03,8.227558005622646930e-04
2.219380438043804318e-03,8.231500094506536162e-04
2.219679867986798765e-03,8.235616291402760069e-04
2.219979297929793212e-03,8.239822451131504927e-04
2.220278727872787225e-03,8.244034428512955932e-04
2.220578157815781672e-03,8.248168078367315624e-04
2.220877587758776119e-03,8.252139255514772450e-04
2.221177017701770565e-03,8.255863814775513771e-04
2.221476447644764578e-03,8.259257610969730204e-04
2.221775877587759025e-03,8.262236498917619951e-04
2.222075307530753472e-03,8.264716333439371459e-04
2.222374737473747485e-03,8.266612969355173176e-04
2.222674167416741498e-03,8.267842261485220052e-04
2.222973597359735945e-03,8.268320064649703786e-04
2.223273027302730392e-03,8.267151286521323521e-04
2.223572457245724839e-03,8.263347612488616562e-04
2.223871887188718852e-03,8.257191179453344208e-04
2.224171317131713298e-03,8.248972193012394944e-04
2.224470747074707745e-03,8.238980858762681107e-04
2.224770177017702192e-03,8.227507382301110696e-04
2.225069606960696205e-03,8.214841969224609061e-04
2.225369036903690652e-03,8.201274825130048423e-04
2.225668466846684665e-03,8.187096155614369307e-04
2.225967896789679112e-03,8.172596166274440684e-04
2.226267326732673125e-03,8.158065062707209585e-04
2.226566756675667572e-03,8.143793050509539558e-04
2.226866186618662018e-03,8.130070335278359204e-04
2.227165616561656465e-03,8.117187122610575439e-04
2.227465046504650478e-03,8.105433618103110357e-04
2.227764476447644925e-03,8.095100027352837265e-04
2.228063906390639372e-03,8.086476555956680426e-04
2.228363336333633819e-03,8.079853409511545672e-04
2.228662766276627832e-03,8.075520793614347510e-04
2.228962196219622278e-03,8.073768913861974423e-04
2.229261626162616292e-03,8.076093960745012526e-04
2.229561056105610738e-03,8.084174497455377632e-04
2.229860486048604751e-03,8.097405794077858383e-04
2.230159915991599198e-03,8.115155490126292614e-04
2.230459345934593645e-03,8.136791225114467204e-04
2.230758775877587658e-03,8.161680638556144092e-04
2.231058205820582105e-03,8.189191369965194726e-04
2.231357635763576552e-03,8.218691058855387551e-04
2.231657065706570998e-03,8.249547344740523541e-04
2.231956495649565012e-03,8.281127867134354878e-04
2.232255925592559458e-03,8.312800265550775777e-04
2.232555355535553905e-03,8.343932179503540589e-04
2.232854785478547918e-03,8.373891248506409087e-04
2.233154215421541931e-03,8.402045112073227781e-04
2.233453645364536378e-03,8.427761409717836674e-04
2.233753075307530825e-03,8.450407780953994455e-04
2.234052505250525272e-03,8.469351865295501013e-04
2.234351935193519285e-03,8.483961302256136719e-04
2.234651365136513732e-03,8.493603731349749168e-04
2.234950795079508178e-03,8.497646792090111142e-04
2.235250225022502625e-03,8.496610800449239586e-04
2.235549654965496638e-03,8.492507567257636097e-04
2.235849084908491085e-03,8.485706952645121837e-04
2.236148514851485098e-03,8.476538574177294510e-04
2.236447944794479545e-03,8.465332049419700862e-04
2.236747374737473558e-03,8.452416995937949437e-04
2.237046804680468005e-03,8.438123031297581561e-04
2.237346234623462451e-03,8.422779773064190600e-04
2.237645664566456898e-03,8.406716838803351488e-04
2.237945094509450911e-03,8.390263846080667351e-04
2.238244524452445358e-03,8.373750412461667585e-04
2.238543954395439805e-03,8.357506155511949895e-04
2.238843384338434252e-03,8.341860692797094636e-04
2.239142814281428265e-03,8.327143641882697343e-04
2.239442244224422712e-03,8.313684620334290667e-04
2.239741674167416725e-03,8.301813245717490743e-04
2.240041104110411171e-03,8.291859135597841064e-04
2.240340534053405185e-03,8.284151907540943669e-04
2.240639963996399631e-03,8.279021179112353978e-04
2.240939393939394078e-03,8.276796567877662105e-04
2.241238823882388525e-03,8.279079524017056912e-04
2.241538253825382538e-03,8.288258902414736857e-04
2.241837683768376985e-03,8.303666475556106125e-04
2.242137113711371432e-03,8.324544688492443089e-04
2.242436543654365878e-03,8.350135986275032630e-04
2.242735973597359891e-03,8.379682813955115174e-04
2.243035403540354338e-03,8.412427616584065588e-04
2.243334833483348351e-03,8.447612839213077679e-04
2.243634263426342798e-03,8.484480926893538241e-04
2.243933693369336811e-03,8.522274324676629154e-04
2.244233123312331258e-03,8.560235477613749137e-04
2.244532553255325705e-03,8.597606830756128861e-04
2.244831983198320152e-03,8.633630829155054288e-04
2.245131413141314165e-03,8.667549917861764762e-04
2.245430843084308611e-03,8.698606541927645991e-04
2.245730273027303058e-03,8.726043146403934065e-04
2.246029702970297505e-03,8.749102176341911697e-04
2.246329132913291518e-03,8.767026076792847501e-04
2.246628562856285965e-03,8.779057292808078398e-04
2.246927992799279978e-03,8.784438269438858910e-04
2.247227422742274425e-03,8.784053386203712890e-04
2.247526852685268438e-03,8.781480288950041556e-04
2.247826282628262885e-03,8.776988142228160129e-04
2.248125712571257331e-03,8.770689897161502340e-04
2.248425142514251778e-03,8.762698504873496497e-04
2.248724572457245791e-03,8.753126916487585004e-04
2.249024002400240238e-03,8.742088083127171234e-04
2.249323432343234685e-03,8.729694955915695423e-04
2.249622862286229132e-03,8.716060485976588048e-04
2.249922292229223145e-03,8.701297624433298019e-04
2.250221722172217158e-03,8.685519322409237380e-04
2.250521152115211605e-03,8.668838531027808422e-04
2.250820582058206051e-03,8.651368201412463306e-04
2.251120012001200064e-03,8.633221284686657445e-04
2.251419441944194511e-03,8.614510731973766024e-04
2.251718871887188958e-03,8.595349494397246624e-04
2.252018301830182971e-03,8.575850523080554661e-04
2.252317731773177418e-03,8.556126769147063150e-04
2.252617161716171865e-03,8.536291183720228588e-04
2.252916591659166311e-03,8.516456717923482538e-04
2.253216021602160325e-03,8.494983678719408805e-04
2.253515451545154771e-03,8.467589679676955534e-04
2.253814881488148784e-03,8.434776820506254252e-04
2.254114311431143231e-03,8.397317010115180674e-04
2.254413741374137244e-03,8.355982157411807843e-04
2.254713171317131691e-03,8.311544171303985457e-04
2.255012601260126138e-03,8.264774960699737766e-04
2.255312031203120585e-03,8.216446434507033731e-04
2.255611461146114598e-03,8.167330501633914951e-04
2.255910891089109045e-03,8.118199070988206187e-04
2.256210321032103491e-03,8.069824051477946869e-04
2.256509750975097938e-03,8.022977352011103789e-04
2.256809180918091951e-03,7.978430881495710957e-04
2.257108610861086398e-03,7.936956548839605059e-04
2.257408040804080411e-03,7.899326262950873232e-04
2.257707470747074858e-03,7.866311932737373846e-04
2.258006900690068871e-03,7.838685467107170185e-04
2.258306330633063318e-03,7.817218774968148808e-04
2.258605760576057764e-03,7.802683765228322042e-04
2.258905190519052211e-03,7.795852346795661015e-04
2.259204620462046224e-03,7.798117302832066741e-04
2.259504050405040671e-03,7.811233505651481949e-04
2.259803480348035118e-03,7.834186751875591012e-04
2.260102910291029565e-03,7.865796927389969492e-04
2.260402340234023578e-03,7.904883918080132235e-04
2.260701770177017591e-03,7.950267609831702508e-04
2.261001200120012038e-03,8.000767888530335020e-04
2.261300630063006484e-03,8.055204640061547870e-04
2.261600060006000498e-03,8.112397750310833136e-04
2.261899489948994944e-03,8.171167105163932264e-04
2.262198919891989391e-03,8.230332590506342751e-04
2.262498349834983838e-03,8.288714092223641245e-04
2.262797779777977851e-03,8.345131496201321991e-04
2.263097209720972298e-03,8.398404688325128604e-04
2.263396639663966745e-03,8.447353554480554246e-04
2.263696069606960758e-03,8.490797980553115932e-04
2.263995499549955204e-03,8.527557852428518242e-04
2.264294929492949218e-03,8.556453055992234826e-04
2.264594359435943664e-03,8.576303477129926895e-04
2.264893789378938111e-03,8.585929001727122308e-04
2.265193219321932124e-03,8.586329554034897353e-04
2.265492649264926571e-03,8.584526437855916764e-04
2.265792079207921018e-03,8.581233613966856048e-04
2.266091509150915465e-03,8.576532786124654514e-04
2.266390939093909478e-03,8.570505658086256893e-04
2.266690369036903924e-03,8.563233933608580808e-04
2.266989798979898371e-03,8.554799316448570990e-04
2.267289228922892384e-03,8.545283510363178674e-04
2.267588658865886831e-03,8.534768219109310642e-04
2.267888088808880844e-03,8.523335146443936560e-04
2.268187518751875291e-03,8.511065996123955623e-04
2.268486948694869738e-03,8.498042471906322318e-04
2.268786378637863751e-03,8.484346277547991132e-04
2.269085808580858198e-03,8.470059116805860175e-04
2.269385238523852644e-03,8.455262693436885017e-04
2.269684668466847091e-03,8.440038711198000632e-04
2.269984098409841104e-03,8.424468873846165844e-04
2.270283528352835551e-03,8.408634885138273340e-04
2.270582958295829998e-03,8.392618448831280862e-04
2.270882388238824011e-03,8.376501268682147233e-04
2.271181818181818024e-03,8.359219432271661806e-04
2.271481248124812471e-03,8.336536815899457881e-04
2.271780678067806918e-03,8.308669917822438791e-04
2.272080108010801364e-03,8.276330809885671259e-04
2.272379537953795377e-03,8.240231563934279470e-04
2.272678967896789824e-03,8.201084251813226065e-04
2.272978397839784271e-03,8.159600945367630892e-04
2.273277827782778718e-03,8.116493716442561759e-04
2.273577257725772731e-03,8.072474636883152609e-04
2.273876687668767178e-03,8.028255778534343313e-04
2.274176117611761191e-03,7.984549213241328531e-04
2.274475547554755638e-03,7.942067012849050303e-04
2.274774977497749651e-03,7.901521249202697866e-04
2.275074407440744097e-03,7.863623994147220849e-04
2.275373837383738544e-03,7.829087319527748860e-04
2.275673267326732557e-03,7.798623297189391989e-04
2.275972697269727004e-03,7.772943998977130224e-04
2.276272127212721451e-03,7.752761496736079077e-04
2.276571557155715898e-03,7.738787862311308522e-04
2.276870987098709911e-03,7.731735167547890706e-04
2.277170417041704358e-03,7.731803393938135567e-04
2.277469846984698804e-03,7.736851015385824227e-04
2.277769276927692817e-03,7.746122206434414952e-04
2.278068706870687264e-03,7.759117130434853727e-04
2.278368136813681277e-03,7.775335950738019317e-04
2.278667566756675724e-03,7.794278830694878306e-04
2.278966996699670171e-03,7.815445933656323552e-04
2.279266426642664184e-03,7.838337422973240326e-04
2.279565856585658631e-03,7.862453461996608221e-04
2.279865286528653077e-03,7.887294214077315759e-04
2.280164716471647524e-03,7.912359842566278568e-04
2.280464146414641537e-03,7.937150510814375412e-04
2.280763576357635984e-03,7.961166382172598895e-04
2.281063006300630431e-03,7.983907619991826698e-04
2.281362436243624444e-03,8.004874387622948426e-04
2.281661866186618457e-03,8.023566848416914402e-04
2.281961296129612904e-03,8.039485165724666272e-04
2.282260726072607351e-03,8.052129502897092559e-04
2.282560156015601797e-03,8.061000023285108890e-04
2.282859585958595811e-03,8.065596890239627639e-04
2.283159015901590257e-03,8.065771703130735935e-04
2.283458445844584704e-03,8.063190039598742065e-04
2.283757875787579151e-03,8.058362500352241747e-04
2.284057305730573164e-03,8.051553680357964983e-04
2.284356735673567611e-03,8.043028174582610330e-04
2.284656165616561624e-03,8.033050577992922967e-04
2.284955595559556071e-03,8.021885485555591694e-04
2.285255025502550084e-03,8.009797492237367110e-04
2.285554455445544531e-03,7.997051193004933679e-04
2.285853885388538977e-03,7.983911182825026822e-04
2.286153315331533424e-03,7.970642056664365696e-04
2.286452745274527437e-03,7.957508409489691143e-04
2.286752175217521884e-03,7.944774836267678953e-04
2.287051605160516331e-03,7.932705931965071053e-04
2.287351035103510778e-03,7.921566291548585515e-04
2.287650465046504791e-03,7.911620509984955592e-04
2.287949894989499237e-03,7.903133182240871168e-04
2.288249324932493250e-03,7.896368903283075254e-04
2.288548754875487697e-03,7.891592268078267492e-04
2.288848184818481710e-03,7.889067871593178965e-04
2.289147614761476157e-03,7.888978721799428436e-04
2.289447044704470604e-03,7.890941368870008164e-04
2.289746474647465051e-03,7.894761743516220086e-04
2.290045904590459064e-03,7.900315404866858557e-04
2.290345334533453511e-03,7.907477912050742868e-04
2.290644764476447957e-03,7.916124824196671709e-04
2.290944194419442404e-03,7.926131700433449194e-04
2.291243624362436417e-03,7.937374099889862086e-04
2.291543054305430864e-03,7.949727581694747023e-04
2.291842484248424877e-03,7.963067704976872340e-04
2.292141914191419324e-03,7.977270028865083348e-04
2.292441344134413337e-03,7.992210112488139706e-04
2.292740774077407784e-03,8.007763514974892147e-04
2.293040204020402231e-03,8.023805795454120931e-04
2.293339633963396677e-03,8.040212513054632339e-04
2.293639063906390690e-03,8.056859226905206629e-04
2.293938493849385137e-03,8.073621496134693451e-04
2.294237923792379584e-03,8.090374879871876316e-04
2.294537353735374031e-03,8.106994937245558253e-04
2.294836783678368044e-03,8.123357227384519520e-04
2.295136213621362057e-03,8.139770351135707047e-04
2.295435643564356504e-03,8.159122755376526075e-04
2.295735073507350951e-03,8.181595315958430266e-04
2.296034503450344964e-03,8.206730672313244110e-04
2.296333933393339410e-03,8.234071463872900520e-04
2.296633363336333857e-03,8.263160330069227238e-04
2.296932793279328304e-03,8.293539910334085620e-04
2.297232223222322317e-03,8.324752844099292566e-04
2.297531653165316764e-03,8.356341770796798336e-04
2.297831083108311211e-03,8.387849329858422000e-04
2.298130513051305224e-03,8.418818160715979375e-04
2.298429942994299671e-03,8.448790902801421804e-04
2.298729372937293684e-03,8.477310195546526074e-04
2.299028802880288130e-03,8.503918678383237022e-04
2.299328232823282143e-03,8.528158990743339024e-04
2.299627662766276590e-03,8.549573772058768244e-04
2.299927092709271037e-03,8.567705661761343752e-04
2.300226522652265484e-03,8.582097299282930155e-04
2.300525952595259497e-03,8.592291324055376881e-04
2.300825382538253944e-03,8.597830375510575641e-04
2.301124812481248390e-03,8.597577978005014991e-04
2.301424242424242837e-03,8.585870019088274368e-04
2.301723672367236850e-03,8.562617334535754148e-04
2.302023102310231297e-03,8.529161990297830015e-04
2.302322532253225310e-03,8.486846052325037028e-04
2.302621962196219757e-03,8.437011586567693408e-04
2.302921392139213770e-03,8.381000658976384089e-04
2.303220822082208217e-03,8.320155335501389342e-04
2.303520252025202664e-03,8.255817682093226882e-04
2.303819681968197110e-03,8.189329764702341780e-04
2.304119111911191124e-03,8.122033649279274516e-04
2.304418541854185570e-03,8.055271401774271754e-04
2.304717971797180017e-03,7.990385088137875059e-04
2.305017401740174464e-03,7.928716774320526250e-04
2.305316831683168477e-03,7.871608526272748461e-04
2.305616261626162924e-03,7.820402409944816544e-04
2.305915691569156937e-03,7.776440491287320853e-04
2.306215121512151384e-03,7.741064836250573103e-04
2.306514551455145397e-03,7.715617510785114860e-04
2.306813981398139844e-03,7.701440580841316386e-04
2.307113411341134290e-03,7.699299485305000556e-04
2.307412841284128737e-03,7.704068554972339899e-04
2.307712271227122750e-03,7.713894629584848450e-04
2.308011701170117197e-03,7.728362832275900880e-04
2.308311131113111644e-03,7.747058286178834996e-04
2.308610561056106091e-03,7.769566114426995108e-04
2.308909990999100104e-03,7.795471440153687584e-04
2.309209420942094117e-03,7.824359386492289259e-04
2.309508850885088563e-03,7.855815076576197573e-04
2.309808280828083010e-03,7.889423633538716722e-04
2.310107710771077023e-03,7.924770180513140061e-04
2.310407140714071470e-03,7.961439840632917068e-04
2.310706570657065917e-03,7.999017737031343268e-04
2.311006000600060364e-03,8.037088992841767308e-04
2.311305430543054377e-03,8.075238731197477123e-04
2.311604860486048824e-03,8.113052075231929781e-04
2.311904290429043270e-03,8.150114148078415385e-04
2.312203720372037283e-03,8.186010072870230541e-04
2.312503150315031730e-03,8.220324972740826897e-04
2.312802580258025743e-03,8.252643970823447936e-04
2.313102010201020190e-03,8.282894557188937848e-04
2.313401440144014637e-03,8.314920774204053464e-04
2.313700870087008650e-03,8.349540310263920155e-04
2.314000300030003097e-03,8.386284681345909956e-04
2.314299729972997544e-03,8.424685403427245286e-04
2.314599159915991990e-03,8.464273992485197348e-04
2.314898589858986003e-03,8.504581964496976633e-04
2.315198019801980450e-03,8.545140835439971440e-04
2.315497449744974897e-03,8.585482121291396597e-04
2.315796879687968910e-03,8.625137338028464763e-04
2.316096309630963357e-03,8.663638001628562067e-04
2.316395739573957370e-03,8.700515628068849127e-04
2.316695169516951817e-03,8.735301733326706654e-04
2.316994599459946264e-03,8.767527833379348389e-04
2.317294029402940277e-03,8.796725444204003255e-04
2.317593459345934723e-03,8.822426081778030277e-04
2.317892889288929170e-03,8.844161262078656209e-04
2.318192319231923617e-03,8.861462501083149004e-04
2.318491749174917630e-03,8.873861314768767940e-04
2.318791179117912077e-03,8.880889219112816750e-04
2.319090609060906524e-03,8.881720377960856038e-04
2.319390039003900537e-03,8.870865642392215724e-04
2.319689468946894550e-03,8.847677394052957337e-04
2.319988898889888997e-03,8.813557658772414082e-04
2.320288328832883443e-03,8.769908462380005898e-04
2.320587758775877456e-03,8.718131830705206937e-04
2.320887188718871903e-03,8.659629789577262581e-04
2.321186618661866350e-03,8.595804364825638307e-04
2.321486048604860797e-03,8.528057582279729119e-04
2.321785478547854810e-03,8.457791467769030852e-04
2.322084908490849257e-03,8.386408047122736846e-04
2.322384338433843703e-03,8.315309346170341852e-04
2.322683768376837717e-03,8.245897390741338453e-04
2.322983198319832163e-03,8.179574206664922157e-04
2.323282628262826176e-03,8.117741819770673368e-04
2.323582058205820623e-03,8.061802255887808195e-04
2.323881488148815070e-03,8.013157540845814884e-04
2.324180918091809083e-03,7.973209700474139395e-04
2.324480348034803530e-03,7.943360760602059638e-04
2.324779777977797977e-03,7.925012747059037837e-04
2.325079207920792423e-03,7.919086311872350955e-04
2.325378637863786437e-03,7.917046285904845221e-04
2.325678067806780883e-03,7.915271878736666964e-04
2.325977497749775330e-03,7.913734374816284523e-04
2.326276927692769343e-03,7.912405058592167318e-04
2.326576357635763790e-03,7.911255214512777183e-04
2.326875787578757803e-03,7.910256127026585706e-04
2.327175217521752250e-03,7.909379080582057972e-04
2.327474647464746697e-03,7.908595359627660151e-04
2.327774077407740710e-03,7.907876248611861664e-04
2.328073507350735157e-03,7.907193031983126511e-04
2.328372937293729603e-03,7.906516994189923030e-04
2.328672367236724050e-03,7.905819419680717389e-04
2.328971797179718063e-03,7.905071592903979011e-04
2.329271227122712510e-03,7.904244798308171895e-04
2.329570657065706957e-03,7.903310320341763295e-04
2.329870087008700970e-03,7.902239443453223716e-04
2.330169516951694983e-03,7.901003452091016075e-04
2.330468946894689430e-03,7.899573630703605456e-04
2.330768376837683876e-03,7.897921263739463450e-04
2.331067806780678323e-03,7.895983421397568180e-04
2.331367236723672336e-03,7.892880726112355694e-04
2.331666666666666783e-03,7.888365780395895088e-04
2.331966096609661230e-03,7.882610418914581373e-04
2.332265526552655677e-03,7.875786476334810642e-04
2.332564956495649690e-03,7.868065787322985494e-04
2.332864386438644137e-03,7.859620186545481424e-04
2.333163816381638150e-03,7.850621508668712955e-04
2.333463246324632596e-03,7.841241588359049077e-04
2.333762676267626610e-03,7.831652260282911905e-04
2.334062106210621056e-03,7.822025359106665006e-04
2.334361536153615503e-03,7.812532719496717484e-04
2.334660966096609950e-03,7.803346176119462180e-04
2.334960396039603963e-03,7.794637563641307115e-04
2.335259825982598410e-03,7.786578716728621277e-04
2.335559255925592857e-03,7.779341470047809433e-04
2.335858685868587303e-03,7.773097658265266593e-04
2.336158115811581316e-03,7.768019116047393188e-04
2.336457545754575763e-03,7.764277678060567964e-04
2.336756975697569776e-03,7.762045178971196772e-04
2.337056405640564223e-03,7.761490980279391310e-04
2.337355835583558236e-03,7.762615473874796227e-04
2.337655265526552683e-03,7.765240361781475080e-04
2.337954695469547130e-03,7.769195736644083413e-04
2.338254125412541577e-03,7.774311691107274602e-04
2.338553555355535590e-03,7.780418317815695518e-04
2.338852985298530036e-03,7.787345709414019053e-04
2.339152415241524483e-03,7.794923958546894245e-04
2.339451845184518930e-03,7.802983157858975555e-04
2.339751275127512943e-03,7.811353399994905517e-04
2.340050705070507390e-03,7.819864777599365695e-04
2.340350135013501403e-03,7.828347383316986699e-04
2.340649564956495850e-03,7.836631309792449008e-04
2.340948994899489863e-03,7.844546649670384314e-04
2.341248424842484310e-03,7.851923495595470931e-04
2.341547854785478756e-03,7.858591940212353560e-04
2.341847284728473203e-03,7.864382076165686662e-04
2.342146714671467216e-03,7.869123996100120359e-04
2.342446144614461663e-03,7.872647792660325376e-04
2.342745574557456110e-03,7.874783558490947499e-04
2.343045004500450123e-03,7.875379268831011331e-04
2.343344434443444570e-03,7.875299107821660772e-04
2.343643864386438583e-03,7.875105421453261912e-04
2.343943294329433030e-03,7.874811010348154198e-04
2.344242724272427043e-03,7.874428675128677078e-04
2.344542154215421489e-03,7.873971216417171085e-04
2.344841584158415936e-03,7.873451434835975664e-04
2.345141014101410383e-03,7.872882131007430265e-04
2.345440444044404396e-03,7.872276105553877587e-04
2.345739873987398843e-03,7.871646159097653826e-04
2.346039303930393290e-03,7.871005092261100598e-04
2.346338733873387736e-03,7.870365705666558433e-04
2.346638163816381750e-03,7.869740799936367865e-04
2.346937593759376196e-03,7.869143175692867257e-04
2.347237023702370209e-03,7.868585633558397140e-04
2.347536453645364656e-03,7.868080974155295879e-04
2.347835883588358669e-03,7.867641998105907256e-04
2.348135313531353116e-03,7.867281506032566384e-04
2.348434743474347563e-03,7.867012298557617047e-04
2.348734173417342010e-03,7.866847176303397608e-04
2.349033603360336023e-03,7.866800417301399563e-04
2.349333033303330470e-03,7.867015360268624384e-04
2.349632463246324916e-03,7.867554522373676560e-04
2.349931893189319363e-03,7.868381502367870857e-04
2.350231323132313376e-03,7.869459899002522038e-04
2.350530753075307823e-03,7.870753311028949204e-04
2.350830183018301836e-03,7.872225337198466037e-04
2.351129612961296283e-03,7.873839576262392720e-04
2.351429042904290296e-03,7.875559626972038598e-04
2.351728472847284743e-03,7.877349088078726023e-04
2.352027902790279189e-03,7.879171558333770845e-04
2.352327332733273636e-03,7.880990636488486743e-04
2.352626762676267649e-03,7.882769921294187397e-04
2.352926192619262096e-03,7.884473011502194078e-04
2.353225622562256543e-03,7.886063505863822633e-04
2.353525052505250990e-03,7.887505003130386742e-04
2.353824482448245003e-03,7.888761102053200086e-04
2.354123912391239016e-03,7.889795401383585018e-04
2.354423342334233463e-03,7.890571499872854134e-04
2.354722772277227909e-03,7.891052996272325450e-04
2.355022202220221923e-03,7.891184282590571258e-04
2.355321632163216369e-03,7.887104350885791810e-04
2.355621062106210816e-03,7.876443993551805398e-04
2.355920492049205263e-03,7.859938873720454400e-04
2.356219921992199276e-03,7.838324654523613723e-04
2.356519351935193723e-03,7.812336999093063943e-04
2.356818781878188170e-03,7.782711570560673460e-04
2.357118211821182616e-03,7.750184032058283568e-04
2.357417641764176629e-03,7.715490046717787603e-04
2.357717071707170643e-03,7.679365277670980238e-04
2.358016501650165089e-03,7.642545388049645306e-04
2.358315931593159536e-03,7.605766040985677224e-04
2.358615361536153549e-03,7.569762899610967162e-04
2.358914791479147996e-03,7.535271627057253414e-04
2.359214221422142443e-03,7.503027886456429315e-04
2.359513651365136890e-03,7.473767340940336160e-04
2.359813081308130903e-03,7.448225653640852106e-04
2.360112511251125349e-03,7.427138487689742552e-04
2.360411941194119796e-03,7.411241506218889993e-04
2.360711371137113809e-03,7.401270372360143311e-04
2.361010801080108256e-03,7.397962306809863870e-04
2.361310231023102269e-03,7.403026888923002749e-04
2.361609660966096716e-03,7.416864843005501568e-04
2.361909090909091163e-03,7.438499501436006108e-04
2.362208520852085176e-03,7.466954196593119861e-04
2.362507950795079623e-03,7.501252260855572089e-04
2.362807380738074069e-03,7.540417026601974959e-04
2.363106810681068516e-03,7.583471826210977504e-04
2.363406240624062529e-03,7.629439992061157194e-04
2.363705670567056976e-03,7.677344856531296419e-04
2.364005100510051423e-03,7.726209751999979156e-04
2.364304530453045436e-03,7.775058010845783962e-04
2.364603960396039883e-03,7.822912965447497563e-04
2.364903390339033896e-03,7.868797948183634547e-04
2.365202820282028343e-03,7.911736291432976218e-04
2.365502250225022356e-03,7.950751327574050176e-04
2.365801680168016802e-03,7.984866388985617123e-04
2.366101110111011249e-03,8.013104808046264292e-04
2.366400540054005696e-03,8.034489917134641796e-04
2.366699969996999709e-03,8.048045048629380235e-04
2.366999399939994156e-03,8.052793534909172008e-04
2.367298829882988603e-03,8.048453602327229877e-04
2.367598259825983049e-03,8.035997465550264590e-04
2.367897689768977063e-03,8.016324822919144522e-04
2.368197119711971076e-03,7.990335371228665749e-04
2.368496549654965522e-03,7.958928807273588568e-04
2.368795979597959969e-03,7.923004827848762182e-04
2.369095409540953982e-03,7.883463129749058561e-04
2.369394839483948429e-03,7.841203409769176205e-04
2.369694269426942876e-03,7.797125364703984913e-04
2.369993699369937323e-03,7.752128691348297027e-04
2.370293129312931336e-03,7.707113086496992106e-04
2.370592559255925783e-03,7.662978246944752384e-04
2.370891989198920229e-03,7.620623869486457423e-04
2.371191419141914242e-03,7.580949650916977024e-04
2.371490849084908689e-03,7.544855288031006432e-04
2.371790279027902702e-03,7.513240477623464239e-04
2.372089708970897149e-03,7.487004916489070627e-04
2.372389138913891596e-03,7.467048301422688893e-04
2.372688568856885609e-03,7.454270329219144387e-04
2.372987998799880056e-03,7.449570696673215838e-04
2.373287428742874502e-03,7.457164699145942162e-04
2.373586858685868949e-03,7.480162137544786377e-04
2.373886288628862962e-03,7.516868449585922428e-04
2.374185718571857409e-03,7.565582596366676911e-04
2.374485148514851856e-03,7.624603538984222467e-04
2.374784578457845869e-03,7.692230238535674273e-04
2.375084008400840316e-03,7.766761656118447831e-04
2.375383438343834329e-03,7.846496752829549897e-04
2.375682868286828776e-03,7.929734489766433921e-04
2.375982298229823222e-03,8.014773828026200983e-04
2.376281728172817236e-03,8.099913728705950000e-04
2.376581158115811682e-03,8.183453152903146345e-04
2.376880588058806129e-03,8.263691061714884597e-04
2.377180018001800576e-03,8.338926416238380762e-04
2.377479447944794589e-03,8.407458177570760862e-04
2.377778877887789036e-03,8.467585306809443648e-04
2.378078307830783483e-03,8.517606765051539963e-04
2.378377737773777496e-03,8.555821513394224614e-04
2.378677167716771509e-03,8.580528512934799262e-04
2.378976597659765956e-03,8.590026724770497262e-04
2.379276027602760402e-03,8.586656775564602577e-04
2.379575457545754849e-03,8.575685163469064882e-04
2.379874887488748862e-03,8.557916610855947469e-04
2.380174317431743309e-03,8.534129312267145625e-04
2.380473747374737756e-03,8.505101462244629446e-04
2.380773177317732203e-03,8.471611255330345177e-04
2.381072607260726216e-03,8.434436886066296523e-04
2.381372037203720662e-03,8.394356548994322395e-04
2.381671467146714676e-03,8.352148438656486129e-04
2.381970897089709122e-03,8.308590749594609286e-04
2.382270327032703135e-03,8.264461676350764964e-04
2.382569756975697582e-03,8.220539413466772553e-04
2.382869186918692029e-03,8.177602155484642267e-04
2.383168616861686476e-03,8.136428096946321433e-04
2.383468046804680489e-03,8.097795432393813759e-04
2.383767476747674936e-03,8.062482356368950564e-04
2.384066906690669382e-03,8.031267063413739891e-04
2.384366336633663829e-03,8.004927748070129068e-04
2.384665766576657842e-03,7.984242604880091446e-04
2.384965196519652289e-03,7.969989828385512553e-04
2.385264626462646302e-03,7.960381910069917960e-04
2.385564056405640749e-03,7.951725161214202560e-04
2.385863486348634762e-03,7.943889575273442366e-04
2.386162916291629209e-03,7.936787576063239480e-04
2.386462346234623656e-03,7.930331587399232869e-04
2.386761776177618102e-03,7.924434033097045235e-04
2.387061206120612115e-03,7.919007336972307956e-04
2.387360636063606562e-03,7.913963922840632891e-04
2.387660066006601009e-03,7.909216214517652502e-04
2.387959495949595022e-03,7.904676635818998166e-04
2.388258925892589469e-03,7.900257610560281743e-04
2.388558355835583916e-03,7.895871562557134609e-04
2.388857785778577929e-03,7.891430915625188142e-04
2.389157215721571942e-03,7.886848093580061791e-04
2.389456645664566389e-03,7.882035520237372838e-04
2.389756075607560835e-03,7.876905619412753745e-04
2.390055505550555282e-03,7.871370814921830467e-04
2.390354935493549295e-03,7.865343530580233295e-04
2.390654365436543742e-03,7.858736190203574092e-04
2.390953795379538189e-03,7.851461217607482064e-04
2.391253225322532636e-03,7.843084814526004971e-04
2.391552655265526649e-03,7.833083970529510940e-04
2.391852085208521096e-03,7.821666600006665785e-04
2.392151515151515109e-03,7.809053367474876745e-04
2.392450945094509555e-03,7.795464937451477335e-04
2.392750375037503568e-03,7.781121974453881302e-04
2.393049804980498015e-03,7.766245142999417825e-04
2.393349234923492462e-03,7.751055107605482218e-04
2.393648664866486909e-03,7.735772532789445943e-04
2.393948094809480922e-03,7.720618083068704314e-04
2.394247524752475369e-03,7.705812422960586511e-04
2.394546954695469815e-03,7.691576216982484596e-04
2.394846384638464262e-03,7.678130129651775451e-04
2.395145814581458275e-03,7.665694825485846802e-04
2.395445244524452722e-03,7.654490969002034333e-04
2.395744674467446735e-03,7.644739224717743116e-04
2.396044104410441182e-03,7.636660257150320761e-04
2.396343534353435195e-03,7.630474730817158246e-04
2.396642964296429642e-03,7.626403310235612939e-04
2.396942394239424089e-03,7.624666659923068227e-04
2.397241824182418535e-03,7.625531449233502457e-04
2.397541254125412549e-03,7.629080353834983988e-04
2.397840684068406995e-03,7.635116106139674041e-04
2.398140114011401442e-03,7.643436217704098002e-04
2.398439543954395889e-03,7.653838200084779088e-04
2.398738973897389902e-03,7.666119564838227507e-04
2.399038403840384349e-03,7.680077823521005509e-04
2.399337833783378362e-03,7.695510487689598365e-04
2.399637263726372809e-03,7.712215068900579165e-04
2.399936693669366822e-03,7.729989078710425591e-04
2.400236123612361269e-03,7.748630028675715072e-04
2.400535553555355715e-03,7.767935430352951309e-04
2.400834983498350162e-03,7.787702795298659690e-04
2.401134413441344175e-03,7.807729635069337410e-04
2.401433843384338622e-03,7.827813461221569489e-04
2.401733273327333069e-03,7.847751785311853122e-04
2.402032703270327516e-03,7.867342118896715865e-04
2.402332133213321529e-03,7.886381973532655999e-04
2.402631563156315542e-03,7.904668860776231437e-04
2.402930993099309988e-03,7.922000292183991417e-04
2.403230423042304435e-03,7.939150289508100289e-04
2.403529852985298448e-03,7.958104679857866100e-04
2.403829282928292895e-03,7.978662040851299203e-04
2.404128712871287342e-03,8.000532596409676940e-04
2.404428142814281789e-03,8.023426570454307008e-04
2.404727572757275802e-03,8.047054186906451570e-04
2.405027002700270249e-03,8.071125669687483377e-04
2.405326432643264695e-03,8.095351242718674348e-04
2.405625862586258708e-03,8.119441129921288816e-04
2.405925292529253155e-03,8.143105555216701699e-04
2.406224722472247168e-03,8.166054742526146970e-04
2.406524152415241615e-03,8.187998915770994127e-04
2.406823582358236062e-03,8.208648298872511838e-04
2.407123012301230075e-03,8.227713115751978529e-04
2.407422442244224522e-03,8.244903590330749602e-04
2.407721872187218969e-03,8.259929946530100231e-04
2.408021302130213415e-03,8.272502408271332694e-04
2.408320732073207428e-03,8.282331199475737342e-04
2.408620162016201875e-03,8.289126544064646810e-04
2.408919591959196322e-03,8.292598665959346029e-04
2.409219021902190335e-03,8.293436130595527398e-04
2.409518451845184782e-03,8.294046162108519330e-04
2.409817881788178795e-03,8.294567658992062610e-04
2.410117311731173242e-03,8.295011270066337920e-04
2.410416741674167689e-03,8.295387644151515100e-04
2.410716171617161702e-03,8.295707430067772664e-04
2.411015601560156148e-03,8.295981276635284790e-04
2.411315031503150595e-03,8.296219832674229990e-04
2.411614461446144608e-03,8.296433747004779190e-04
2.411913891389139055e-03,8.296633668447110904e-04
2.412213321332133502e-03,8.296830245821399307e-04
2.412512751275127949e-03,8.297034127947822916e-04
2.412812181218121962e-03,8.297255963646552653e-04
2.413111611161115975e-03,8.297506401737767033e-04
2.413411041104110422e-03,8.297796091041640234e-04
2.413710471047104868e-03,8.298135680378348599e-04
2.414009900990098881e-03,8.298535818568067391e-04
2.414309330933093328e-03,8.299007154430970788e-04
2.414608760876087775e-03,8.299560336787237301e-04
2.414908190819082222e-03,8.300206014457040026e-04
2.415207620762076235e-03,8.301822680745317038e-04
2.415507050705070682e-03,8.306805102819713902e-04
2.415806480648065128e-03,8.314945488777663761e-04
2.416105910591059575e-03,8.325860171962862384e-04
2.416405340534053588e-03,8.339165485718981691e-04
2.416704770477047601e-03,8.354477763389730463e-04
2.417004200420042048e-03,8.371413338318830491e-04
2.417303630363036495e-03,8.389588543849953693e-04
2.417603060306030508e-03,8.408619713326766568e-04
2.417902490249024955e-03,8.428123180093016927e-04
2.418201920192019402e-03,8.447715277492372351e-04
2.418501350135013848e-03,8.467012338868527528e-04
2.418800780078007862e-03,8.485630697565146787e-04
2.419100210021002308e-03,8.503186686925982276e-04
2.419399639963996755e-03,8.519296640294695072e-04
2.419699069906990768e-03,8.533576891014963599e-04
2.419998499849985215e-03,8.545643772430521574e-04
2.420297929792979228e-03,8.555113617885028989e-04
2.420597359735973675e-03,8.561602760722207637e-04
2.420896789678968122e-03,8.564727534285735940e-04
2.421196219621962135e-03,8.562750736394891295e-04
2.421495649564956582e-03,8.551366539826508496e-04
2.421795079507951028e-03,8.531219802830570728e-04
2.422094509450945475e-03,8.503358209047512080e-04
2.422393939393939488e-03,8.468829442117820853e-04
2.422693369336933935e-03,8.428681185681830305e-04
2.422992799279928382e-03,8.383961123380018979e-04
2.423292229222922395e-03,8.335716938852894692e-04
2.423591659165916842e-03,8.284996315740750586e-04
2.423891089108910855e-03,8.232846937684163867e-04
2.424190519051905301e-03,8.180316488323417920e-04
2.424489948994899748e-03,8.128452651299018393e-04
2.424789378937893761e-03,8.078303110251475270e-04
2.425088808880888208e-03,8.030915548821071937e-04
2.425388238823882655e-03,7.987337650648319463e-04
2.425687668766877102e-03,7.948617099373651938e-04
2.425987098709871115e-03,7.915801578637545735e-04
2.426286528652865562e-03,7.889938772080338451e-04
2.426585958595860008e-03,7.872076363342518385e-04
2.426885388538854021e-03,7.863262036064522882e-04
2.427184818481848035e-03,7.863251856466468631e-04
2.427484248424842481e-03,7.867469957746349007e-04
2.427783678367836928e-03,7.875054338643150019e-04
2.428083108310831375e-03,7.885604337611527544e-04
2.428382538253825388e-03,7.898719293106121198e-04
2.428681968196819835e-03,7.913998543581626972e-04
2.428981398139814282e-03,7.931041427492688820e-04
2.429280828082808728e-03,7.949447283293962618e-04
2.429580258025802741e-03,7.968815449440080391e-04
2.429879687968797188e-03,7.988745264385755480e-04
2.430179117911791201e-03,8.008836066585592805e-04
2.430478547854785648e-03,8.028687194494308959e-04
2.430777977797779661e-03,8.047897986566504526e-04
2.431077407740774108e-03,8.066067781256896097e-04
2.431376837683768555e-03,8.082795917020112447e-04
2.431676267626763002e-03,8.097681732310814872e-04
2.431975697569757015e-03,8.110324565583644073e-04
2.432275127512751461e-03,8.120323755293294959e-04
2.432574557455745908e-03,8.127278639894407143e-04
2.432873987398740355e-03,8.130788557841639756e-04
2.433173417341734368e-03,8.130377819896212385e-04
2.433472847284728815e-03,8.125671562582339330e-04
2.433772277227722828e-03,8.117066641933831650e-04
2.434071707170717275e-03,8.105024991466986371e-04
2.434371137113711288e-03,8.090008544698157984e-04
2.434670567056705735e-03,8.072479235143625084e-04
2.434969996999700181e-03,8.052898996319730234e-04
2.435269426942694194e-03,8.031729761742826840e-04
2.435568856885688641e-03,8.009433464929176152e-04
2.435868286828683088e-03,7.986472039395128321e-04
2.436167716771677535e-03,7.963307418657008564e-04
2.436467146714671548e-03,7.940401536231169203e-04
2.436766576657665995e-03,7.918216325633867150e-04
2.437066006600660441e-03,7.897213720381457977e-04
2.437365436543654455e-03,7.877855653990290755e-04
2.437664866486648468e-03,7.860604059976653837e-04
2.437964296429642914e-03,7.845920871856848586e-04
2.438263726372637361e-03,7.834268023147224072e-04
2.438563156315631808e-03,7.826107447364102259e-04
2.438862586258625821e-03,7.821901078023810530e-04
2.439162016201620268e-03,7.822542504809385303e-04
2.439461446144614715e-03,7.830209241217675475e-04
2.439760876087609161e-03,7.844476762523219012e-04
2.440060306030603175e-03,7.864566486604785680e-04
2.440359735973597621e-03,7.889699831341236320e-04
2.440659165916591634e-03,7.919098214611300585e-04
2.440958595859586081e-03,7.951983054293865335e-04
2.441258025802580094e-03,7.987575768267640708e-04
2.441557455745574541e-03,8.025097774411529827e-04
2.441856885688568988e-03,8.063770490604286198e-04
2.442156315631563435e-03,8.102815334724707778e-04
2.442455745574557448e-03,8.141453724651543733e-04
2.442755175517551895e-03,8.178907078263705863e-04
2.443054605460546341e-03,8.214396813439940083e-04
2.443354035403540788e-03,8.247144348059046517e-04
2.443653465346534801e-03,8.276371099999788429e-04
2.443952895289529248e-03,8.301298487141049428e-04
2.444252325232523261e-03,8.321147927361564585e-04
2.444551755175517708e-03,8.335140838540191490e-04
2.444851185118511721e-03,8.342498638555692321e-04
2.445150615061506168e-03,8.343433426160471638e-04
2.445450045004500614e-03,8.343333400907314377e-04
2.445749474947495061e-03,8.343134823204499022e-04
2.446048904890489074e-03,8.342838915005055872e-04
2.446348334833483521e-03,8.342446898262015223e-04
2.446647764776477968e-03,8.341959994928409543e-04
2.446947194719472415e-03,8.341379426957269130e-04
2.447246624662466428e-03,8.340706416301626449e-04
2.447546054605460875e-03,8.339942184914510715e-04
2.447845484548454888e-03,8.339087954748952225e-04
2.448144914491449334e-03,8.338144947757982362e-04
2.448444344434443348e-03,8.337114385894633592e-04
2.448743774377437794e-03,8.335997491111935128e-04
2.449043204320432241e-03,8.334795485362918354e-04
2.449342634263426688e-03,8.333509590600614650e-04
2.449642064206420701e-03,8.332141028778055399e-04
2.449941494149415148e-03,8.330691021848268731e-04
2.450240924092409595e-03,8.329160791764288196e-04
2.450540354035404041e-03,8.327551560479144093e-04
2.450839783978398054e-03,8.325864549945869971e-04
2.451139213921392068e-03,8.323510914987520973e-04
2.451438643864386514e-03,8.316607399856343081e-04
2.451738073807380961e-03,8.304915416237059964e-04
2.452037503750374974e-03,8.289005054503026338e-04
2.452336933693369421e-03,8.269446405027517776e-04
2.452636363636363868e-03,8.246809558183880321e-04
2.452935793579358315e-03,8.221664604345440500e-04
2.453235223522352328e-03,8.194581633885563874e-04
2.453534653465346774e-03,8.166130737177495656e-04
2.453834083408341221e-03,8.136882004594601404e-04
2.454133513351335234e-03,8.107405526510246679e-04
2.454432943294329681e-03,8.078271393297673441e-04
2.454732373237323694e-03,8.050049695330285197e-04
2.455031803180318141e-03,8.023310522981331495e-04
2.455331233123312588e-03,7.998623966624175729e-04
2.455630663066306601e-03,7.976560116632172613e-04
2.455930093009301048e-03,7.957689063378583626e-04
2.456229522952295494e-03,7.942580897236769990e-04
2.456528952895289507e-03,7.931805708580067990e-04
2.456828382838283954e-03,7.925933587781768376e-04
2.457127812781278401e-03,7.925430681819154539e-04
2.457427242724272848e-03,7.929672975921810401e-04
2.457726672667266861e-03,7.938083495531672411e-04
2.458026102610261308e-03,7.950217081836279814e-04
2.458325532553255321e-03,7.965628576023117647e-04
2.458624962496249768e-03,7.983872819279744671e-04
2.458924392439243781e-03,8.004504652793628574e-04
2.459223822382238227e-03,8.027078917752342212e-04
2.459523252325232674e-03,8.051150455343377126e-04
2.459822682268227121e-03,8.076274106754246541e-04
2.460122112211221134e-03,8.102004713172431156e-04
2.460421542154215581e-03,8.127897115785520090e-04
2.460720972097210028e-03,8.153506155780995126e-04
2.461020402040204474e-03,8.178386674346369489e-04
2.461319831983198488e-03,8.202093512669129298e-04
2.461619261926192501e-03,8.224181511936825726e-04
2.461918691869186947e-03,8.244205513337007777e-04
2.462218121812181394e-03,8.261720358057155064e-04
2.462517551755175407e-03,8.276280887284766718e-04
2.462816981698169854e-03,8.287441942207401501e-04
2.463116411641164301e-03,8.295065638198993339e-04
2.463415841584158748e-03,8.301841388446041950e-04
2.463715271527152761e-03,8.308478701424263290e-04
2.464014701470147208e-03,8.314953834901600040e-04
2.464314131413141654e-03,8.321243046645966689e-04
2.464613561356135667e-03,8.327322594425276645e-04
2.464912991299130114e-03,8.333168736007468252e-04
2.465212421242124127e-03,8.338757729160451663e-04
2.465511851185118574e-03,8.344065831652163054e-04
2.465811281128113021e-03,8.349069301250516915e-04
2.466110711071107034e-03,8.353744395723430990e-04
2.466410141014101481e-03,8.358067372838839286e-04
2.466709570957095927e-03,8.362014490364660631e-04
2.467009000900090374e-03,8.365562006068816021e-04
2.467308430843084387e-03,8.368686177719224283e-04
2.467607860786078834e-03,8.371363263083816172e-04
2.467907290729073281e-03,8.373569519930512683e-04
2.468206720672067294e-03,8.375281206027232646e-04
2.468506150615061741e-03,8.376474579141902476e-04
2.468805580558055754e-03,8.377125897042444255e-04
2.469105010501050201e-03,8.376948398779299459e-04
2.469404440444044647e-03,8.372962396273818083e-04
2.469703870387038661e-03,8.364721060936910124e-04
2.470003300330033107e-03,8.352715298116577137e-04
2.470302730273027554e-03,8.337436013160854286e-04
2.470602160216022001e-03,8.319374111417770232e-04
2.470901590159016014e-03,8.299020498235381823e-04
2.471201020102010461e-03,8.276866078961655918e-04
2.471500450045004908e-03,8.253401758944649367e-04
2.471799879987998921e-03,8.229118443532423355e-04
2.472099309930992934e-03,8.204507038072969679e-04
2.472398739873987381e-03,8.180058447914279052e-04
2.472698169816981827e-03,8.156263578404413742e-04
2.472997599759976274e-03,8.133613334891401326e-04
2.473297029702970287e-03,8.112598622723295400e-04
2.473596459645964734e-03,8.093710347248064992e-04
2.473895889588959181e-03,8.077439413813768034e-04
2.474195319531953628e-03,8.064276727768429935e-04
2.474494749474947641e-03,8.054713194460090195e-04
2.474794179417942087e-03,8.049239719236746032e-04
2.475093609360936534e-03,8.048548614275749177e-04
2.475393039303930547e-03,8.055672936463803037e-04
2.475692469246924560e-03,8.070780305485295535e-04
2.475991899189919007e-03,8.092953805614658269e-04
2.476291329132913454e-03,8.121276521126271882e-04
2.476590759075907901e-03,8.154831536294526772e-04
2.476890189018901914e-03,8.192701935393758043e-04
2.477189618961896361e-03,8.233970802698472105e-04
2.477489048904890807e-03,8.277721222483007315e-04
2.477788478847885254e-03,8.323036279021759493e-04
2.478087908790879267e-03,8.368999056589053985e-04
2.478387338733873714e-03,8.414692639459416717e-04
2.478686768676867727e-03,8.459200111907113403e-04
2.478986198619862174e-03,8.501604558206666716e-04
2.479285628562856187e-03,8.540989062632348876e-04
2.479585058505850634e-03,8.576436709458669545e-04
2.479884488448845081e-03,8.607030582959961660e-04
2.480183918391839094e-03,8.631853767410587429e-04
2.480483348334833540e-03,8.649989347085013146e-04
2.480782778277827987e-03,8.660520406257591263e-04
2.481082208220822434e-03,8.662678038222275216e-04
2.481381638163816447e-03,8.658670001631058391e-04
2.481681068106810894e-03,8.649889544739533444e-04
2.481980498049805341e-03,8.636819283300924176e-04
2.482279927992799354e-03,8.619941833068482575e-04
2.482579357935793367e-03,8.599739809795410757e-04
2.482878787878787814e-03,8.576695829234894574e-04
2.483178217821782260e-03,8.551292507140184932e-04
2.483477647764776707e-03,8.524012459264502378e-04
2.483777077707770720e-03,8.495338301361114080e-04
2.484076507650765167e-03,8.465752649183158184e-04
2.484375937593759614e-03,8.435738118483897523e-04
2.484675367536754061e-03,8.405777325016553728e-04
2.484974797479748074e-03,8.376352884534395051e-04
2.485274227422742521e-03,8.347947412790556387e-04
2.485573657365736967e-03,8.321043525538302735e-04
2.485873087308730980e-03,8.296123838530891506e-04
2.486172517251724993e-03,8.273670967521503132e-04
2.486471947194719440e-03,8.254167528263332138e-04
2.486771377137713887e-03,8.238096136509637018e-04
2.487070807080708334e-03,8.225842784355776646e-04
2.487370237023702347e-03,8.215395850829830754e-04
2.487669666966696794e-03,8.205726188382935328e-04
2.487969096909691240e-03,8.196757686934417596e-04
2.488268526852685687e-03,8.188414236403587440e-04
2.488567956795679700e-03,8.180619726709769919e-04
2.488867386738674147e-03,8.173298047772249979e-04
2.489166816681668160e-03,8.166373089510361354e-04
2.489466246624662607e-03,8.159768741843393325e-04
2.489765676567656620e-03,8.153408894690677457e-04
2.490065106510651067e-03,8.147217437971506285e-04
2.490364536453645514e-03,8.141118261605198364e-04
2.490663966396639960e-03,8.135035255511066828e-04
2.490963396339633974e-03,8.128892309608429147e-04
2.491262826282628420e-03,8.122613313816580026e-04
2.491562256225622867e-03,8.116122158054838017e-04
2.491861686168617314e-03,8.109342732242514088e-04
2.492161116111611327e-03,8.102198926298930046e-04
2.492460546054605774e-03,8.094614630143375173e-04
2.492759975997599787e-03,8.086513733695184286e-04
2.493059405940594234e-03,8.077803129464001522e-04
2.493358835883588247e-03,8.067903016909171946e-04
2.493658265826582694e-03,8.056704120534792036e-04
2.493957695769577140e-03,8.044403948276076903e-04
2.494257125712571587e-03,8.031200008068222146e-04
2.494556555655565600e-03,8.017289807846451552e-04
2.494855985598560047e-03,8.002870855545921687e-04
2.495155415541554494e-03,7.988140659101855253e-04
2.495454845484548941e-03,7.973296726449448932e-04
2.495754275427542954e-03,7.958536565523926512e-04
2.496053705370537400e-03,7.944057684260441305e-04
2.496353135313531414e-03,7.930057590594239867e-04
2.496652565256525860e-03,7.916733792460476597e-04
2.496951995199519873e-03,7.904283797794390458e-04
2.497251425142514320e-03,7.892905114531146692e-04
2.497550855085508767e-03,7.882795250605962581e-04
2.497850285028503214e-03,7.874151713954036973e-04
2.498149714971497227e-03,7.867172012510579562e-04
2.498449144914491674e-03,7.862053654210770766e-04
2.498748574857486120e-03,7.858994146989819194e-04
2.499048004800480567e-03,7.858205485961823784e-04
2.499347434743474580e-03,7.860476097530102405e-04
2.499646864686468593e-03,7.865911339686854336e-04
2.499946294629463040e-03,7.874153978937321451e-04
2.500245724572457487e-03,7.884846781786719605e-04
2.500545154515451500e-03,7.897632514740257062e-04
2.500844584458445947e-03,7.912153944303196296e-04
2.501144014401440394e-03,7.928053836980741235e-04
2.501443444344434407e-03,7.944974959278095807e-04
2.501742874287428853e-03,7.962560077700531159e-04
2.502042304230423300e-03,7.980451958753250136e-04
2.502341734173417747e-03,7.998293368941475096e-04
2.502641164116411760e-03,8.015727074770408883e-04
2.502940594059406207e-03,8.032395842745324813e-04
2.503240024002400220e-03,8.047942439371402962e-04
2.503539453945394667e-03,8.062009631153911225e-04
2.503838883888388680e-03,8.074240184598036182e-04
2.504138313831383127e-03,8.084276866209037056e-04
2.504437743774377573e-03,8.091762442492121026e-04
2.504737173717372020e-03,8.096339679952511536e-04
2.505036603660366033e-03,8.097600927405425395e-04
2.505336033603360480e-03,8.091383609735765953e-04
2.505635463546354927e-03,8.075945770125008425e-04
2.505934893489349374e-03,8.052323795654721698e-04
2.506234323432343387e-03,8.021554073406518028e-04
2.506533753375337834e-03,7.984672990461874143e-04
2.506833183318331847e-03,7.942716933902455425e-04
2.507132613261326293e-03,7.896722290809708245e-04
2.507432043204320306e-03,7.847725448265326174e-04
2.507731473147314753e-03,7.796762793350730646e-04
2.508030903090309200e-03,7.744870713147557770e-04
2.508330333033303647e-03,7.693085594737371011e-04
2.508629762976297660e-03,7.642443825201808644e-04
2.508929192919292107e-03,7.593981791622287768e-04
2.509228622862286553e-03,7.548735881080447744e-04
2.509528052805281000e-03,7.507742480657854205e-04
2.509827482748275013e-03,7.472037977436120490e-04
2.510126912691269026e-03,7.442658758496743928e-04
2.510426342634263473e-03,7.420641210921258713e-04
2.510725772577257920e-03,7.407021721791278183e-04
2.511025202520251933e-03,7.402844313933813194e-04
2.511324632463246380e-03,7.409939909339001603e-04
2.511624062406240827e-03,7.428275304022847504e-04
2.511923492349235273e-03,7.456592527851886934e-04
2.512222922292229287e-03,7.493633610692595213e-04
2.512522352235223733e-03,7.538140582411616795e-04
2.512821782178218180e-03,7.588855472875440013e-04
2.513121212121212193e-03,7.644520311950514166e-04
2.513420642064206640e-03,7.703877129503539003e-04
2.513720072007200653e-03,7.765667955400880340e-04
2.514019501950195100e-03,7.828634819509256359e-04
2.514318931893189547e-03,7.891519751695110938e-04
2.514618361836183560e-03,7.953064781824894462e-04
2.514917791779178007e-03,8.012011939765320773e-04
2.515217221722172453e-03,8.067103255382833751e-04
2.515516651665166900e-03,8.117080758543970516e-04
2.515816081608160913e-03,8.160686479115206388e-04
2.516115511551155360e-03,8.196662446963206422e-04
2.516414941494149807e-03,8.223750691954435097e-04
2.516714371437143820e-03,8.240693243955412185e-04
2.517013801380138267e-03,8.246235576121965652e-04
2.517313231323132280e-03,8.241283476675537439e-04
2.517612661266126727e-03,8.227916538613756509e-04
2.517912091209121173e-03,8.207072563046404357e-04
2.518211521152115186e-03,8.179689351083313433e-04
2.518510951095109633e-03,8.146704703834187168e-04
2.518810381038104080e-03,8.109056422408846086e-04
2.519109810981098527e-03,8.067682307917074932e-04
2.519409240924092540e-03,8.023520161468725674e-04
2.519708670867086987e-03,7.977507784173455121e-04
2.520008100810081433e-03,7.930582977141108734e-04
2.520307530753075446e-03,7.883683541481541733e-04
2.520606960696069460e-03,7.837747278304465137e-04
2.520906390639063906e-03,7.793711988719600808e-04
2.521205820582058353e-03,7.752515473836799629e-04
2.521505250525052800e-03,7.715095534765847429e-04
2.521804680468046813e-03,7.682389972616574490e-04
2.522104110411041260e-03,7.655336588498666897e-04
2.522403540354035707e-03,7.634873183521964689e-04
2.522702970297030153e-03,7.621937558796251528e-04
2.523002400240024166e-03,7.617467304583271743e-04
2.523301830183018613e-03,7.618873022000533304e-04
2.523601260126012626e-03,7.622907472647859600e-04
2.523900690069007073e-03,7.629364790672414718e-04
2.524200120012001086e-03,7.638039110221332391e-04
2.524499549954995533e-03,7.648724565441789719e-04
2.524798979897989980e-03,7.661215290480929106e-04
2.525098409840983993e-03,7.675305419485879948e-04
2.525397839783978440e-03,7.690789086603835607e-04
2.525697269726972886e-03,7.707460425981928730e-04
2.525996699669967333e-03,7.725113571767311480e-04
2.526296129612961346e-03,7.743542658107110000e-04
2.526595559555955793e-03,7.762541819148527410e-04
2.526894989498950240e-03,7.781905189038692021e-04
2.527194419441944253e-03,7.801426901924726721e-04
2.527493849384938700e-03,7.820901091953838969e-04
2.527793279327932713e-03,7.840121893273126717e-04
2.528092709270927160e-03,7.858883440029797423e-04
2.528392139213921606e-03,7.876979866370976144e-04
2.528691569156915619e-03,7.894205306443787939e-04
2.528990999099910066e-03,7.910353894395439180e-04
2.529290429042904513e-03,7.926682373532485540e-04
2.529589858985898960e-03,7.944594750115078477e-04
2.529889288928892973e-03,7.963831750245017362e-04
2.530188718871887420e-03,7.984132686949966867e-04
2.530488148814881866e-03,8.005236873257504928e-04
2.530787578757875880e-03,8.026883622195209482e-04
2.531087008700869893e-03,8.048812246790715925e-04
2.531386438643864339e-03,8.070762060071667247e-04
2.531685868586858786e-03,8.092472375065634877e-04
2.531985298529853233e-03,8.113682504800228193e-04
2.532284728472847246e-03,8.134131762303024047e-04
2.532584158415841693e-03,8.153559460601690363e-04
2.532883588358836140e-03,8.171704912723800739e-04
2.533183018301830586e-03,8.188307431696964555e-04
2.533482448244824600e-03,8.203106330548767334e-04
2.533781878187819046e-03,8.215840922306859653e-04
2.534081308130813493e-03,8.226250519998825955e-04
2.534380738073807506e-03,8.234074436652261521e-04
2.534680168016801519e-03,8.239051985294794161e-04
2.534979597959795966e-03,8.240922478954032168e-04
2.535279027902790413e-03,8.238662664110790994e-04
2.535578457845784860e-03,8.231518955129722009e-04
2.535877887788778873e-03,8.220024622947823788e-04
2.536177317731773320e-03,8.204717633362910122e-04
2.536476747674767766e-03,8.186135952172846845e-04
2.536776177617762213e-03,8.164817545175484612e-04
2.537075607560756226e-03,8.141300378168707689e-04
2.537375037503750673e-03,8.116122416950299510e-04
2.537674467446744686e-03,8.089821627318180119e-04
2.537973897389739133e-03,8.062935975070125360e-04
2.538273327332733146e-03,8.036003426004059615e-04
2.538572757275727593e-03,8.009561945917756560e-04
2.538872187218722039e-03,7.984149500609104798e-04
2.539171617161716486e-03,7.960304055875956067e-04
2.539471047104710499e-03,7.938563577516188127e-04
2.539770477047704946e-03,7.919466031327590918e-04
2.540069906990699393e-03,7.903549383108046536e-04
2.540369336933693840e-03,7.891351598655404554e-04
2.540668766876687853e-03,7.883410643767525382e-04
2.540968196819682300e-03,7.880264484242235825e-04
2.541267626762676313e-03,7.884591473415688851e-04
2.541567056705670759e-03,7.899125262707028337e-04
2.541866486648664773e-03,7.922777021959210696e-04
2.542165916591659219e-03,7.954424574082536803e-04
2.542465346534653666e-03,7.992945741987202363e-04
2.542764776477648113e-03,8.037218348583437776e-04
2.543064206420642126e-03,8.086120216781393210e-04
2.543363636363636573e-03,8.138529169491440013e-04
2.543663066306631020e-03,8.193323029623739194e-04
2.543962496249625466e-03,8.249379620088515734e-04
2.544261926192619479e-03,8.305576763795916549e-04
2.544561356135613926e-03,8.360792283656332501e-04
2.544860786078607939e-03,8.413904002579835695e-04
2.545160216021602386e-03,8.463789743476806153e-04
2.545459645964596399e-03,8.509327329257332243e-04
2.545759075907590846e-03,8.549394582831772301e-04
2.546058505850585293e-03,8.582869327110286255e-04
2.546357935793579740e-03,8.608629385003099084e-04
2.546657365736573753e-03,8.625552579420421671e-04
2.546956795679568199e-03,8.632516733272532121e-04
2.547256225622562646e-03,8.628192220884833667e-04
2.547555655565556659e-03,8.612462890765096649e-04
2.547855085508551106e-03,8.586560782830461288e-04
2.548154515451545119e-03,8.551732052998422097e-04
2.548453945394539566e-03,8.509222857186300119e-04
2.548753375337533579e-03,8.460279351311640822e-04
2.549052805280528026e-03,8.406147691291726218e-04
2.549352235223522473e-03,8.348074033044046481e-04
2.549651665166516919e-03,8.287304532486028906e-04
2.549951095109510932e-03,8.225085345535184268e-04
2.550250525052505379e-03,8.162662628108759881e-04
2.550549954995499826e-03,8.101282536124267608e-04
2.550849384938494273e-03,8.042191225499133655e-04
2.551148814881488286e-03,7.986634852150860126e-04
2.551448244824482733e-03,7.935859571996706262e-04
2.551747674767476746e-03,7.891111540954244639e-04
2.552047104710471193e-03,7.853636914940767023e-04
2.552346534653465206e-03,7.824681849873800455e-04
2.552645964596459652e-03,7.805492501670688744e-04
2.552945394539454099e-03,7.797315026248901465e-04
2.553244824482448546e-03,7.800708658205939353e-04
2.553544254425442559e-03,7.814290993800159782e-04
2.553843684368437006e-03,7.836935891655360392e-04
2.554143114311431453e-03,7.867538350288762932e-04
2.554442544254425899e-03,7.904993368217597821e-04
2.554741974197419913e-03,7.948195943959031513e-04
2.555041404140414359e-03,7.996041076030426702e-04
2.555340834083408372e-03,8.047423762948876114e-04
2.555640264026402819e-03,8.101239003231766296e-04
2.555939693969396832e-03,8.156381795396175881e-04
2.556239123912391279e-03,8.211747137959500087e-04
2.556538553855385726e-03,8.266230029438891274e-04
2.556837983798380173e-03,8.318725468351583115e-04
2.557137413741374186e-03,8.368128453214736641e-04
2.557436843684368633e-03,8.413333982545732979e-04
2.557736273627363079e-03,8.453237054861729907e-04
2.558035703570357526e-03,8.486732668679958930e-04
2.558335133513351539e-03,8.512715822517622280e-04
2.558634563456345552e-03,8.530081514892010009e-04
2.558933993399339999e-03,8.537724744320362297e-04
2.559233423342334446e-03,8.535973478885200676e-04
2.559532853285328459e-03,8.527777078179533217e-04
2.559832283228322906e-03,8.513810119064935990e-04
2.560131713171317352e-03,8.494646189573373937e-04
2.560431143114311799e-03,8.470858877736804409e-04
2.560730573057305812e-03,8.443021771587230296e-04
2.561030003000300259e-03,8.411708459156523295e-04
2.561329432943294706e-03,8.377492528476683043e-04
2.561628862886288719e-03,8.340947567579717848e-04
2.561928292829283166e-03,8.302647164497480980e-04
2.562227722772277179e-03,8.263164907262038209e-04
2.562527152715271626e-03,8.223074383905233046e-04
2.562826582658266072e-03,8.182949182459077053e-04
2.563126012601260086e-03,8.143362890955588296e-04
2.563425442544254532e-03,8.104889097426605949e-04
2.563724872487248979e-03,8.068101389904145911e-04
2.564024302430243426e-03,8.033573356420165533e-04
2.564323732373237439e-03,8.001878585006668787e-04
2.564623162316231886e-03,7.973590663695517616e-04
2.564922592259226333e-03,7.949283180518718159e-04
2.565222022202220346e-03,7.928027133207310451e-04
2.565521452145214792e-03,7.906411636530592249e-04
2.565820882088208806e-03,7.884429061161256922e-04
2.566120312031203252e-03,7.862249936991577617e-04
2.566419741974197699e-03,7.840044793913918553e-04
2.566719171917191712e-03,7.817984161820649373e-04
2.567018601860186159e-03,7.796238570604039969e-04
2.567318031803180606e-03,7.774978550156461067e-04
2.567617461746175053e-03,7.754374630370244360e-04
2.567916891689169066e-03,7.734597341137756238e-04
2.568216321632163512e-03,7.715817212351272015e-04
2.568515751575157959e-03,7.698204773903158079e-04
2.568815181518151972e-03,7.681930555685773229e-04
2.569114611461145985e-03,7.667165087591425307e-04
2.569414041404140432e-03,7.654078899512430827e-04
2.569713471347134879e-03,7.642842521341147504e-04
2.570012901290128892e-03,7.633626482969926548e-04
2.570312331233123339e-03,7.626601314291071463e-04
2.570611761176117786e-03,7.621937545196934543e-04
2.570911191119112232e-03,7.619805705579851818e-04
2.571210621062106245e-03,7.620713511583743129e-04
2.571510051005100692e-03,7.625545397831087584e-04
2.571809480948095139e-03,7.634018529057303402e-04
2.572108910891089152e-03,7.645782483593627221e-04
2.572408340834083599e-03,7.660486839771348802e-04
2.572707770777077612e-03,7.677781175921677675e-04
2.573007200720072059e-03,7.697315070375919865e-04
2.573306630663066506e-03,7.718738101465306587e-04
2.573606060606060519e-03,7.741699847521058215e-04
2.573905490549054965e-03,7.765849886874494866e-04
2.574204920492049412e-03,7.790837797856836914e-04
2.574504350435043859e-03,7.816313158799341595e-04
2.574803780378037872e-03,7.841925548033221692e-04
2.575103210321032319e-03,7.867324543889810335e-04
2.575402640264026766e-03,7.892159724700321391e-04
2.575702070207020779e-03,7.916080668795976317e-04
2.576001500150015226e-03,7.938736954508098485e-04
2.576300930093009239e-03,7.959778160167876827e-04
2.576600360036003685e-03,7.978853864106628209e-04
2.576899789978998132e-03,7.995613644655574087e-04
2.577199219921992145e-03,8.010472871146738765e-04
2.577498649864986592e-03,8.025680903381787008e-04
2.577798079807981039e-03,8.041292159352608814e-04
2.578097509750975486e-03,8.057171310961770564e-04
2.578396939693969499e-03,8.073183030111816955e-04
2.578696369636963946e-03,8.089191988705363157e-04
2.578995799579958392e-03,8.105062858644951698e-04
2.579295229522952405e-03,8.120660311833127276e-04
2.579594659465946418e-03,8.135849020172482293e-04
2.579894089408940865e-03,8.150493655565605898e-04
2.580193519351935312e-03,8.164458889915040618e-04
2.580492949294929759e-03,8.177609395123355005e-04
2.580792379237923772e-03,8.189809843093100259e-04
2.581091809180918219e-03,8.200924905726878541e-04
2.581391239123912665e-03,8.210819254927237800e-04
2.581690669066907112e-03,8.219357562596747669e-04
2.581990099009901125e-03,8.226404500637963689e-04
2.582289528952895572e-03,8.231824740953475007e-04
2.582588958895889585e-03,8.235482955445834995e-04
2.582888388838884032e-03,8.237243816017619791e-04
2.583187818781878045e-03,8.236136280831114027e-04
2.583487248724872492e-03,8.229253527445459879e-04
2.583786678667866939e-03,8.216930570326323822e-04
2.584086108610861385e-03,8.199815686885770323e-04
2.584385538553855399e-03,8.178557154535893124e-04
2.584684968496849845e-03,8.153803250688690558e-04
2.584984398439844292e-03,8.126202252756253115e-04
2.585283828382838739e-03,8.096402438150640925e-04
2.585583258325832752e-03,8.065052084283963994e-04
2.585882688268827199e-03,8.032799468568190297e-04
2.586182118211821212e-03,8.000292868415475375e-04
2.586481548154815659e-03,7.968180561237783949e-04
2.586780978097809672e-03,7.937110824447268309e-04
2.587080408040804119e-03,7.907731935455900767e-04
2.587379837983798565e-03,7.880692171675788074e-04
2.587679267926793012e-03,7.856639810518992531e-04
2.587978697869787025e-03,7.836223129397599206e-04
2.588278127812781472e-03,7.820090405723615105e-04
2.588577557755775919e-03,7.808889916909129633e-04
2.588876987698770366e-03,7.803269940366208343e-04
2.589176417641764379e-03,7.803006765926765722e-04
2.589475847584758825e-03,7.804692455224492660e-04
2.589775277527752839e-03,7.807793540147425423e-04
2.590074707470747285e-03,7.812178578303621487e-04
2.590374137413741298e-03,7.817716127301116641e-04
2.590673567356735745e-03,7.824274744747973780e-04
2.590972997299730192e-03,7.831722988252238452e-04
2.591272427242724639e-03,7.839929415421958373e-04
2.591571857185718652e-03,7.848762583865167165e-04
2.591871287128713099e-03,7.858091051189941816e-04
2.592170717071707545e-03,7.867783375004315950e-04
2.592470147014701558e-03,7.877708112916326439e-04
2.592769576957696005e-03,7.887733822534050273e-04
2.593069006900690452e-03,7.897729061465522159e-04
2.593368436843684465e-03,7.907562387318775718e-04
2.593667866786678478e-03,7.917102357701876012e-04
2.593967296729672925e-03,7.926217530222885938e-04
2.594266726672667372e-03,7.934776462489836948e-04
2.594566156615661819e-03,7.942647712110781095e-04
2.594865586558655832e-03,7.949699836693756337e-04
2.595165016501650278e-03,7.956007937611792209e-04
2.595464446444644725e-03,7.962483980204654874e-04
2.595763876387639172e-03,7.969198315734848676e-04
2.596063306330633185e-03,7.976086507290526713e-04
2.596362736273627632e-03,7.983084117959874607e-04
2.596662166216621645e-03,7.990126710831032446e-04
2.596961596159616092e-03,7.997149848992184768e-04
2.597261026102610105e-03,8.004089095531477082e-04
2.597560456045604552e-03,8.010880013537090673e-04
2.597859885988598998e-03,8.017458166097177555e-04
2.598159315931593445e-03,8.023759116299902750e-04
2.598458745874587458e-03,8.029718427233422610e-04
2.598758175817581905e-03,8.035271661985914082e-04
2.599057605760576352e-03,8.040354383645534602e-04
2.599357035703570799e-03,8.044902155300445940e-04
2.599656465646564812e-03,8.048850540038807698e-04
2.599955895589559259e-03,8.052135100948791405e-04
2.600255325532553272e-03,8.054691401118554495e-04
2.600554755475547718e-03,8.056455003636266328e-04
2.600854185418541731e-03,8.057361471590084338e-04
2.601153615361536178e-03,8.056922135980540628e-04
2.601453045304530625e-03,8.052842159471449010e-04
2.601752475247525072e-03,8.045145177786488296e-04
2.602051905190519085e-03,8.034256420183010167e-04
2.602351335133513532e-03,8.020601115918317512e-04
2.602650765076507978e-03,8.004604494249759842e-04
2.602950195019502425e-03,7.986691784434673657e-04
2.603249624962496438e-03,7.967288215730421478e-04
2.603549054905490885e-03,7.946819017394284512e-04
2.603848484848484898e-03,7.925709418683653468e-04
2.604147914791479345e-03,7.904384648855804132e-04
2.604447344734473358e-03,7.883269937168131550e-04
2.604746774677467805e-03,7.862790512877911508e-04
2.605046204620462252e-03,7.843371605242507611e-04
2.605345634563456698e-03,7.825438443519256359e-04
2.605645064506450712e-03,7.809416256965514853e-04
2.605944494449445158e-03,7.795730274838571887e-04
2.606243924392439605e-03,7.784805726395787814e-04
2.606543354335434052e-03,7.777067840894498051e-04
2.606842784278428065e-03,7.772941847592041266e-04
2.607142214221422078e-03,7.772576844331659067e-04
2.607441644164416525e-03,7.774340144179595806e-04
2.607741074107410972e-03,7.777731979096148525e-04
2.608040504050404985e-03,7.782561745352155553e-04
2.608339933993399432e-03,7.788638839218482322e-04
2.608639363936393878e-03,7.795772656965969331e-04
2.608938793879388325e-03,7.803772594865462497e-04
2.609238223822382338e-03,7.812448049187800149e-04
2.609537653765376785e-03,7.821608416203854226e-04
2.609837083708371232e-03,7.831063092184458721e-04
2.610136513651365245e-03,7.840621473400450877e-04
2.610435943594359692e-03,7.850092956122703717e-04
2.610735373537353705e-03,7.859286936622041477e-04
2.611034803480348152e-03,7.868012811169336094e-04
2.611334233423342598e-03,7.876079976035423730e-04
2.611633663366336611e-03,7.883297827491141628e-04
2.611933093309331058e-03,7.889475761807358475e-04
2.612232523252325505e-03,7.894423175254911516e-04
2.612531953195319952e-03,7.897949464104651006e-04
2.612831383138313965e-03,7.899864024627419610e-04
2.613130813081308412e-03,7.900072265396304930e-04
2.613430243024302858e-03,7.899232199484755492e-04
2.613729672967296871e-03,7.897582617447818781e-04
2.614029102910291318e-03,7.895217844690410013e-04
2.614328532853285331e-03,7.892232206617454159e-04
2.614627962796279778e-03,7.888720028633864267e-04
2.614927392739273791e-03,7.884775636144570731e-04
2.615226822682268238e-03,7.880493354554480093e-04
2.615526252625262685e-03,7.875967509268518409e-04
2.615825682568257132e-03,7.871292425691606316e-04
2.616125112511251145e-03,7.866562429228670956e-04
2.616424542454245591e-03,7.861871845284617785e-04
2.616723972397240038e-03,7.857314999264375030e-04
2.617023402340234485e-03,7.852986216572861158e-04
2.617322832283228498e-03,7.848979822615001142e-04
2.617622262226222511e-03,7.845390142795711282e-04
2.617921692169216958e-03,7.842311502519904625e-04
2.618221122112211405e-03,7.839838227192508311e-04
2.618520552055205418e-03,7.838064642218442978e-04
2.618819981998199865e-03,7.837085073002623839e-04
2.619119411941194311e-03,7.837153053780118728e-04
2.619418841884188758e-03,7.839715611021639240e-04
2.619718271827182771e-03,7.844858909455853417e-04
2.620017701770177218e-03,7.852283567505383014e-04
2.620317131713171665e-03,7.861690203592829182e-04
2.620616561656165678e-03,7.872779436140777895e-04
2.620915991599160125e-03,7.885251883571871507e-04
2.621215421542154138e-03,7.898808164308678643e-04
2.621514851485148585e-03,7.913148896773847078e-04
2.621814281428143031e-03,7.927974699389961702e-04
2.622113711371137044e-03,7.942986190579609572e-04
2.622413141314131491e-03,7.957883988765439547e-04
2.622712571257125938e-03,7.972368712370036517e-04
2.623012001200120385e-03,7.986140979816003802e-04
2.623311431143114398e-03,7.998901409525934966e-04
2.623610861086108845e-03,8.010350619922471278e-04
2.623910291029103291e-03,8.020189229428196544e-04
2.624209720972097305e-03,8.028117856465713000e-04
2.624509150915091751e-03,8.033837119457645651e-04
2.624808580858085764e-03,8.037047636826586978e-04
2.625108010801080211e-03,8.037359718305264007e-04
2.625407440744074658e-03,8.033690138780487334e-04
2.625706870687068671e-03,8.026151311366634981e-04
2.626006300630063118e-03,8.015190118298760489e-04
2.626305730573057565e-03,8.001253441811952095e-04
2.626605160516052011e-03,7.984788164141288277e-04
2.626904590459046025e-03,7.966241167521876786e-04
2.627204020402040471e-03,7.946059334188740808e-04
2.627503450345034918e-03,7.924689546376983756e-04
2.627802880288028931e-03,7.902578686321717720e-04
2.628102310231022944e-03,7.880173636257990820e-04
2.628401740174017391e-03,7.857921278420843588e-04
2.628701170117011838e-03,7.836268495045391365e-04
2.629000600060006285e-03,7.815662168366711545e-04
2.629300030003000298e-03,7.796549180619907543e-04
2.629599459945994745e-03,7.779376414040001459e-04
2.629898889888989191e-03,7.764590750862105381e-04
2.630198319831983638e-03,7.752639073321293452e-04
2.630497749774977651e-03,7.743968263652656076e-04
2.630797179717972098e-03,7.739025204091246795e-04
2.631096609660966111e-03,7.738191035874057147e-04
2.631396039603960558e-03,7.740778829266302136e-04
2.631695469546954571e-03,7.746229030770278561e-04
2.631994899489949018e-03,7.754212491486874546e-04
2.632294329432943465e-03,7.764400062516959786e-04
2.632593759375937911e-03,7.776462594961407225e-04
2.632893189318931924e-03,7.790070939921068128e-04
2.633192619261926371e-03,7.804895948496856639e-04
2.633492049204920818e-03,7.820608471789628358e-04
2.633791479147915265e-03,7.836879360900256232e-04
2.634090909090909278e-03,7.853379466929589353e-04
2.634390339033903725e-03,7.869779640978552711e-04
2.634689768976897738e-03,7.885750734147968294e-04
2.634989198919892184e-03,7.900963597538760005e-04
2.635288628862886198e-03,7.915089082251755255e-04
2.635588058805880644e-03,7.927798039387872527e-04
2.635887488748875091e-03,7.938761320047960915e-04
2.636186918691869538e-03,7.947649775332895532e-04
2.636486348634863551e-03,7.954134256343541737e-04
2.636785778577857998e-03,7.957885614180793075e-04
2.637085208520852445e-03,7.958672810189974757e-04
2.637384638463846891e-03,7.957984871426725679e-04
2.637684068406840904e-03,7.956489654047387179e-04
2.637983498349835351e-03,7.954270046138054578e-04
2.638282928292829364e-03,7.951408935784838377e-04
2.638582358235823377e-03,7.947989211073839318e-04
2.638881788178817824e-03,7.944093760091151639e-04
2.639181218121812271e-03,7.939805470922883671e-04
2.639480648064806718e-03,7.935207231655139410e-04
2.639780078007800731e-03,7.930381930374026103e-04
2.640079507950795178e-03,7.925412455165635819e-04
2.640378937893789624e-03,7.920381694116074723e-04
2.640678367836784071e-03,7.915372535311450061e-04
2.640977797779778084e-03,7.910467866837869082e-04
2.641277227722772531e-03,7.905750576781419518e-04
2.641576657665766544e-03,7.901303553228219458e-04
2.641876087608760991e-03,7.897209684264357718e-04
2.642175517551755004e-03,7.893551857975948053e-04
2.642474947494749451e-03,7.890412962449084699e-04
2.642774377437743898e-03,7.887875885769873819e-04
2.643073807380738344e-03,7.886000875687092064e-04
2.643373237323732357e-03,7.884340253725039774e-04
2.643672667266726804e-03,7.882697090890675986e-04
2.643972097209721251e-03,7.881078891970164958e-04
2.644271527152715698e-03,7.879493161749675286e-04
2.644570957095709711e-03,7.877947405015370145e-04
2.644870387038704158e-03,7.876449126553411624e-04
2.645169816981698171e-03,7.875005831149966152e-04
2.645469246924692618e-03,7.873625023591195819e-04
2.645768676867686631e-03,7.872314208663268136e-04
2.646068106810681077e-03,7.871080891152343025e-04
2.646367536753675524e-03,7.869932575844586914e-04
2.646666966696669971e-03,7.868876767526165146e-04
2.646966396639663984e-03,7.867920970983241979e-04
2.647265826582658431e-03,7.867072691001981673e-04
2.647565256525652878e-03,7.866339432368546318e-04
2.647864686468647324e-03,7.865728699869102341e-04
2.648164116411641338e-03,7.865247998289814002e-04
2.648463546354635784e-03,7.864904832416844474e-04
2.648762976297629797e-03,7.864706707036359101e-04
2.649062406240624244e-03,7.864825747535385140e-04
2.649361836183618257e-03,7.870118638932522941e-04
2.649661266126612704e-03,7.882264321057192054e-04
2.649960696069607151e-03,7.900485006448218321e-04
2.650260126012601598e-03,7.924002907644433005e-04
2.650559555955595611e-03,7.952040237184618580e-04
2.650858985898590058e-03,7.983819207607688708e-04
2.651158415841584504e-03,8.018562031452433451e-04
2.651457845784578951e-03,8.055490921257684074e-04
2.651757275727572964e-03,8.093828089562208955e-04
2.652056705670567411e-03,8.132795748904954282e-04
2.652356135613561424e-03,8.171616111824636392e-04
2.652655565556555871e-03,8.209511390860196054e-04
2.652954995499549884e-03,8.245703798550358277e-04
2.653254425442544331e-03,8.279415547434055157e-04
2.653553855385538778e-03,8.309868850050063744e-04
2.653853285328533224e-03,8.336285918937213135e-04
2.654152715271527237e-03,8.357888966634303149e-04
2.654452145214521684e-03,8.373900205680227934e-04
2.654751575157516131e-03,8.383541848613780805e-04
2.655051005100510578e-03,8.386075771989291716e-04
2.655350435043504591e-03,8.382739612602233860e-04
2.655649864986498604e-03,8.374712848914580860e-04
2.655949294929493051e-03,8.362365730198609119e-04
2.656248724872487497e-03,8.346068505726636239e-04
2.656548154815481511e-03,8.326191424770997170e-04
2.656847584758475957e-03,8.303104736603936871e-04
2.657147014701470404e-03,8.277178690497788123e-04
2.657446444644464851e-03,8.248783535724855519e-04
2.657745874587458864e-03,8.218289521557489187e-04
2.658045304530453311e-03,8.186066897267904813e-04
2.658344734473447758e-03,8.152485912128451442e-04
2.658644164416441771e-03,8.117916815411481369e-04
2.658943594359436217e-03,8.082729856389201609e-04
2.659243024302430231e-03,8.047295284334016500e-04
2.659542454245424677e-03,8.011983348518128718e-04
2.659841884188419124e-03,7.977164298213893813e-04
2.660141314131413137e-03,7.943208382693664081e-04
2.660440744074407584e-03,7.910485851229646535e-04
2.660740174017402031e-03,7.879366953094195641e-04
2.661039603960396044e-03,7.850171824132219471e-04
2.661339033903390491e-03,7.819772939194465046e-04
2.661638463846384937e-03,7.786483437386161870e-04
2.661937893789379384e-03,7.750787746196892555e-04
2.662237323732373397e-03,7.713170293116293919e-04
2.662536753675367844e-03,7.674115505633836900e-04
2.662836183618361857e-03,7.634107811239217948e-04
2.663135613561356304e-03,7.593631637421896074e-04
2.663435043504350317e-03,7.553171411671573150e-04
2.663734473447344764e-03,7.513211561477711438e-04
2.664033903390339211e-03,7.474236514329951012e-04
2.664333333333333657e-03,7.436730697717873397e-04
2.664632763276327670e-03,7.401178539131108907e-04
2.664932193219322117e-03,7.368064466059136069e-04
2.665231623162316564e-03,7.337872905991590618e-04
2.665531053105311011e-03,7.311088286418051911e-04
2.665830483048305024e-03,7.288195034828131831e-04
2.666129912991299037e-03,7.269677578711368536e-04
2.666429342934293484e-03,7.256020345557327288e-04
2.666728772877287931e-03,7.247707762855615634e-04
2.667028202820281944e-03,7.245248681298187277e-04
2.667327632763276390e-03,7.252018100620368423e-04
2.667627062706270837e-03,7.269322141811664128e-04
2.667926492649265284e-03,7.295980435204916029e-04
2.668225922592259297e-03,7.330812611132911556e-04
2.668525352535253744e-03,7.372638299928593181e-04
2.668824782478248191e-03,7.420277131924755921e-04
2.669124212421242204e-03,7.472548737454164439e-04
2.669423642364236651e-03,7.528272746849812161e-04
2.669723072307230664e-03,7.586268790444383519e-04
2.670022502250225110e-03,7.645356498570888204e-04
2.670321932193219557e-03,7.704355501562085455e-04
2.670621362136213570e-03,7.762085429750734513e-04
2.670920792079208017e-03,7.817365913469843984e-04
2.671220222022202464e-03,7.869016583052173110e-04
2.671519651965196911e-03,7.915857068830561361e-04
2.671819081908190924e-03,7.956707001137795082e-04
2.672118511851185371e-03,7.990386010306837344e-04
2.672417941794179817e-03,8.015713726670463651e-04
2.672717371737173830e-03,8.031509780561502630e-04
2.673016801680168277e-03,8.036604457376621529e-04
2.673316231623162290e-03,8.033873796479788776e-04
2.673615661566156737e-03,8.026590050358664184e-04
2.673915091509151184e-03,8.015261209963930227e-04
2.674214521452145197e-03,8.000395266246289978e-04
2.674513951395139644e-03,7.982500210156382543e-04
2.674813381338134090e-03,7.962084032644909911e-04
2.675112811281128537e-03,7.939654724662551302e-04
2.675412241224122550e-03,7.915720277160023886e-04
2.675711671167116997e-03,7.890788681087940746e-04
2.676011101110111444e-03,7.865367927397014713e-04
2.676310531053105457e-03,7.839966007037965125e-04
2.676609960996099470e-03,7.815090910961434338e-04
2.676909390939093917e-03,7.791250630118067965e-04
2.677208820882088364e-03,7.768953155458584257e-04
2.677508250825082810e-03,7.748706477933663518e-04
2.677807680768076824e-03,7.731018588494012076e-04
2.678107110711071270e-03,7.716397478090259278e-04
2.678406540654065717e-03,7.705351137673113618e-04
2.678705970597060164e-03,7.698387558193256486e-04
2.679005400540054177e-03,7.696014490954046017e-04
2.679304830483048624e-03,7.697826953754149069e-04
2.679604260426042637e-03,7.702892858660519235e-04
2.679903690369037084e-03,7.710850752347768716e-04
2.680203120312031097e-03,7.721339181490478269e-04
2.680502550255025544e-03,7.733996692763276358e-04
2.680801980198019990e-03,7.748461832840753500e-04
2.681101410141014437e-03,7.764373148397507802e-04
2.681400840084008450e-03,7.781369186108114599e-04
2.681700270027002897e-03,7.799088492647225125e-04
2.681999699969997344e-03,7.817169614689415801e-04
2.682299129912991791e-03,7.835251098909285818e-04
2.682598559855985804e-03,7.852971491981412680e-04
2.682897989798980250e-03,7.869969340580446537e-04
2.683197419741974264e-03,7.885883191380939957e-04
2.683496849684968710e-03,7.900351591057540920e-04
2.683796279627962723e-03,7.913013086284808499e-04
2.684095709570957170e-03,7.923506223737380918e-04
2.684395139513951617e-03,7.931469550089838933e-04
2.684694569456945630e-03,7.936541612016776315e-04
2.684993999399940077e-03,7.938360956192810685e-04
2.685293429342934524e-03,7.938120194156620801e-04
2.685592859285928970e-03,7.937409776502107059e-04
2.685892289228922983e-03,7.936282214984416569e-04
2.686191719171917430e-03,7.934789399118122484e-04
2.686491149114911877e-03,7.932983218417805548e-04
2.686790579057905890e-03,7.930915562398042169e-04
2.687090009000899903e-03,7.928638320573409837e-04
2.687389438943894350e-03,7.926203382458481706e-04
2.687688868886888797e-03,7.923662637567837437e-04
2.687988298829883244e-03,7.921067975416053435e-04
2.688287728772877257e-03,7.918471285517712614e-04
2.688587158715871703e-03,7.915924457387382707e-04
2.688886588658866150e-03,7.913479380539646625e-04
2.689186018601860597e-03,7.911187944489079691e-04
2.689485448544854610e-03,7.909102038750262650e-04
2.689784878487849057e-03,7.907273552837766487e-04
2.690084308430843070e-03,7.905754376266175198e-04
2.690383738373837517e-03,7.904596398550058686e-04
2.690683168316831530e-03,7.903851509203997693e-04
2.690982598259825977e-03,7.903571597742569711e-04
2.691282028202820423e-03,7.904785818231411555e-04
2.691581458145814870e-03,7.908581776759049907e-04
2.691880888088808883e-03,7.914718559748545532e-04
2.692180318031803330e-03,7.922951366015787249e-04
2.692479747974797777e-03,7.933035394376641109e-04
2.692779177917792224e-03,7.944725843646972081e-04
2.693078607860786237e-03,7.957777912642635372e-04
2.693378037803780684e-03,7.971946800179537150e-04
2.693677467746774697e-03,7.986987705073509856e-04
2.693976897689769143e-03,8.002655826140465077e-04
2.694276327632763156e-03,8.018706362196229833e-04
2.694575757575757603e-03,8.034894512056720050e-04
2.694875187518752050e-03,8.050975474537786598e-04
2.695174617461746497e-03,8.066704448455296614e-04
2.695474047404740510e-03,8.081836632625099886e-04
2.695773477347734957e-03,8.096127225863110170e-04
2.696072907290729403e-03,8.109331426985178339e-04
2.696372337233723850e-03,8.121204434807172612e-04
2.696671767176717863e-03,8.131501448144950366e-04
2.696971197119712310e-03,8.139977665814411264e-04
2.697270627062706323e-03,8.147315315680222006e-04
2.697570057005700770e-03,8.154720423521868902e-04
2.697869486948694783e-03,8.162154786578265002e-04
2.698168916891689230e-03,8.169570004161441070e-04
2.698468346834683677e-03,8.176917675583402932e-04
2.698767776777678123e-03,8.184149400156160749e-04
2.699067206720672137e-03,8.191216777191720347e-04
2.699366636663666583e-03,8.198071406002113573e-04
2.699666066606661030e-03,8.204664885899344085e-04
2.699965496549655477e-03,8.210948816195424212e-04
2.700264926492649490e-03,8.216874796202359782e-04
2.700564356435643503e-03,8.222394425232170713e-04
2.700863786378637950e-03,8.227459302596880179e-04
2.701163216321632397e-03,8.232021027608492922e-04
2.701462646264626410e-03,8.236031199579014767e-04
2.701762076207620857e-03,8.239441417820471056e-04
2.702061506150615303e-03,8.242203281644870866e-04
2.702360936093609750e-03,8.244268390364224361e-04
2.702660366036603763e-03,8.245588343290543871e-04
2.702959795979598210e-03,8.246114739735847148e-04
2.703259225922592657e-03,8.244433423674207709e-04
2.703558655865587104e-03,8.238504975086804061e-04
2.703858085808581117e-03,8.228686118061071149e-04
2.704157515751575130e-03,8.215367748111946852e-04
2.704456945694569577e-03,8.198940760754347369e-04
2.704756375637564023e-03,8.179796051503235516e-04
2.705055805580558036e-03,8.158324515873591459e-04
2.705355235523552483e-03,8.134917049380293447e-04
2.705654665466546930e-03,8.109964547538320561e-04
2.705954095409540943e-03,8.083857905862654051e-04
2.706253525352535390e-03,8.056988019868165660e-04
2.706552955295529837e-03,8.029745785069835554e-04
2.706852385238524283e-03,8.002522096982609204e-04
2.707151815181518296e-03,7.975707851121472194e-04
2.707451245124512743e-03,7.949693943001289766e-04
2.707750675067506756e-03,7.924871268137082198e-04
2.708050105010501203e-03,7.901630722043722320e-04
2.708349534953495216e-03,7.880363200236221739e-04
2.708648964896489663e-03,7.861459598229463041e-04
2.708948394839484110e-03,7.845310811538426391e-04
2.709247824782478557e-03,7.831032570891696687e-04
2.709547254725472570e-03,7.816468736618173603e-04
2.709846684668467016e-03,7.801678847386998503e-04
2.710146114611461463e-03,7.786776360527129662e-04
2.710445544554455910e-03,7.771874733367508011e-04
2.710744974497449923e-03,7.757087423237092908e-04
2.711044404440444370e-03,7.742527887464780833e-04
2.711343834383438383e-03,7.728309583379553913e-04
2.711643264326432830e-03,7.714545968310310793e-04
2.711942694269426843e-03,7.701350499586029266e-04
2.712242124212421290e-03,7.688836634535609060e-04
2.712541554155415736e-03,7.677117830488011706e-04
2.712840984098410183e-03,7.666307544772175964e-04
2.713140414041404196e-03,7.656519234717053604e-04
2.713439843984398643e-03,7.647866357651555199e-04
2.713739273927393090e-03,7.640462370904636856e-04
2.714038703870387537e-03,7.634420731805236253e-04
2.714338133813381550e-03,7.629854897682300822e-04
2.714637563756375563e-03,7.626878325864757400e-04
2.714936993699370010e-03,7.625604473681543661e-04
2.715236423642364456e-03,7.625874205948956173e-04
2.715535853585358469e-03,7.627127692272404154e-04
2.715835283528352916e-03,7.629290257868127619e-04
2.716134713471347363e-03,7.632305333004454125e-04
2.716434143414341810e-03,7.636116347949711228e-04
2.716733573357335823e-03,7.640666732972219979e-04
2.717033003300330270e-03,7.645899918340322027e-04
2.717332433243324716e-03,7.651759334322341677e-04
2.717631863186318730e-03,7.658188411186596725e-04
2.717931293129313176e-03,7.665130579201434244e-04
2.718230723072307189e-03,7.672529268635162273e-04
2.718530153015301636e-03,7.680327909756132221e-04
2.718829582958296083e-03,7.688469932832660801e-04
2.719129012901290096e-03,7.696898768133064728e-04
2.719428442844284543e-03,7.705557845925697577e-04
2.719727872787278990e-03,7.714390596478873895e-04
2.720027302730273436e-03,7.723340450060924489e-04
2.720326732673267450e-03,7.732350836940163905e-04
2.720626162616261896e-03,7.741365187384946804e-04
2.720925592559256343e-03,7.750326931663588815e-04
2.721225022502250356e-03,7.759953125652050820e-04
2.721524452445244803e-03,7.771938165771682125e-04
2.721823882388238816e-03,7.786057468967637601e-04
2.722123312331233263e-03,7.801999236857007098e-04
2.722422742274227710e-03,7.819451671056826259e-04
2.722722172217221723e-03,7.838102973184118798e-04
2.723021602160216170e-03,7.857641344855990830e-04
2.723321032103210616e-03,7.877754987689468240e-04
2.723620462046205063e-03,7.898132103301600763e-04
2.723919891989199076e-03,7.918460893309413199e-04
2.724219321932193523e-03,7.938429559330018167e-04
2.724518751875187970e-03,7.957726302980432879e-04
2.724818181818181983e-03,7.976039325877689722e-04
2.725117611761175996e-03,7.993056829638865539e-04
2.725417041704170443e-03,8.008467015881036086e-04
2.725716471647164890e-03,8.021958086221229415e-04
2.726015901590159336e-03,8.033218242276495263e-04
2.726315331533153349e-03,8.041935685663874692e-04
2.726614761476147796e-03,8.047798618000446711e-04
2.726914191419142243e-03,8.050495240903249132e-04
2.727213621362136690e-03,8.049687314490310995e-04
2.727513051305130703e-03,8.045299294570103883e-04
2.727812481248125150e-03,8.037638880791781034e-04
2.728111911191119163e-03,8.027026695339774948e-04
2.728411341134113609e-03,8.013783360398470416e-04
2.728710771077107623e-03,7.998229498152319454e-04
2.729010201020102069e-03,7.980685730785691675e-04
2.729309630963096516e-03,7.961472680483021747e-04
2.729609060906090529e-03,7.940910969428755179e-04
2.729908490849084976e-03,7.919321219807244237e-04
2.730207920792079423e-03,7.897024053802935515e-04
2.730507350735073870e-03,7.874340093600241995e-04
2.730806780678067883e-03,7.851589961383610271e-04
2.731106210621062329e-03,7.829094279337390442e-04
2.731405640564056776e-03,7.807173669646026931e-04
2.731705070507050789e-03,7.786148754493967417e-04
2.732004500450045236e-03,7.766340156065563083e-04
2.732303930393039249e-03,7.748068496545284373e-04
2.732603360336033696e-03,7.731654398117494397e-04
2.732902790279028143e-03,7.717418482966632159e-04
2.733202220222022156e-03,7.704978335638307859e-04
2.733501650165016603e-03,7.692335843143880249e-04
2.733801080108011049e-03,7.679436211618537135e-04
2.734100510051005496e-03,7.666383300379756146e-04
2.734399939993999509e-03,7.653280968745035514e-04
2.734699369936993956e-03,7.640233076031816006e-04
2.734998799879988403e-03,7.627343481557592600e-04
2.735298229822982416e-03,7.614716044639862442e-04
2.735597659765976429e-03,7.602454624596085815e-04
2.735897089708970876e-03,7.590663080743723003e-04
2.736196519651965323e-03,7.579445272400267899e-04
2.736495949594959769e-03,7.568905058883203555e-04
2.736795379537953782e-03,7.559146299510016275e-04
2.737094809480948229e-03,7.550272853598162005e-04
2.737394239423942676e-03,7.542388580465127050e-04
2.737693669366937123e-03,7.535597339428394461e-04
2.737993099309931136e-03,7.530002989805447289e-04
2.738292529252925583e-03,7.525709390913749072e-04
2.738591959195919596e-03,7.522820402070788280e-04
2.738891389138914043e-03,7.521439882594036039e-04
2.739190819081908056e-03,7.522366106087496375e-04
2.739490249024902502e-03,7.527959602002215304e-04
2.739789678967896949e-03,7.538015684672341298e-04
2.740089108910891396e-03,7.552092738683377970e-04
2.740388538853885409e-03,7.569749148620801829e-04
2.740687968796879856e-03,7.590543299070167445e-04
2.740987398739874303e-03,7.614033574616953497e-04
2.741286828682868749e-03,7.639778359846666851e-04
2.741586258625862763e-03,7.667336039344766667e-04
2.741885688568857209e-03,7.696264997696837876e-04
2.742185118511851222e-03,7.726123619488302775e-04
2.742484548454845669e-03,7.756470289304751714e-04
2.742783978397839682e-03,7.786863391731599403e-04
2.743083408340834129e-03,7.816861311354439444e-04
2.743382838283828576e-03,7.846022432758730999e-04
2.743682268226823023e-03,7.873905140529977682e-04
2.743981698169817036e-03,7.900067819253646243e-04
2.744281128112811483e-03,7.924068853515317274e-04
2.744580558055805929e-03,7.945466627900455358e-04
2.744879987998800376e-03,7.963819526994560857e-04
2.745179417941794389e-03,7.979430105285546587e-04
2.745478847884788836e-03,7.995063074858623593e-04
2.745778277827782849e-03,8.010925121734610794e-04
2.746077707770777296e-03,8.026898648890113059e-04
2.746377137713771309e-03,8.042866059301645269e-04
2.746676567656765756e-03,8.058709755945814464e-04
2.746975997599760203e-03,8.074312141799160460e-04
2.747275427542754649e-03,8.089555619838239339e-04
2.747574857485748662e-03,8.104322593039594170e-04
2.747874287428743109e-03,8.118495464379828740e-04
2.748173717371737556e-03,8.131956636835478529e-04
2.748473147314732003e-03,8.144588513383103955e-04
2.748772577257726016e-03,8.156273496999254594e-04
2.749072007200720029e-03,8.166893990660506041e-04
2.749371437143714476e-03,8.176332397343432810e-04
2.749670867086708922e-03,8.184471120024580139e-04
2.749970297029702936e-03,8.191192561680498687e-04
2.750269726972697382e-03,8.196379125287770557e-04
2.750569156915691829e-03,8.199913213822944240e-04
2.750868586858686276e-03,8.201677230262580153e-04
2.751168016801680289e-03,8.201004164038718175e-04
2.751467446744674736e-03,8.195444990539001596e-04
2.751766876687669183e-03,8.185196467005644927e-04
2.752066306630663196e-03,8.170813026720697998e-04
2.752365736573657642e-03,8.152849102966142330e-04
2.752665166516651656e-03,8.131859129024053773e-04
2.752964596459646102e-03,8.108397538176398672e-04
2.753264026402640115e-03,8.083018763705263716e-04
2.753563456345634562e-03,8.056277238892603325e-04
2.753862886288629009e-03,8.028727397020479252e-04
2.754162316231623456e-03,8.000923671370914220e-04
2.754461746174617469e-03,7.973420495225973237e-04
2.754761176117611916e-03,7.946772301867603130e-04
2.755060606060606362e-03,7.921533524577866739e-04
2.755360036003600809e-03,7.898258596638792206e-04
2.755659465946594822e-03,7.877501951332431529e-04
2.755958895889589269e-03,7.859818021940747799e-04
2.756258325832583282e-03,7.845761241745817949e-04
2.756557755775577729e-03,7.835886044029624587e-04
2.756857185718571742e-03,7.830746862074221878e-04
2.757156615661566189e-03,7.830211040799809176e-04
2.757456045604560636e-03,7.830829401265556461e-04
2.757755475547555082e-03,7.831990209595695229e-04
2.758054905490549095e-03,7.833629618288317619e-04
2.758354335433543542e-03,7.835683779841520107e-04
2.758653765376537989e-03,7.838088846753398084e-04
2.758953195319532436e-03,7.840780971522040435e-04
2.759252625262526449e-03,7.843696306645540385e-04
2.759552055205520462e-03,7.846771004621993324e-04
2.759851485148514909e-03,7.849941217949501148e-04
2.760150915091509356e-03,7.853143099126148408e-04
2.760450345034503369e-03,7.856312800650027241e-04
2.760749774977497815e-03,7.859386475019240629e-04
2.761049204920492262e-03,7.862300274731876372e-04
2.761348634863486709e-03,7.864990352286028779e-04
2.761648064806480722e-03,7.867392860179788904e-04
2.761947494749475169e-03,7.869443950911256475e-04
2.762246924692469616e-03,7.871079776978522546e-04
2.762546354635464062e-03,7.872236490879680340e-04
2.762845784578458076e-03,7.872850245112821997e-04
2.763145214521452089e-03,7.872501802937332573e-04
2.763444644464446535e-03,7.869021821815529606e-04
2.763744074407440982e-03,7.862362720151656534e-04
2.764043504350434995e-03,7.852897019056563144e-04
2.764342934293429442e-03,7.840997239641061276e-04
2.764642364236423889e-03,7.827035903015994210e-04
2.764941794179418336e-03,7.811385530292200893e-04
2.765241224122412349e-03,7.794418642580539782e-04
2.765540654065406796e-03,7.776507760991797783e-04
2.765840084008401242e-03,7.758025406636835522e-04
2.766139513951395255e-03,7.739344100626513630e-04
2.766438943894389702e-03,7.720836364071614671e-04
2.766738373837383715e-03,7.702874718083026380e-04
2.767037803780378162e-03,7.685831683771532407e-04
2.767337233723372609e-03,7.670079782247993380e-04
2.767636663666366622e-03,7.655991534623265591e-04
2.767936093609361069e-03,7.643939462008143533e-04
2.768235523552355516e-03,7.634296085513483498e-04
2.768534953495349962e-03,7.627433926250121177e-04
2.768834383438343975e-03,7.623725505328895515e-04
2.769133813381338422e-03,7.623190792764632327e-04
2.769433243324332869e-03,7.623430233229594108e-04
2.769732673267326882e-03,7.623911526552928789e-04
2.770032103210321329e-03,7.624622819895499753e-04
2.770331533153315342e-03,7.625552260418157376e-04
2.770630963096309789e-03,7.626687995281766124e-04
2.770930393039304235e-03,7.628018171647179624e-04
2.771229822982298249e-03,7.629530936675252588e-04
2.771529252925292695e-03,7.631214437526848398e-04
2.771828682868287142e-03,7.633056821362820682e-04
2.772128112811281589e-03,7.635046235344027403e-04
2.772427542754275602e-03,7.637170826631322186e-04
2.772726972697270049e-03,7.639418742385569502e-04
2.773026402640264496e-03,7.641778129767622975e-04
2.773325832583258509e-03,7.644237135938337317e-04
2.773625262526252522e-03,7.646783908058571574e-04
2.773924692469246969e-03,7.649406593289188048e-04
2.774224122412241415e-03,7.652093338791040363e-04
2.774523552355235428e-03,7.654832291724981063e-04
2.774822982298229875e-03,7.657611599251875701e-04
2.775122412241224322e-03,7.660486957292669168e-04
2.775421842184218769e-03,7.664026119810789977e-04
2.775721272127212782e-03,7.668301779164493973e-04
2.776020702070207229e-03,7.673241866030784761e-04
2.776320132013201675e-03,7.678774311086657275e-04
2.776619561956195689e-03,7.684827045009094519e-04
2.776918991899190135e-03,7.691327998475114194e-04
2.777218421842184148e-03,7.698205102161689546e-04
2.777517851785178595e-03,7.705386286745839362e-04
2.777817281728173042e-03,7.712799482904547730e-04
2.778116711671167055e-03,7.720372621314801993e-04
2.778416141614161502e-03,7.728033632653616598e-04
2.778715571557155949e-03,7.735710447597981057e-04
2.779015001500150395e-03,7.743330996824887048e-04
2.779314431443144408e-03,7.750823211011324083e-04
2.779613861386138855e-03,7.758115020834305525e-04
2.779913291329133302e-03,7.765134356970819799e-04
2.780212721272127315e-03,7.771809150097850998e-04
2.780512151215121762e-03,7.778067330892414651e-04
2.780811581158115775e-03,7.783836830031491596e-04
2.781111011101110222e-03,7.789096898696736947e-04
2.781410441044104669e-03,7.794335326158495936e-04
2.781709870987098682e-03,7.799664479510423545e-04
2.782009300930093128e-03,7.805051466257183169e-04
2.782308730873087575e-03,7.810463393903413270e-04
2.782608160816082022e-03,7.815867369953760982e-04
2.782907590759076035e-03,7.821230501912866933e-04
2.783207020702070482e-03,7.826519897285394520e-04
2.783506450645064929e-03,7.831702663575984373e-04
2.783805880588058942e-03,7.836745908289273867e-04
2.784105310531052955e-03,7.841616738929919894e-04
2.784404740474047402e-03,7.846282263002578262e-04
2.784704170417041848e-03,7.850709588011885263e-04
2.785003600360036295e-03,7.854865821462491283e-04
2.785303030303030308e-03,7.858718070859038035e-04
2.785602460246024755e-03,7.862233443706183496e-04
2.785901890189019202e-03,7.865379047508568294e-04
2.786201320132013649e-03,7.868121989770842815e-04
2.786500750075007662e-03,7.870429377997648773e-04
2.786800180018002109e-03,7.872268319693643060e-04
2.787099609960996122e-03,7.873626713645314606e-04
2.787399039903990568e-03,7.874757171216921524e-04
2.787698469846984582e-03,7.875754924361364579e-04
2.787997899789979028e-03,7.876635102463387487e-04
2.788297329732973475e-03,7.877412834907722037e-04
2.788596759675967922e-03,7.878103251079108691e-04
2.788896189618961935e-03,7.878721480362284660e-04
2.789195619561956382e-03,7.879282652141987153e-04
2.789495049504950829e-03,7.879801895802954464e-04
2.789794479447945275e-03,7.880294340729924888e-04
2.790093909390939288e-03,7.880775116307632382e-04
2.790393339333933735e-03,7.881259351920820661e-04
2.790692769276927748e-03,7.881762176954222598e-04
2.790992199219922195e-03,7.882298720792577573e-04
2.791291629162916208e-03,7.882884112820622794e-04
2.791591059105910655e-03,7.883533482423097640e-04
2.791890489048905102e-03,7.884261958984738238e-04
2.792189918991899548e-03,7.885084671890281796e-04
2.792489348934893562e-03,7.886016750524465525e-04
2.792788778877888008e-03,7.887073324272028804e-04
2.793088208820882455e-03,7.888300677042246268e-04
2.793387638763876902e-03,7.890191697372785562e-04
2.793687068706870915e-03,7.892840220710197223e-04
2.793986498649865362e-03,7.896152408167040563e-04
2.794285928592859375e-03,7.900034420855865137e-04
2.794585358535853822e-03,7.904392419889233511e-04
2.794884788478847835e-03,7.909132566379688733e-04
2.795184218421842282e-03,7.914161021439795538e-04
2.795483648364836728e-03,7.919383946182105647e-04
2.795783078307831175e-03,7.924707501719170785e-04
2.796082508250825188e-03,7.930037849163538337e-04
2.796381938193819635e-03,7.935281149627777374e-04
2.796681368136814082e-03,7.940343564224433114e-04
2.796980798079808095e-03,7.945131254066055112e-04
2.797280228022802542e-03,7.949550380265210268e-04
2.797579657965796555e-03,7.953507103934440549e-04
2.797879087908791002e-03,7.956907586186310688e-04
2.798178517851785015e-03,7.959657988133365903e-04
2.798477947794779461e-03,7.961664470888169844e-04
2.798777377737773908e-03,7.962833195563269895e-04
2.799076807680768355e-03,7.962937823173466467e-04
2.799376237623762368e-03,7.959260833137067051e-04
2.799675667566756815e-03,7.951140792211938181e-04
2.799975097509751262e-03,7.939084751831695756e-04
2.800274527452745708e-03,7.923599763429953506e-04
2.800573957395739721e-03,7.905192878440353349e-04
2.800873387338734168e-03,7.884371148296454804e-04
2.801172817281728181e-03,7.861641624431931234e-04
2.801472247224722628e-03,7.837511358280328062e-04
2.801771677167716641e-03,7.812487401275329492e-04
2.802071107110711088e-03,7.787076804850474442e-04
2.802370537053705535e-03,7.761786620439414591e-04
2.802669966996699982e-03,7.737123899475760415e-04
2.802969396939693995e-03,7.713595693393160337e-04
2.803268826882688441e-03,7.691709053625159784e-04
2.803568256825682888e-03,7.671971031605406095e-04
2.803867686768677335e-03,7.654888678767515168e-04
2.804167116711671348e-03,7.640969046545115911e-04
2.804466546654665795e-03,7.630719186371783024e-04
2.804765976597659808e-03,7.624646149681156256e-04
2.805065406540654255e-03,7.623395386844590256e-04
2.805364836483648268e-03,7.630967808912427278e-04
2.805664266426642715e-03,7.648200847152173028e-04
2.805963696369637161e-03,7.673996779266256327e-04
2.806263126312631608e-03,7.707257882957103826e-04
2.806562556255625621e-03,7.746886435927083630e-04
2.806861986198620068e-03,7.791784715878740568e-04
2.807161416141614515e-03,7.840855000514449251e-04
2.807460846084608962e-03,7.892999567536641749e-04
2.807760276027602975e-03,7.947120694647664485e-04
2.808059705970596988e-03,8.002120659550028678e-04
2.808359135913591435e-03,8.056901739946241208e-04
2.808658565856585881e-03,8.110366213538656088e-04
2.808957995799579895e-03,8.161416358029627326e-04
2.809257425742574341e-03,8.208954451121736615e-04
2.809556855685568788e-03,8.251882770517334712e-04
2.809856285628563235e-03,8.289103593918849353e-04
2.810155715571557248e-03,8.319519199028672495e-04
2.810455145514551695e-03,8.342031863549322947e-04
2.810754575457546141e-03,8.355543865183180739e-04
2.811054005400540155e-03,8.359055033901419216e-04
2.811353435343534601e-03,8.355723628129091939e-04
2.811652865286528614e-03,8.347883462588142007e-04
2.811952295229523061e-03,8.336032354465511794e-04
2.812251725172517508e-03,8.320668120948177286e-04
2.812551155115511521e-03,8.302288579223129645e-04
2.812850585058505968e-03,8.281391546477279804e-04
2.813150015001500415e-03,8.258474839897621093e-04
2.813449444944494861e-03,8.234036276671115404e-04
2.813748874887488875e-03,8.208573673984766910e-04
2.814048304830483321e-03,8.182584849025467027e-04
2.814347734773477768e-03,8.156567618980215591e-04
2.814647164716471781e-03,8.131019801036016778e-04
2.814946594659466228e-03,8.106439212379760919e-04
2.815246024602460241e-03,8.083323670198480377e-04
2.815545454545454688e-03,8.062170991679077411e-04
2.815844884488449135e-03,8.043478994008547520e-04
2.816144314431443148e-03,8.027745494373879701e-04
2.816443744374437595e-03,8.015468309961991389e-04
2.816743174317432041e-03,8.007145257959872664e-04
2.817042604260426488e-03,8.003227660067862258e-04
2.817342034203420501e-03,8.001241047730777312e-04
2.817641464146414948e-03,7.999529398683949584e-04
2.817940894089409395e-03,7.998061404360866074e-04
2.818240324032403408e-03,7.996805756195013784e-04
2.818539753975397421e-03,7.995731145619876462e-04
2.818839183918391868e-03,7.994806264068936774e-04
2.819138613861386315e-03,7.993999802975681719e-04
2.819438043804380328e-03,7.993280453773599385e-04
2.819737473747374774e-03,7.992616907896172435e-04
2.820036903690369221e-03,7.991977856776886786e-04
2.820336333633363668e-03,7.991331991849227271e-04
2.820635763576357681e-03,7.990648004546680892e-04
2.820935193519352128e-03,7.989894586302731397e-04
2.821234623462346575e-03,7.989040428550864704e-04
2.821534053405341021e-03,7.988054222724564560e-04
2.821833483348335034e-03,7.986904660257320137e-04
2.822132913291329048e-03,7.985560432582615182e-04
2.822432343234323494e-03,7.983990231133930192e-04
2.822731773177317941e-03,7.982162747344754335e-04
2.823031203120311954e-03,7.980000271250930685e-04
2.823330633063306401e-03,7.972589857749989720e-04
2.823630063006300848e-03,7.957277253043261271e-04
2.823929492949295295e-03,7.934961393052215265e-04
2.824228922892289308e-03,7.906541213698374754e-04
2.824528352835283754e-03,7.872915650903122928e-04
2.824827782778278201e-03,7.834983640587970914e-04
2.825127212721272214e-03,7.793644118674450437e-04
2.825426642664266661e-03,7.749796021083915415e-04
2.825726072607260674e-03,7.704338283737959371e-04
2.826025502550255121e-03,7.658169842557922130e-04
2.826324932493249568e-03,7.612189633465341922e-04
2.826624362436243581e-03,7.567296592381752640e-04
2.826923792379238028e-03,7.524389655228495193e-04
2.827223222322232474e-03,7.484367757927107810e-04
2.827522652265226921e-03,7.448129836399060419e-04
2.827822082208220934e-03,7.416574826565870649e-04
2.828121512151215381e-03,7.390601664348914104e-04
2.828420942094209828e-03,7.371109285669714918e-04
2.828720372037203841e-03,7.358996626449754944e-04
2.829019801980198288e-03,7.355157279448346812e-04
2.829319231923192301e-03,7.358820404062302138e-04
2.829618661866186748e-03,7.368478871167107123e-04
2.829918091809181194e-03,7.383463027510841527e-04
2.830217521752175208e-03,7.403103219841560174e-04
2.830516951695169654e-03,7.426729794907404626e-04
2.830816381638164101e-03,7.453673099456435127e-04
2.831115811581158548e-03,7.483263480236733607e-04
2.831415241524152561e-03,7.514831283996337543e-04
2.831714671467147008e-03,7.547706857483424273e-04
2.832014101410141454e-03,7.581220547446032359e-04
2.832313531353135468e-03,7.614702700632198194e-04
2.832612961296129481e-03,7.647483663790056833e-04
2.832912391239123927e-03,7.678893783667741163e-04
2.833211821182118374e-03,7.708263407013283240e-04
2.833511251125112821e-03,7.734922880574771498e-04
2.833810681068106834e-03,7.758202551100256425e-04
2.834110111011101281e-03,7.777432765337890424e-04
2.834409540954095728e-03,7.791943870035721812e-04
2.834708970897090174e-03,7.801066211941835773e-04
2.835008400840084188e-03,7.804131536936566348e-04
2.835307830783078634e-03,7.802518187085060808e-04
2.835607260726072647e-03,7.798065904734039714e-04
2.835906690669067094e-03,7.791090443213984909e-04
2.836206120612061107e-03,7.781907555855409678e-04
2.836505550555055554e-03,7.770832995988780686e-04
2.836804980498050001e-03,7.758182516944604713e-04
2.837104410441044448e-03,7.744271872053377697e-04
2.837403840384038461e-03,7.729416814645614009e-04
2.837703270327032908e-03,7.713933098051765132e-04
2.838002700270027354e-03,7.698136475602345439e-04
2.838302130213021801e-03,7.682342700627851949e-04
2.838601560156015814e-03,7.666867526458799034e-04
2.838900990099010261e-03,7.652026706425637094e-04
2.839200420042004274e-03,7.638135993858901100e-04
2.839499849984998721e-03,7.625511142089044705e-04
2.839799279927992734e-03,7.614467904446599626e-04
2.840098709870987181e-03,7.605322034262026023e-04
2.840398139813981628e-03,7.598389284865838264e-04
2.840697569756976074e-03,7.593985409588527953e-04
2.840996999699970087e-03,7.592426161760589941e-04
2.841296429642964534e-03,7.596175749990371822e-04
2.841595859585958981e-03,7.607055938779163284e-04
2.841895289528953428e-03,7.624277201160688635e-04
2.842194719471947441e-03,7.647049771573255971e-04
2.842494149414941888e-03,7.674583884455272054e-04
2.842793579357935901e-03,7.706089774245007034e-04
2.843093009300929914e-03,7.740777675380842732e-04
2.843392439243924361e-03,7.777857822301183742e-04
2.843691869186918807e-03,7.816540449444321897e-04
2.843991299129913254e-03,7.856035791248604325e-04
2.844290729072907267e-03,7.895554082152316357e-04
2.844590159015901714e-03,7.934305556593916793e-04
2.844889588958896161e-03,7.971500449011693131e-04
2.845189018901890608e-03,8.006348993843989247e-04
2.845488448844884621e-03,8.038061425529104565e-04
2.845787878787879067e-03,8.065847978505475118e-04
2.846087308730873081e-03,8.088918887211369972e-04
2.846386738673867527e-03,8.106484386085195887e-04
2.846686168616861540e-03,8.117754709565252287e-04
2.846985598559855987e-03,8.121940092089913405e-04
2.847285028502850434e-03,8.120663975157915108e-04
2.847584458445844881e-03,8.116730847638923630e-04
2.847883888388838894e-03,8.110438857095828317e-04
2.848183318331833341e-03,8.102080407614821672e-04
2.848482748274827787e-03,8.091947903282116798e-04
2.848782178217822234e-03,8.080333748183924627e-04
2.849081608160816247e-03,8.067530346406473441e-04
2.849381038103810694e-03,8.053830102035932975e-04
2.849680468046804707e-03,8.039525419158551024e-04
2.849979897989799154e-03,8.024908701860496239e-04
2.850279327932793167e-03,8.010272354228017500e-04
2.850578757875787614e-03,7.995908780347280205e-04
2.850878187818782061e-03,7.982110384304516972e-04
2.851177617761776507e-03,7.969169570185933313e-04
2.851477047704770520e-03,7.957378742077756426e-04
2.851776477647764967e-03,7.947030304066159297e-04
2.852075907590759414e-03,7.938416660237369122e-04
2.852375337533753861e-03,7.931830214677596837e-04
2.852674767476747874e-03,7.927563371473051205e-04
2.852974197419742321e-03,7.925908534709931235e-04
2.853273627362736334e-03,7.926224346703446277e-04
2.853573057305730781e-03,7.927281276126625469e-04
2.853872487248724794e-03,7.928990947724099845e-04
2.854171917191719240e-03,7.931272827846478279e-04
2.854471347134713687e-03,7.934046382844365305e-04
2.854770777077708134e-03,7.937231079068367626e-04
2.855070207020702147e-03,7.940746382869084356e-04
2.855369636963696594e-03,7.944511760597133040e-04
2.855669066906691041e-03,7.948446678603114960e-04
2.855968496849685487e-03,7.952470603237634652e-04
2.856267926792679501e-03,7.956503000851293398e-04
2.856567356735673514e-03,7.960463337794703321e-04
2.856866786678667960e-03,7.964271080418474378e-04
2.857166216621662407e-03,7.967845695073208934e-04
2.857465646564656420e-03,7.971106648109508273e-04
2.857765076507650867e-03,7.973973405877986687e-04
2.858064506450645314e-03,7.976365434729244374e-04
2.858363936393639761e-03,7.978202201013890205e-04
2.858663366336633774e-03,7.979403171082527632e-04
2.858962796279628221e-03,7.979887811285764441e-04
2.859262226222622667e-03,7.979823678582225388e-04
2.859561656165616680e-03,7.979573241705814005e-04
2.859861086108611127e-03,7.979144518331733518e-04
2.860160516051605140e-03,7.978540747882600795e-04
2.860459945994599587e-03,7.977765169781027288e-04
2.860759375937594034e-03,7.976821023449629866e-04
2.861058805880588047e-03,7.975711548311026486e-04
2.861358235823582494e-03,7.974439983787825342e-04
2.861657665766576941e-03,7.973009569302646560e-04
2.861957095709571387e-03,7.971423544278103757e-04
2.862256525652565400e-03,7.969685148136814888e-04
2.862555955595559847e-03,7.967797620301388150e-04
2.862855385538554294e-03,7.965764200194442582e-04
2.863154815481548307e-03,7.963588127238596139e-04
2.863454245424542754e-03,7.961272640856458102e-04
2.863753675367536767e-03,7.958820980470647510e-04
2.864053105310531214e-03,7.956236385503774730e-04
2.864352535253525660e-03,7.953522095378458799e-04
2.864651965196519674e-03,7.950681349517316589e-04
2.864951395139514120e-03,7.947717387342955212e-04
2.865250825082508567e-03,7.942545857079220386e-04
2.865550255025502580e-03,7.931743531871617058e-04
2.865849684968497027e-03,7.915867903162193079e-04
2.866149114911491474e-03,7.895557643336982741e-04
2.866448544854485921e-03,7.871451424782012745e-04
2.866747974797479934e-03,7.844187919883345572e-04
2.867047404740473947e-03,7.814405801026975398e-04
2.867346834683468394e-03,7.782743740598873630e-04
2.867646264626462840e-03,7.749840410985106001e-04
2.867945694569456853e-03,7.716334484571749086e-04
2.868245124512451300e-03,7.682864633744726588e-04
2.868544554455445747e-03,7.650069530890110745e-04
2.868843984398440194e-03,7.618587848393929343e-04
2.869143414341434207e-03,7.589058258642248115e-04
2.869442844284428654e-03,7.562119434021000522e-04
2.869742274227423100e-03,7.538410046916259885e-04
2.870041704170417114e-03,7.518568769714075676e-04
2.870341134113411560e-03,7.503234274800412796e-04
2.870640564056405573e-03,7.493045234561339146e-04
2.870939993999400020e-03,7.488640321382851071e-04
2.871239423942394467e-03,7.490335105397833782e-04
2.871538853885388480e-03,7.497440178641020126e-04
2.871838283828382927e-03,7.509357917508649493e-04
2.872137713771377374e-03,7.525502799595107026e-04
2.872437143714371820e-03,7.545289302494787628e-04
2.872736573657365833e-03,7.568131903802048253e-04
2.873036003600360280e-03,7.593445081111353193e-04
2.873335433543354727e-03,7.620643312017060488e-04
2.873634863486348740e-03,7.649141074113527091e-04
2.873934293429343187e-03,7.678352844995225968e-04
2.874233723372337200e-03,7.707693102256469621e-04
2.874533153315331647e-03,7.736576323491737520e-04
2.874832583258326094e-03,7.764416986295380116e-04
2.875132013201320107e-03,7.790629568261755447e-04
2.875431443144314553e-03,7.814628546985334309e-04
2.875730873087309000e-03,7.835828400060469321e-04
2.876030303030303447e-03,7.853643605081555385e-04
2.876329732973297460e-03,7.867488639642968972e-04
2.876629162916291907e-03,7.876777981339146183e-04
2.876928592859286354e-03,7.880926107764453731e-04
2.877228022802280367e-03,7.880941317571788776e-04
2.877527452745274380e-03,7.880301281995354080e-04
2.877826882688268827e-03,7.879183166349208386e-04
2.878126312631263273e-03,7.877613635963509392e-04
2.878425742574257720e-03,7.875619356168408287e-04
2.878725172517251733e-03,7.873226992294063854e-04
2.879024602460246180e-03,7.870463209670621862e-04
2.879324032403240627e-03,7.867354673628236756e-04
2.879623462346235074e-03,7.863928049497065148e-04
2.879922892289229087e-03,7.860210002607264735e-04
2.880222322232223534e-03,7.856227198288978034e-04
2.880521752175217980e-03,7.852006301872361659e-04
2.880821182118211993e-03,7.847573978687578727e-04
2.881120612061206007e-03,7.842956894064773924e-04
2.881420042004200453e-03,7.838181713334095189e-04
2.881719471947194900e-03,7.833275101825701303e-04
2.882018901890189347e-03,7.828263724869746710e-04
2.882318331833183360e-03,7.823174247796391275e-04
2.882617761776177807e-03,7.818033335935773180e-04
2.882917191719172254e-03,7.812867654618054457e-04
2.883216621662166700e-03,7.807195053360991687e-04
2.883516051605160713e-03,7.799778507081964359e-04
2.883815481548155160e-03,7.790764773355309848e-04
2.884114911491149173e-03,7.780377474357219082e-04
2.884414341434143620e-03,7.768840232263834198e-04
2.884713771377137633e-03,7.756376669251353710e-04
2.885013201320132080e-03,7.743210407495911083e-04
2.885312631263126527e-03,7.729565069173691821e-04
2.885612061206120973e-03,7.715664276460865167e-04
2.885911491149114987e-03,7.701731651533617710e-04
2.886210921092109433e-03,7.687990816568079661e-04
2.886510351035103880e-03,7.674665393740438693e-04
2.886809780978098327e-03,7.661979005226861881e-04
2.887109210921092340e-03,7.650155273203536896e-04
2.887408640864086787e-03,7.639417819846596120e-04
2.887708070807080800e-03,7.629990267332241319e-04
2.888007500750075247e-03,7.622096237836609211e-04
2.888306930693069260e-03,7.615959353535891804e-04
2.888606360636063707e-03,7.611803236606242079e-04
2.888905790579058153e-03,7.609851509223835783e-04
2.889205220522052166e-03,7.609899933181207918e-04
2.889504650465046613e-03,7.610746861669637816e-04
2.889804080408041060e-03,7.612273171399223503e-04
2.890103510351035507e-03,7.614445669311027676e-04
2.890402940294029520e-03,7.617231162346111946e-04
2.890702370237023967e-03,7.620596457445547684e-04
2.891001800180018413e-03,7.624508361550396502e-04
2.891301230123012427e-03,7.628933681601715675e-04
2.891600660066006440e-03,7.633839224540576573e-04
2.891900090009000886e-03,7.639191797308050565e-04
2.892199519951995333e-03,7.644958206845196011e-04
2.892498949894989780e-03,7.651105260093076692e-04
2.892798379837983793e-03,7.657599763992748798e-04
2.893097809780978240e-03,7.664408525485295626e-04
2.893397239723972687e-03,7.671498351511772283e-04
2.893696669666967133e-03,7.678836049013243632e-04
2.893996099609961146e-03,7.686388424930760445e-04
2.894295529552955593e-03,7.694122286205414690e-04
2.894594959495949606e-03,7.702004439778244128e-04
2.894894389438944053e-03,7.710001692590336391e-04
2.895193819381938066e-03,7.718883147405410095e-04
2.895493249324932513e-03,7.731221616909599937e-04
2.895792679267926960e-03,7.746825538746578968e-04
2.896092109210921407e-03,7.765256746879769514e-04
2.896391539153915420e-03,7.786077075272555955e-04
2.896690969096909866e-03,7.808848357888419165e-04
2.896990399039904313e-03,7.833132428690750028e-04
2.897289828982898760e-03,7.858491121642966534e-04
2.897589258925892773e-03,7.884486270708451977e-04
2.897888688868887220e-03,7.910679709850699159e-04
2.898188118811881233e-03,7.936633273033054511e-04
2.898487548754875680e-03,7.961908794219010833e-04
2.898786978697869693e-03,7.986068107371918894e-04
2.899086408640864140e-03,8.008673046455264989e-04
2.899385838583858586e-03,8.029285445432433497e-04
2.899685268526853033e-03,8.047467138266843492e-04
2.899984698469847046e-03,8.062779958921894533e-04
2.900284128412841493e-03,8.074785741361050146e-04
2.900583558355835940e-03,8.083046319547706636e-04
2.900882988298830387e-03,8.087123527445279824e-04
2.901182418241824400e-03,8.087240211095330982e-04
2.901481848184818847e-03,8.085834350095460511e-04
2.901781278127812860e-03,8.083297796094888283e-04
2.902080708070807306e-03,8.079764998231545080e-04
2.902380138013801320e-03,8.075370405643376862e-04
2.902679567956795766e-03,8.070248467468308989e-04
2.902978997899790213e-03,8.064533632844283085e-04
2.903278427842784660e-03,8.058360350909235352e-04
2.903577857785778673e-03,8.051863070801113919e-04
2.903877287728773120e-03,8.045176241657835473e-04
2.904176717671767567e-03,8.038434312617345973e-04
2.904476147614762013e-03,8.031771732817583791e-04
2.904775577557756026e-03,8.025322951396494887e-04
2.905075007500750039e-03,8.019222417492003537e-04
2.905374437443744486e-03,8.013604580242040523e-04
2.905673867386738933e-03,8.008603888784551804e-04
2.905973297329732946e-03,8.004354792257477921e-04
2.906272727272727393e-03,8.000991739798746401e-04
2.906572157215721840e-03,7.998649180546298868e-04
2.906871587158716286e-03,7.997461563638071525e-04
2.907171017101710300e-03,7.997603447108403299e-04
2.907470447044704746e-03,7.999269405292503592e-04
2.907769876987699193e-03,8.002326543710874861e-04
2.908069306930693206e-03,8.006610184641552641e-04
2.908368736873687653e-03,8.011955650362597402e-04
2.908668166816681666e-03,8.018198263152037089e-04
2.908967596759676113e-03,8.025173345287935425e-04
2.909267026702670560e-03,8.032716219048329030e-04
2.909566456645664573e-03,8.040662206711253436e-04
2.909865886588659020e-03,8.048846630554773451e-04
2.910165316531653466e-03,8.057104812856924611e-04
2.910464746474647479e-03,8.065272075895740279e-04
2.910764176417641926e-03,8.073183741949289602e-04
2.911063606360636373e-03,8.080675133295604860e-04
2.911363036303630820e-03,8.087581572212732429e-04
2.911662466246624833e-03,8.093738380978706759e-04
2.911961896189619280e-03,8.098980881871593743e-04
2.912261326132613293e-03,8.103144397169422409e-04
2.912560756075607740e-03,8.106064249150248891e-04
2.912860186018601753e-03,8.107575760092113060e-04
2.913159615961596199e-03,8.107053772189758882e-04
2.913459045904590646e-03,8.102148987163161750e-04
2.913758475847585093e-03,8.092940196881598554e-04
2.914057905790579106e-03,8.079882009588081233e-04
2.914357335733573553e-03,8.063429033525564265e-04
2.914656765676568000e-03,8.044035876937056335e-04
2.914956195619562446e-03,8.022157148065547699e-04
2.915255625562556459e-03,7.998247455154066559e-04
2.915555055505550473e-03,7.972761406445571727e-04
2.915854485448544919e-03,7.946153610183016597e-04
2.916153915391539366e-03,7.918878674609426118e-04
2.916453345334533379e-03,7.891391207967831745e-04
2.916752775277527826e-03,7.864145818501145670e-04
2.917052205220522273e-03,7.837597114452400432e-04
2.917351635163516720e-03,7.812199704064585202e-04
2.917651065106510733e-03,7.788408195580728182e-04
2.917950495049505179e-03,7.766677197243749154e-04
2.918249924992499626e-03,7.747461317296675237e-04
2.918549354935493639e-03,7.731215163982520537e-04
2.918848784878488086e-03,7.718393345544227605e-04
2.919148214821482099e-03,7.708945216332250541e-04
2.919447644764476546e-03,7.700077573350932536e-04
2.919747074707470993e-03,7.691321422240705820e-04
2.920046504650465006e-03,7.682716030798360197e-04
2.920345934593459453e-03,7.674300666820652950e-04
2.920645364536453899e-03,7.666114598104378222e-04
2.920944794479448346e-03,7.658197092446316061e-04
2.921244224422442359e-03,7.650587417643257360e-04
2.921543654365436806e-03,7.643324841491962651e-04
2.921843084308431253e-03,7.636448631789221741e-04
2.922142514251425266e-03,7.629998056331827689e-04
2.922441944194419713e-03,7.624012382916537777e-04
2.922741374137413726e-03,7.618530879340154821e-04
2.923040804080408173e-03,7.613592813399440440e-04
2.923340234023402619e-03,7.609237452891186608e-04
2.923639663966396633e-03,7.605504065612176626e-04
2.923939093909391079e-03,7.602431919359181871e-04
2.924238523852385526e-03,7.600060281928988897e-04
2.924537953795379973e-03,7.598428421118377752e-04
2.924837383738373986e-03,7.597575604724130655e-04
2.925136813681368433e-03,7.598098821341200525e-04
2.925436243624362880e-03,7.603798827946945966e-04
2.925735673567356893e-03,7.614869101325532188e-04
2.926035103510350906e-03,7.630682429512152367e-04
2.926334533453345352e-03,7.650611600542032206e-04
2.926633963396339799e-03,7.674029402450336691e-04
2.926933393339334246e-03,7.700308623272256832e-04
2.927232823282328259e-03,7.728822051042937014e-04
2.927532253225322706e-03,7.758942473797647392e-04
2.927831683168317153e-03,7.790042679571537775e-04
2.928131113111311599e-03,7.821495456399795917e-04
2.928430543054305613e-03,7.852673592317564039e-04
2.928729972997300059e-03,7.882949875360122051e-04
2.929029402940294072e-03,7.911697093562573141e-04
2.929328832883288519e-03,7.938288034960188548e-04
2.929628262826282532e-03,7.962095487588082303e-04
2.929927692769276979e-03,7.982492239481510463e-04
2.930227122712271426e-03,7.998851078675625007e-04
2.930526552655265873e-03,8.010544793205613689e-04
2.930825982598259886e-03,8.016946171106661013e-04
2.931125412541254333e-03,8.017174583120668680e-04
2.931424842484248779e-03,8.008979911311780650e-04
2.931724272427243226e-03,7.992723555432634103e-04
2.932023702370237239e-03,7.969342898764418710e-04
2.932323132313231686e-03,7.939775324588216809e-04
2.932622562256225699e-03,7.904958216185263608e-04
2.932921992199220146e-03,7.865828956836606748e-04
2.933221422142214159e-03,7.823324929823510712e-04
2.933520852085208606e-03,7.778383518427001457e-04
2.933820282028203053e-03,7.731942105928289255e-04
2.934119711971197066e-03,7.684938075608594137e-04
2.934419141914191512e-03,7.638308810748932302e-04
2.934718571857185959e-03,7.592991694630519444e-04
2.935018001800180406e-03,7.549924110534509455e-04
2.935317431743174419e-03,7.510043441742108271e-04
2.935616861686168866e-03,7.474287071534351607e-04
2.935916291629163313e-03,7.443592383192449737e-04
2.936215721572157326e-03,7.418896759997586909e-04
2.936515151515151339e-03,7.401137585230860641e-04
2.936814581458145786e-03,7.391252242173411814e-04
2.937114011401140232e-03,7.390477043108334507e-04
2.937413441344134679e-03,7.402047738113190067e-04
2.937712871287128692e-03,7.425524650541704677e-04
2.938012301230123139e-03,7.459529471034378068e-04
2.938311731173117586e-03,7.502683890231611310e-04
2.938611161116112033e-03,7.553609598773836911e-04
2.938910591059106046e-03,7.610928287301394141e-04
2.939210021002100492e-03,7.673261646454881393e-04
2.939509450945094939e-03,7.739231366874648778e-04
2.939808880888088952e-03,7.807459139201025806e-04
2.940108310831082965e-03,7.876566654074540399e-04
2.940407740774077412e-03,7.945175602135725896e-04
2.940707170717071859e-03,8.011907674024912893e-04
2.941006600660066306e-03,8.075384560382528479e-04
2.941306030603060319e-03,8.134227951848923849e-04
2.941605460546054766e-03,8.187059539064697397e-04
2.941904890489049212e-03,8.232501012670189475e-04
2.942204320432043659e-03,8.269174063305830425e-04
2.942503750375037672e-03,8.295700381612019147e-04
2.942803180318032119e-03,8.310701658229261877e-04
2.943102610261026132e-03,8.313035886898428916e-04
2.943402040204020579e-03,8.304959252727315850e-04
2.943701470147014592e-03,8.288173416601093057e-04
2.944000900090009039e-03,8.263682164586375403e-04
2.944300330033003486e-03,8.232489282749841722e-04
2.944599759975997932e-03,8.195598557158156753e-04
2.944899189918991946e-03,8.154013773878045950e-04
2.945198619861986392e-03,8.108738718976047201e-04
2.945498049804980839e-03,8.060777178518884877e-04
2.945797479747975286e-03,8.011132938573220464e-04
2.946096909690969299e-03,7.960809785205788091e-04
2.946396339633963746e-03,7.910811504483103961e-04
2.946695769576957759e-03,7.862141882471974843e-04
2.946995199519952206e-03,7.815804705238916942e-04
2.947294629462946219e-03,7.772803758850728353e-04
2.947594059405940665e-03,7.734142829373943711e-04
2.947893489348935112e-03,7.700825702875290640e-04
2.948192919291929559e-03,7.673856165421432795e-04
2.948492349234923572e-03,7.654238003079055514e-04
2.948791779177918019e-03,7.642975001914762822e-04
2.949091209120912466e-03,7.640623783563061690e-04
2.949390639063906912e-03,7.641034972163711836e-04
2.949690069006900926e-03,7.641934736620891854e-04
2.949989498949895372e-03,7.643296663061640043e-04
2.950288928892889385e-03,7.645094337612989279e-04
2.950588358835883832e-03,7.647301346401978945e-04
2.950887788778877845e-03,7.649891275555637579e-04
2.951187218721872292e-03,7.652837711201007816e-04
2.951486648664866739e-03,7.656114239465122533e-04
2.951786078607861186e-03,7.659694446475015690e-04
2.952085508550855199e-03,7.663551918357717997e-04
2.952384938493849646e-03,7.667660241240275339e-04
2.952684368436844092e-03,7.671993001249717342e-04
2.952983798379838539e-03,7.676523784513076881e-04
2.953283228322832552e-03,7.681226177157387917e-04
2.953582658265826565e-03,7.686073765309686581e-04
2.953882088208821012e-03,7.691040135097018757e-04
2.954181518151815459e-03,7.696098872646410819e-04
2.954480948094809472e-03,7.701223564084893475e-04
2.954780378037803919e-03,7.706387795539512611e-04
2.955079807980798366e-03,7.711590447520935178e-04
2.955379237923792812e-03,7.717299123599877676e-04
2.955678667866786825e-03,7.723674684539668473e-04
2.955978097809781272e-03,7.730686019604467857e-04
2.956277527752775719e-03,7.738302018058412259e-04
2.956576957695769732e-03,7.746491569165631606e-04
2.956876387638764179e-03,7.755223562190293775e-04
2.957175817581758192e-03,7.764466886396518934e-04
2.957475247524752639e-03,7.774190431048477127e-04
2.957774677467746652e-03,7.784363085410283102e-04
2.958074107410741099e-03,7.794953738746112325e-04
2.958373537353735545e-03,7.805931280320091469e-04
2.958672967296729992e-03,7.817264599396365641e-04
2.958972397239724005e-03,7.828922585239060433e-04
2.959271827182718452e-03,7.840874127112356729e-04
2.959571257125712899e-03,7.853088114280377952e-04
2.959870687068707346e-03,7.865533436007269208e-04
2.960170117011701359e-03,7.878178981557157172e-04
2.960469546954695805e-03,7.890993640194221646e-04
2.960768976897689819e-03,7.903946301182567620e-04
2.961068406840684265e-03,7.917078150340104434e-04
2.961367836783678278e-03,7.932150774502033696e-04
2.961667266726672725e-03,7.949668222699385854e-04
2.961966696669667172e-03,7.969278094333434939e-04
2.962266126612661619e-03,7.990627988805482085e-04
2.962565556555655632e-03,8.013365505516793731e-04
2.962864986498650079e-03,8.037138243868731727e-04
2.963164416441644525e-03,8.061593803262564681e-04
2.963463846384638972e-03,8.086379783099590475e-04
2.963763276327632985e-03,8.111143782781072295e-04
2.964062706270626998e-03,8.135533401708345972e-04
2.964362136213621445e-03,8.159196239282744080e-04
2.964661566156615892e-03,8.181779894905530891e-04
2.964960996099609905e-03,8.202931967977975013e-04
2.965260426042604352e-03,8.222300057901438296e-04
2.965559855985598799e-03,8.239531764077183927e-04
2.965859285928593245e-03,8.254274685906514124e-04
2.966158715871587259e-03,8.266176422790710507e-04
2.966458145814581705e-03,8.274884574131107819e-04
2.966757575757576152e-03,8.280046739328985510e-04
2.967057005700570165e-03,8.281056615486776960e-04
2.967356435643564612e-03,8.268912455811011988e-04
2.967655865586558625e-03,8.240613846568851843e-04
2.967955295529553072e-03,8.197990561981904857e-04
2.968254725472547519e-03,8.142872376271892117e-04
2.968554155415541532e-03,8.077089063660607355e-04
2.968853585358535978e-03,8.002470398369548312e-04
2.969153015301530425e-03,7.920846154620495710e-04
2.969452445244524872e-03,7.834046106635139195e-04
2.969751875187518885e-03,7.743900028635302855e-04
2.970051305130513332e-03,7.652237694842416128e-04
2.970350735073507779e-03,7.560888879478297681e-04
2.970650165016501792e-03,7.471683356764764012e-04
2.970949594959496239e-03,7.386450900923249982e-04
2.971249024902490252e-03,7.307021286175684844e-04
2.971548454845484698e-03,7.235224286743528396e-04
2.971847884788479145e-03,7.172889676848591715e-04
2.972147314731473158e-03,7.121847230712631668e-04
2.972446744674467605e-03,7.083926722557189366e-04
2.972746174617462052e-03,7.060957926604036856e-04
2.973045604560456499e-03,7.054709821448807566e-04
2.973345034503450512e-03,7.063016938785318883e-04
2.973644464446444959e-03,7.083050921185165931e-04
2.973943894389439405e-03,7.113489199845857928e-04
2.974243324332433418e-03,7.153009205964843374e-04
2.974542754275427432e-03,7.200288370739678107e-04
2.974842184218421878e-03,7.254004125367961332e-04
2.975141614161416325e-03,7.312833901047142635e-04
2.975441044104410772e-03,7.375455128974735567e-04
2.975740474047404785e-03,7.440545240348155022e-04
2.976039903990399232e-03,7.506781666365105370e-04
2.976339333933393679e-03,7.572841838223004756e-04
2.976638763876388125e-03,7.637403187119366733e-04
2.976938193819382138e-03,7.699143144251618118e-04
2.977237623762376585e-03,7.756739140817449189e-04
2.977537053705370598e-03,7.808868608014210870e-04
2.977836483648365045e-03,7.854208977039568501e-04
2.978135913591359058e-03,7.891437679090907700e-04
2.978435343534353505e-03,7.919232145365849357e-04
2.978734773477347952e-03,7.936269807061846308e-04
2.979034203420341965e-03,7.941298607271956526e-04
2.979333633363336412e-03,7.939810821876433283e-04
2.979633063306330858e-03,7.936056783233554545e-04
2.979932493249325305e-03,7.930247438586497276e-04
2.980231923192319318e-03,7.922593735178451446e-04
2.980531353135313765e-03,7.913306620252567999e-04
2.980830783078308212e-03,7.902597041052037991e-04
2.981130213021302225e-03,7.890675944820052480e-04
2.981429642964296672e-03,7.877754278799756985e-04
2.981729072907290685e-03,7.864042990234360996e-04
2.982028502850285132e-03,7.849753026367004612e-04
2.982327932793279578e-03,7.835095334440883227e-04
2.982627362736273591e-03,7.820280861699194404e-04
2.982926792679268038e-03,7.805520555385071736e-04
2.983226222622262485e-03,7.791025362741714954e-04
2.983525652565256932e-03,7.777006231012299937e-04
2.983825082508250945e-03,7.763674107440019911e-04
2.984124512451245392e-03,7.751239939268016058e-04
2.984423942394239838e-03,7.739914673739483773e-04
2.984723372337233852e-03,7.729909258097614113e-04
2.985022802280227865e-03,7.721431612522400593e-04
2.985322232223222311e-03,7.714041666320617212e-04
2.985621662166216758e-03,7.707257821297674094e-04
2.985921092109211205e-03,7.701003019419147382e-04
2.986220522052205218e-03,7.695200202650625144e-04
2.986519951995199665e-03,7.689772312957668344e-04
2.986819381938194112e-03,7.684642292305863967e-04
2.987118811881188558e-03,7.679733082660789240e-04
2.987418241824182571e-03,7.674967625988031146e-04
2.987717671767177018e-03,7.670268864253152819e-04
2.988017101710171031e-03,7.665559739421746663e-04
2.988316531653165478e-03,7.660763193459377979e-04
2.988615961596159491e-03,7.655802168331638088e-04
2.988915391539153938e-03,7.650599606004091207e-04
2.989214821482148385e-03,7.645078448442323236e-04
2.989514251425142832e-03,7.639161637611911401e-04
2.989813681368136845e-03,7.632772115478444856e-04
2.990113111311131291e-03,7.625832824007482396e-04
2.990412541254125738e-03,7.618266705164613174e-04
2.990711971197120185e-03,7.609996700915411163e-04
2.991011401140114198e-03,7.600945162057594568e-04
2.991310831083108645e-03,7.590623179596232752e-04
2.991610261026102658e-03,7.578697794400257506e-04
2.991909690969097105e-03,7.565235481921576228e-04
2.992209120912091118e-03,7.550302717612166793e-04
2.992508550855085565e-03,7.533965976923927927e-04
2.992807980798080011e-03,7.516291735308822325e-04
2.993107410741074458e-03,7.497346468218788829e-04
2.993406840684068471e-03,7.477196651105798807e-04
2.993706270627062918e-03,7.455908759421735806e-04
2.994005700570057365e-03,7.433549268618566859e-04
2.994305130513051812e-03,7.410184654148236228e-04
2.994604560456045825e-03,7.385881391462716366e-04
2.994903990399040272e-03,7.360705956013879978e-04
2.995203420342034285e-03,7.334724823253740717e-04
2.995502850285028731e-03,7.308004468634165867e-04
2.995802280228022745e-03,7.280611367607167997e-04
2.996101710171017191e-03,7.252611995624615475e-04
2.996401140114011638e-03,7.224072828138482921e-04
2.996700570057006085e-03,7.195060340600713516e-04
2.997000000000000098e-03,7.165641008463290553e-04
